timestamp,condition_id,market_slug,outcome,price,volume_24h
2026-08-22T00:00:00Z,0x180f3446ab3b67,will-russia-capture-kostyantynivka-by-august-15,NO,0.989,23433.00
2026-08-22T00:15:00Z,0x180f3446ab3b67,will-russia-capture-kostyantynivka-by-august-15,NO,0.991,23550.00
2026-08-22T00:30:00Z,0x180f3446ab3b67,will-russia-capture-kostyantynivka-by-august-15,NO,0.992,23800.00
2026-08-22T00:00:00Z,0x89abf7710c22aa,gpt-6-released-by-august-21-2026,NO,0.977,128566.00
2026-08-22T00:15:00Z,0x89abf7710c22aa,gpt-6-released-by-august-21-2026,NO,0.979,129100.00
2026-08-22T00:30:00Z,0x89abf7710c22aa,gpt-6-released-by-august-21-2026,NO,0.981,130200.00
2026-08-22T01:15:00Z,0xsample000001,sample-prediction-market-1,YES,0.510,1012.50
2026-08-22T02:30:00Z,0xsample000002,sample-prediction-market-2,YES,0.520,1025.00
2026-08-22T03:45:00Z,0xsample000003,sample-prediction-market-3,YES,0.530,1037.50
2026-08-22T04:00:00Z,0xsample000004,sample-prediction-market-4,YES,0.540,1050.00
2026-08-22T05:15:00Z,0xsample000005,sample-prediction-market-5,YES,0.550,1062.50
2026-08-22T06:30:00Z,0xsample000006,sample-prediction-market-6,YES,0.560,1075.00
2026-08-22T07:45:00Z,0xsample000007,sample-prediction-market-7,YES,0.570,1087.50
2026-08-22T08:00:00Z,0xsample000008,sample-prediction-market-8,YES,0.580,1100.00
2026-08-22T09:15:00Z,0xsample000009,sample-prediction-market-9,YES,0.590,1112.50
2026-08-22T10:30:00Z,0xsample000010,sample-prediction-market-10,YES,0.600,1125.00
2026-08-22T11:45:00Z,0xsample000011,sample-prediction-market-11,YES,0.610,1137.50
2026-08-22T12:00:00Z,0xsample000012,sample-prediction-market-12,YES,0.620,1150.00
2026-08-22T13:15:00Z,0xsample000013,sample-prediction-market-13,YES,0.630,1162.50
2026-08-22T14:30:00Z,0xsample000014,sample-prediction-market-14,YES,0.640,1175.00
2026-08-22T15:45:00Z,0xsample000015,sample-prediction-market-15,YES,0.650,1187.50
2026-08-22T16:00:00Z,0xsample000016,sample-prediction-market-16,YES,0.660,1200.00
2026-08-22T17:15:00Z,0xsample000017,sample-prediction-market-17,YES,0.670,1212.50
2026-08-22T18:30:00Z,0xsample000018,sample-prediction-market-18,YES,0.680,1225.00
2026-08-22T19:45:00Z,0xsample000019,sample-prediction-market-19,YES,0.690,1237.50
2026-08-22T20:00:00Z,0xsample000020,sample-prediction-market-20,YES,0.700,1250.00
2026-08-22T21:15:00Z,0xsample000021,sample-prediction-market-21,YES,0.710,1262.50
2026-08-22T22:30:00Z,0xsample000022,sample-prediction-market-22,YES,0.720,1275.00
2026-08-22T23:45:00Z,0xsample000023,sample-prediction-market-23,YES,0.730,1287.50
2026-08-22T00:00:00Z,0xsample000024,sample-prediction-market-24,YES,0.740,1300.00
2026-08-22T01:15:00Z,0xsample000025,sample-prediction-market-25,YES,0.750,1312.50
2026-08-22T02:30:00Z,0xsample000026,sample-prediction-market-26,YES,0.760,1325.00
2026-08-22T03:45:00Z,0xsample000027,sample-prediction-market-27,YES,0.770,1337.50
2026-08-22T04:00:00Z,0xsample000028,sample-prediction-market-28,YES,0.780,1350.00
2026-08-22T05:15:00Z,0xsample000029,sample-prediction-market-29,YES,0.790,1362.50
2026-08-22T06:30:00Z,0xsample000030,sample-prediction-market-30,YES,0.800,1375.00
2026-08-22T07:45:00Z,0xsample000031,sample-prediction-market-31,YES,0.810,1387.50
2026-08-22T08:00:00Z,0xsample000032,sample-prediction-market-32,YES,0.820,1400.00
2026-08-22T09:15:00Z,0xsample000033,sample-prediction-market-33,YES,0.830,1412.50
2026-08-22T10:30:00Z,0xsample000034,sample-prediction-market-34,YES,0.840,1425.00
2026-08-22T11:45:00Z,0xsample000035,sample-prediction-market-35,YES,0.850,1437.50
2026-08-22T12:00:00Z,0xsample000036,sample-prediction-market-36,YES,0.860,1450.00
2026-08-22T13:15:00Z,0xsample000037,sample-prediction-market-37,YES,0.870,1462.50
2026-08-22T14:30:00Z,0xsample000038,sample-prediction-market-38,YES,0.880,1475.00
2026-08-22T15:45:00Z,0xsample000039,sample-prediction-market-39,YES,0.890,1487.50
2026-08-22T16:00:00Z,0xsample000040,sample-prediction-market-40,YES,0.500,1500.00
2026-08-22T17:15:00Z,0xsample000041,sample-prediction-market-41,YES,0.510,1512.50
2026-08-22T18:30:00Z,0xsample000042,sample-prediction-market-42,YES,0.520,1525.00
2026-08-22T19:45:00Z,0xsample000043,sample-prediction-market-43,YES,0.530,1537.50
2026-08-22T20:00:00Z,0xsample000044,sample-prediction-market-44,YES,0.540,1550.00
2026-08-22T21:15:00Z,0xsample000045,sample-prediction-market-45,YES,0.550,1562.50
2026-08-22T22:30:00Z,0xsample000046,sample-prediction-market-46,YES,0.560,1575.00
2026-08-22T23:45:00Z,0xsample000047,sample-prediction-market-47,YES,0.570,1587.50
2026-08-22T00:00:00Z,0xsample000048,sample-prediction-market-48,YES,0.580,1600.00
2026-08-22T01:15:00Z,0xsample000049,sample-prediction-market-49,YES,0.590,1612.50
2026-08-22T02:30:00Z,0xsample000050,sample-prediction-market-0,YES,0.600,1625.00
2026-08-22T03:45:00Z,0xsample000051,sample-prediction-market-1,YES,0.610,1637.50
2026-08-22T04:00:00Z,0xsample000052,sample-prediction-market-2,YES,0.620,1650.00
2026-08-22T05:15:00Z,0xsample000053,sample-prediction-market-3,YES,0.630,1662.50
2026-08-22T06:30:00Z,0xsample000054,sample-prediction-market-4,YES,0.640,1675.00
2026-08-22T07:45:00Z,0xsample000055,sample-prediction-market-5,YES,0.650,1687.50
2026-08-22T08:00:00Z,0xsample000056,sample-prediction-market-6,YES,0.660,1700.00
2026-08-22T09:15:00Z,0xsample000057,sample-prediction-market-7,YES,0.670,1712.50
2026-08-22T10:30:00Z,0xsample000058,sample-prediction-market-8,YES,0.680,1725.00
2026-08-22T11:45:00Z,0xsample000059,sample-prediction-market-9,YES,0.690,1737.50
2026-08-22T12:00:00Z,0xsample000060,sample-prediction-market-10,YES,0.700,1750.00
2026-08-22T13:15:00Z,0xsample000061,sample-prediction-market-11,YES,0.710,1762.50
2026-08-22T14:30:00Z,0xsample000062,sample-prediction-market-12,YES,0.720,1775.00
2026-08-22T15:45:00Z,0xsample000063,sample-prediction-market-13,YES,0.730,1787.50
2026-08-22T16:00:00Z,0xsample000064,sample-prediction-market-14,YES,0.740,1800.00
2026-08-22T17:15:00Z,0xsample000065,sample-prediction-market-15,YES,0.750,1812.50
2026-08-22T18:30:00Z,0xsample000066,sample-prediction-market-16,YES,0.760,1825.00
2026-08-22T19:45:00Z,0xsample000067,sample-prediction-market-17,YES,0.770,1837.50
2026-08-22T20:00:00Z,0xsample000068,sample-prediction-market-18,YES,0.780,1850.00
2026-08-22T21:15:00Z,0xsample000069,sample-prediction-market-19,YES,0.790,1862.50
2026-08-22T22:30:00Z,0xsample000070,sample-prediction-market-20,YES,0.800,1875.00
2026-08-22T23:45:00Z,0xsample000071,sample-prediction-market-21,YES,0.810,1887.50
2026-08-22T00:00:00Z,0xsample000072,sample-prediction-market-22,YES,0.820,1900.00
2026-08-22T01:15:00Z,0xsample000073,sample-prediction-market-23,YES,0.830,1912.50
2026-08-22T02:30:00Z,0xsample000074,sample-prediction-market-24,YES,0.840,1925.00
2026-08-22T03:45:00Z,0xsample000075,sample-prediction-market-25,YES,0.850,1937.50
2026-08-22T04:00:00Z,0xsample000076,sample-prediction-market-26,YES,0.860,1950.00
2026-08-22T05:15:00Z,0xsample000077,sample-prediction-market-27,YES,0.870,1962.50
2026-08-22T06:30:00Z,0xsample000078,sample-prediction-market-28,YES,0.880,1975.00
2026-08-22T07:45:00Z,0xsample000079,sample-prediction-market-29,YES,0.890,1987.50
2026-08-22T08:00:00Z,0xsample000080,sample-prediction-market-30,YES,0.500,2000.00
2026-08-22T09:15:00Z,0xsample000081,sample-prediction-market-31,YES,0.510,2012.50
2026-08-22T10:30:00Z,0xsample000082,sample-prediction-market-32,YES,0.520,2025.00
2026-08-22T11:45:00Z,0xsample000083,sample-prediction-market-33,YES,0.530,2037.50
2026-08-22T12:00:00Z,0xsample000084,sample-prediction-market-34,YES,0.540,2050.00
2026-08-22T13:15:00Z,0xsample000085,sample-prediction-market-35,YES,0.550,2062.50
2026-08-22T14:30:00Z,0xsample000086,sample-prediction-market-36,YES,0.560,2075.00
2026-08-22T15:45:00Z,0xsample000087,sample-prediction-market-37,YES,0.570,2087.50
2026-08-22T16:00:00Z,0xsample000088,sample-prediction-market-38,YES,0.580,2100.00
2026-08-22T17:15:00Z,0xsample000089,sample-prediction-market-39,YES,0.590,2112.50
2026-08-22T18:30:00Z,0xsample000090,sample-prediction-market-40,YES,0.600,2125.00
2026-08-22T19:45:00Z,0xsample000091,sample-prediction-market-41,YES,0.610,2137.50
2026-08-22T20:00:00Z,0xsample000092,sample-prediction-market-42,YES,0.620,2150.00
2026-08-22T21:15:00Z,0xsample000093,sample-prediction-market-43,YES,0.630,2162.50
2026-08-22T22:30:00Z,0xsample000094,sample-prediction-market-44,YES,0.640,2175.00
2026-08-22T23:45:00Z,0xsample000095,sample-prediction-market-45,YES,0.650,2187.50
2026-08-22T00:00:00Z,0xsample000096,sample-prediction-market-46,YES,0.660,2200.00
2026-08-22T01:15:00Z,0xsample000097,sample-prediction-market-47,YES,0.670,2212.50
2026-08-22T02:30:00Z,0xsample000098,sample-prediction-market-48,YES,0.680,2225.00
2026-08-22T03:45:00Z,0xsample000099,sample-prediction-market-49,YES,0.690,2237.50
2026-08-22T04:00:00Z,0xsample000100,sample-prediction-market-0,YES,0.700,2250.00
2026-08-22T05:15:00Z,0xsample000101,sample-prediction-market-1,YES,0.710,2262.50
2026-08-22T06:30:00Z,0xsample000102,sample-prediction-market-2,YES,0.720,2275.00
2026-08-22T07:45:00Z,0xsample000103,sample-prediction-market-3,YES,0.730,2287.50
2026-08-22T08:00:00Z,0xsample000104,sample-prediction-market-4,YES,0.740,2300.00
2026-08-22T09:15:00Z,0xsample000105,sample-prediction-market-5,YES,0.750,2312.50
2026-08-22T10:30:00Z,0xsample000106,sample-prediction-market-6,YES,0.760,2325.00
2026-08-22T11:45:00Z,0xsample000107,sample-prediction-market-7,YES,0.770,2337.50
2026-08-22T12:00:00Z,0xsample000108,sample-prediction-market-8,YES,0.780,2350.00
2026-08-22T13:15:00Z,0xsample000109,sample-prediction-market-9,YES,0.790,2362.50
2026-08-22T14:30:00Z,0xsample000110,sample-prediction-market-10,YES,0.800,2375.00
2026-08-22T15:45:00Z,0xsample000111,sample-prediction-market-11,YES,0.810,2387.50
2026-08-22T16:00:00Z,0xsample000112,sample-prediction-market-12,YES,0.820,2400.00
2026-08-22T17:15:00Z,0xsample000113,sample-prediction-market-13,YES,0.830,2412.50
2026-08-22T18:30:00Z,0xsample000114,sample-prediction-market-14,YES,0.840,2425.00
2026-08-22T19:45:00Z,0xsample000115,sample-prediction-market-15,YES,0.850,2437.50
2026-08-22T20:00:00Z,0xsample000116,sample-prediction-market-16,YES,0.860,2450.00
2026-08-22T21:15:00Z,0xsample000117,sample-prediction-market-17,YES,0.870,2462.50
2026-08-22T22:30:00Z,0xsample000118,sample-prediction-market-18,YES,0.880,2475.00
2026-08-22T23:45:00Z,0xsample000119,sample-prediction-market-19,YES,0.890,2487.50
2026-08-22T00:00:00Z,0xsample000120,sample-prediction-market-20,YES,0.500,2500.00
2026-08-22T01:15:00Z,0xsample000121,sample-prediction-market-21,YES,0.510,2512.50
2026-08-22T02:30:00Z,0xsample000122,sample-prediction-market-22,YES,0.520,2525.00
2026-08-22T03:45:00Z,0xsample000123,sample-prediction-market-23,YES,0.530,2537.50
2026-08-22T04:00:00Z,0xsample000124,sample-prediction-market-24,YES,0.540,2550.00
2026-08-22T05:15:00Z,0xsample000125,sample-prediction-market-25,YES,0.550,2562.50
2026-08-22T06:30:00Z,0xsample000126,sample-prediction-market-26,YES,0.560,2575.00
2026-08-22T07:45:00Z,0xsample000127,sample-prediction-market-27,YES,0.570,2587.50
2026-08-22T08:00:00Z,0xsample000128,sample-prediction-market-28,YES,0.580,2600.00
2026-08-22T09:15:00Z,0xsample000129,sample-prediction-market-29,YES,0.590,2612.50
2026-08-22T10:30:00Z,0xsample000130,sample-prediction-market-30,YES,0.600,2625.00
2026-08-22T11:45:00Z,0xsample000131,sample-prediction-market-31,YES,0.610,2637.50
2026-08-22T12:00:00Z,0xsample000132,sample-prediction-market-32,YES,0.620,2650.00
2026-08-22T13:15:00Z,0xsample000133,sample-prediction-market-33,YES,0.630,2662.50
2026-08-22T14:30:00Z,0xsample000134,sample-prediction-market-34,YES,0.640,2675.00
2026-08-22T15:45:00Z,0xsample000135,sample-prediction-market-35,YES,0.650,2687.50
2026-08-22T16:00:00Z,0xsample000136,sample-prediction-market-36,YES,0.660,2700.00
2026-08-22T17:15:00Z,0xsample000137,sample-prediction-market-37,YES,0.670,2712.50
2026-08-22T18:30:00Z,0xsample000138,sample-prediction-market-38,YES,0.680,2725.00
2026-08-22T19:45:00Z,0xsample000139,sample-prediction-market-39,YES,0.690,2737.50
2026-08-22T20:00:00Z,0xsample000140,sample-prediction-market-40,YES,0.700,2750.00
2026-08-22T21:15:00Z,0xsample000141,sample-prediction-market-41,YES,0.710,2762.50
2026-08-22T22:30:00Z,0xsample000142,sample-prediction-market-42,YES,0.720,2775.00
2026-08-22T23:45:00Z,0xsample000143,sample-prediction-market-43,YES,0.730,2787.50
2026-08-22T00:00:00Z,0xsample000144,sample-prediction-market-44,YES,0.740,2800.00
2026-08-22T01:15:00Z,0xsample000145,sample-prediction-market-45,YES,0.750,2812.50
2026-08-22T02:30:00Z,0xsample000146,sample-prediction-market-46,YES,0.760,2825.00
2026-08-22T03:45:00Z,0xsample000147,sample-prediction-market-47,YES,0.770,2837.50
2026-08-22T04:00:00Z,0xsample000148,sample-prediction-market-48,YES,0.780,2850.00
2026-08-22T05:15:00Z,0xsample000149,sample-prediction-market-49,YES,0.790,2862.50
2026-08-22T06:30:00Z,0xsample000150,sample-prediction-market-0,YES,0.800,2875.00
2026-08-22T07:45:00Z,0xsample000151,sample-prediction-market-1,YES,0.810,2887.50
2026-08-22T08:00:00Z,0xsample000152,sample-prediction-market-2,YES,0.820,2900.00
2026-08-22T09:15:00Z,0xsample000153,sample-prediction-market-3,YES,0.830,2912.50
2026-08-22T10:30:00Z,0xsample000154,sample-prediction-market-4,YES,0.840,2925.00
2026-08-22T11:45:00Z,0xsample000155,sample-prediction-market-5,YES,0.850,2937.50
2026-08-22T12:00:00Z,0xsample000156,sample-prediction-market-6,YES,0.860,2950.00
2026-08-22T13:15:00Z,0xsample000157,sample-prediction-market-7,YES,0.870,2962.50
2026-08-22T14:30:00Z,0xsample000158,sample-prediction-market-8,YES,0.880,2975.00
2026-08-22T15:45:00Z,0xsample000159,sample-prediction-market-9,YES,0.890,2987.50
2026-08-22T16:00:00Z,0xsample000160,sample-prediction-market-10,YES,0.500,3000.00
2026-08-22T17:15:00Z,0xsample000161,sample-prediction-market-11,YES,0.510,3012.50
2026-08-22T18:30:00Z,0xsample000162,sample-prediction-market-12,YES,0.520,3025.00
2026-08-22T19:45:00Z,0xsample000163,sample-prediction-market-13,YES,0.530,3037.50
2026-08-22T20:00:00Z,0xsample000164,sample-prediction-market-14,YES,0.540,3050.00
2026-08-22T21:15:00Z,0xsample000165,sample-prediction-market-15,YES,0.550,3062.50
2026-08-22T22:30:00Z,0xsample000166,sample-prediction-market-16,YES,0.560,3075.00
2026-08-22T23:45:00Z,0xsample000167,sample-prediction-market-17,YES,0.570,3087.50
2026-08-22T00:00:00Z,0xsample000168,sample-prediction-market-18,YES,0.580,3100.00
2026-08-22T01:15:00Z,0xsample000169,sample-prediction-market-19,YES,0.590,3112.50
2026-08-22T02:30:00Z,0xsample000170,sample-prediction-market-20,YES,0.600,3125.00
2026-08-22T03:45:00Z,0xsample000171,sample-prediction-market-21,YES,0.610,3137.50
2026-08-22T04:00:00Z,0xsample000172,sample-prediction-market-22,YES,0.620,3150.00
2026-08-22T05:15:00Z,0xsample000173,sample-prediction-market-23,YES,0.630,3162.50
2026-08-22T06:30:00Z,0xsample000174,sample-prediction-market-24,YES,0.640,3175.00
2026-08-22T07:45:00Z,0xsample000175,sample-prediction-market-25,YES,0.650,3187.50
2026-08-22T08:00:00Z,0xsample000176,sample-prediction-market-26,YES,0.660,3200.00
2026-08-22T09:15:00Z,0xsample000177,sample-prediction-market-27,YES,0.670,3212.50
2026-08-22T10:30:00Z,0xsample000178,sample-prediction-market-28,YES,0.680,3225.00
2026-08-22T11:45:00Z,0xsample000179,sample-prediction-market-29,YES,0.690,3237.50
2026-08-22T12:00:00Z,0xsample000180,sample-prediction-market-30,YES,0.700,3250.00
2026-08-22T13:15:00Z,0xsample000181,sample-prediction-market-31,YES,0.710,3262.50
2026-08-22T14:30:00Z,0xsample000182,sample-prediction-market-32,YES,0.720,3275.00
2026-08-22T15:45:00Z,0xsample000183,sample-prediction-market-33,YES,0.730,3287.50
2026-08-22T16:00:00Z,0xsample000184,sample-prediction-market-34,YES,0.740,3300.00
2026-08-22T17:15:00Z,0xsample000185,sample-prediction-market-35,YES,0.750,3312.50
2026-08-22T18:30:00Z,0xsample000186,sample-prediction-market-36,YES,0.760,3325.00
2026-08-22T19:45:00Z,0xsample000187,sample-prediction-market-37,YES,0.770,3337.50
2026-08-22T20:00:00Z,0xsample000188,sample-prediction-market-38,YES,0.780,3350.00
2026-08-22T21:15:00Z,0xsample000189,sample-prediction-market-39,YES,0.790,3362.50
2026-08-22T22:30:00Z,0xsample000190,sample-prediction-market-40,YES,0.800,3375.00
2026-08-22T23:45:00Z,0xsample000191,sample-prediction-market-41,YES,0.810,3387.50
2026-08-22T00:00:00Z,0xsample000192,sample-prediction-market-42,YES,0.820,3400.00
2026-08-22T01:15:00Z,0xsample000193,sample-prediction-market-43,YES,0.830,3412.50
2026-08-22T02:30:00Z,0xsample000194,sample-prediction-market-44,YES,0.840,3425.00
2026-08-22T03:45:00Z,0xsample000195,sample-prediction-market-45,YES,0.850,3437.50
2026-08-22T04:00:00Z,0xsample000196,sample-prediction-market-46,YES,0.860,3450.00
2026-08-22T05:15:00Z,0xsample000197,sample-prediction-market-47,YES,0.870,3462.50
2026-08-22T06:30:00Z,0xsample000198,sample-prediction-market-48,YES,0.880,3475.00
2026-08-22T07:45:00Z,0xsample000199,sample-prediction-market-49,YES,0.890,3487.50
2026-08-22T08:00:00Z,0xsample000200,sample-prediction-market-0,YES,0.500,3500.00
2026-08-22T09:15:00Z,0xsample000201,sample-prediction-market-1,YES,0.510,3512.50
2026-08-22T10:30:00Z,0xsample000202,sample-prediction-market-2,YES,0.520,3525.00
2026-08-22T11:45:00Z,0xsample000203,sample-prediction-market-3,YES,0.530,3537.50
2026-08-22T12:00:00Z,0xsample000204,sample-prediction-market-4,YES,0.540,3550.00
2026-08-22T13:15:00Z,0xsample000205,sample-prediction-market-5,YES,0.550,3562.50
2026-08-22T14:30:00Z,0xsample000206,sample-prediction-market-6,YES,0.560,3575.00
2026-08-22T15:45:00Z,0xsample000207,sample-prediction-market-7,YES,0.570,3587.50
2026-08-22T16:00:00Z,0xsample000208,sample-prediction-market-8,YES,0.580,3600.00
2026-08-22T17:15:00Z,0xsample000209,sample-prediction-market-9,YES,0.590,3612.50
2026-08-22T18:30:00Z,0xsample000210,sample-prediction-market-10,YES,0.600,3625.00
2026-08-22T19:45:00Z,0xsample000211,sample-prediction-market-11,YES,0.610,3637.50
2026-08-22T20:00:00Z,0xsample000212,sample-prediction-market-12,YES,0.620,3650.00
2026-08-22T21:15:00Z,0xsample000213,sample-prediction-market-13,YES,0.630,3662.50
2026-08-22T22:30:00Z,0xsample000214,sample-prediction-market-14,YES,0.640,3675.00
2026-08-22T23:45:00Z,0xsample000215,sample-prediction-market-15,YES,0.650,3687.50
2026-08-22T00:00:00Z,0xsample000216,sample-prediction-market-16,YES,0.660,3700.00
2026-08-22T01:15:00Z,0xsample000217,sample-prediction-market-17,YES,0.670,3712.50
2026-08-22T02:30:00Z,0xsample000218,sample-prediction-market-18,YES,0.680,3725.00
2026-08-22T03:45:00Z,0xsample000219,sample-prediction-market-19,YES,0.690,3737.50
2026-08-22T04:00:00Z,0xsample000220,sample-prediction-market-20,YES,0.700,3750.00
2026-08-22T05:15:00Z,0xsample000221,sample-prediction-market-21,YES,0.710,3762.50
2026-08-22T06:30:00Z,0xsample000222,sample-prediction-market-22,YES,0.720,3775.00
2026-08-22T07:45:00Z,0xsample000223,sample-prediction-market-23,YES,0.730,3787.50
2026-08-22T08:00:00Z,0xsample000224,sample-prediction-market-24,YES,0.740,3800.00
2026-08-22T09:15:00Z,0xsample000225,sample-prediction-market-25,YES,0.750,3812.50
2026-08-22T10:30:00Z,0xsample000226,sample-prediction-market-26,YES,0.760,3825.00
2026-08-22T11:45:00Z,0xsample000227,sample-prediction-market-27,YES,0.770,3837.50
2026-08-22T12:00:00Z,0xsample000228,sample-prediction-market-28,YES,0.780,3850.00
2026-08-22T13:15:00Z,0xsample000229,sample-prediction-market-29,YES,0.790,3862.50
2026-08-22T14:30:00Z,0xsample000230,sample-prediction-market-30,YES,0.800,3875.00
2026-08-22T15:45:00Z,0xsample000231,sample-prediction-market-31,YES,0.810,3887.50
2026-08-22T16:00:00Z,0xsample000232,sample-prediction-market-32,YES,0.820,3900.00
2026-08-22T17:15:00Z,0xsample000233,sample-prediction-market-33,YES,0.830,3912.50
2026-08-22T18:30:00Z,0xsample000234,sample-prediction-market-34,YES,0.840,3925.00
2026-08-22T19:45:00Z,0xsample000235,sample-prediction-market-35,YES,0.850,3937.50
2026-08-22T20:00:00Z,0xsample000236,sample-prediction-market-36,YES,0.860,3950.00
2026-08-22T21:15:00Z,0xsample000237,sample-prediction-market-37,YES,0.870,3962.50
2026-08-22T22:30:00Z,0xsample000238,sample-prediction-market-38,YES,0.880,3975.00
2026-08-22T23:45:00Z,0xsample000239,sample-prediction-market-39,YES,0.890,3987.50
2026-08-22T00:00:00Z,0xsample000240,sample-prediction-market-40,YES,0.500,4000.00
2026-08-22T01:15:00Z,0xsample000241,sample-prediction-market-41,YES,0.510,4012.50
2026-08-22T02:30:00Z,0xsample000242,sample-prediction-market-42,YES,0.520,4025.00
2026-08-22T03:45:00Z,0xsample000243,sample-prediction-market-43,YES,0.530,4037.50
2026-08-22T04:00:00Z,0xsample000244,sample-prediction-market-44,YES,0.540,4050.00
2026-08-22T05:15:00Z,0xsample000245,sample-prediction-market-45,YES,0.550,4062.50
2026-08-22T06:30:00Z,0xsample000246,sample-prediction-market-46,YES,0.560,4075.00
2026-08-22T07:45:00Z,0xsample000247,sample-prediction-market-47,YES,0.570,4087.50
2026-08-22T08:00:00Z,0xsample000248,sample-prediction-market-48,YES,0.580,4100.00
2026-08-22T09:15:00Z,0xsample000249,sample-prediction-market-49,YES,0.590,4112.50
2026-08-22T10:30:00Z,0xsample000250,sample-prediction-market-0,YES,0.600,4125.00
2026-08-22T11:45:00Z,0xsample000251,sample-prediction-market-1,YES,0.610,4137.50
2026-08-22T12:00:00Z,0xsample000252,sample-prediction-market-2,YES,0.620,4150.00
2026-08-22T13:15:00Z,0xsample000253,sample-prediction-market-3,YES,0.630,4162.50
2026-08-22T14:30:00Z,0xsample000254,sample-prediction-market-4,YES,0.640,4175.00
2026-08-22T15:45:00Z,0xsample000255,sample-prediction-market-5,YES,0.650,4187.50
2026-08-22T16:00:00Z,0xsample000256,sample-prediction-market-6,YES,0.660,4200.00
2026-08-22T17:15:00Z,0xsample000257,sample-prediction-market-7,YES,0.670,4212.50
2026-08-22T18:30:00Z,0xsample000258,sample-prediction-market-8,YES,0.680,4225.00
2026-08-22T19:45:00Z,0xsample000259,sample-prediction-market-9,YES,0.690,4237.50
2026-08-22T20:00:00Z,0xsample000260,sample-prediction-market-10,YES,0.700,4250.00
2026-08-22T21:15:00Z,0xsample000261,sample-prediction-market-11,YES,0.710,4262.50
2026-08-22T22:30:00Z,0xsample000262,sample-prediction-market-12,YES,0.720,4275.00
2026-08-22T23:45:00Z,0xsample000263,sample-prediction-market-13,YES,0.730,4287.50
2026-08-22T00:00:00Z,0xsample000264,sample-prediction-market-14,YES,0.740,4300.00
2026-08-22T01:15:00Z,0xsample000265,sample-prediction-market-15,YES,0.750,4312.50
2026-08-22T02:30:00Z,0xsample000266,sample-prediction-market-16,YES,0.760,4325.00
2026-08-22T03:45:00Z,0xsample000267,sample-prediction-market-17,YES,0.770,4337.50
2026-08-22T04:00:00Z,0xsample000268,sample-prediction-market-18,YES,0.780,4350.00
2026-08-22T05:15:00Z,0xsample000269,sample-prediction-market-19,YES,0.790,4362.50
2026-08-22T06:30:00Z,0xsample000270,sample-prediction-market-20,YES,0.800,4375.00
2026-08-22T07:45:00Z,0xsample000271,sample-prediction-market-21,YES,0.810,4387.50
2026-08-22T08:00:00Z,0xsample000272,sample-prediction-market-22,YES,0.820,4400.00
2026-08-22T09:15:00Z,0xsample000273,sample-prediction-market-23,YES,0.830,4412.50
2026-08-22T10:30:00Z,0xsample000274,sample-prediction-market-24,YES,0.840,4425.00
2026-08-22T11:45:00Z,0xsample000275,sample-prediction-market-25,YES,0.850,4437.50
2026-08-22T12:00:00Z,0xsample000276,sample-prediction-market-26,YES,0.860,4450.00
2026-08-22T13:15:00Z,0xsample000277,sample-prediction-market-27,YES,0.870,4462.50
2026-08-22T14:30:00Z,0xsample000278,sample-prediction-market-28,YES,0.880,4475.00
2026-08-22T15:45:00Z,0xsample000279,sample-prediction-market-29,YES,0.890,4487.50
2026-08-22T16:00:00Z,0xsample000280,sample-prediction-market-30,YES,0.500,4500.00
2026-08-22T17:15:00Z,0xsample000281,sample-prediction-market-31,YES,0.510,4512.50
2026-08-22T18:30:00Z,0xsample000282,sample-prediction-market-32,YES,0.520,4525.00
2026-08-22T19:45:00Z,0xsample000283,sample-prediction-market-33,YES,0.530,4537.50
2026-08-22T20:00:00Z,0xsample000284,sample-prediction-market-34,YES,0.540,4550.00
2026-08-22T21:15:00Z,0xsample000285,sample-prediction-market-35,YES,0.550,4562.50
2026-08-22T22:30:00Z,0xsample000286,sample-prediction-market-36,YES,0.560,4575.00
2026-08-22T23:45:00Z,0xsample000287,sample-prediction-market-37,YES,0.570,4587.50
2026-08-22T00:00:00Z,0xsample000288,sample-prediction-market-38,YES,0.580,4600.00
2026-08-22T01:15:00Z,0xsample000289,sample-prediction-market-39,YES,0.590,4612.50
2026-08-22T02:30:00Z,0xsample000290,sample-prediction-market-40,YES,0.600,4625.00
2026-08-22T03:45:00Z,0xsample000291,sample-prediction-market-41,YES,0.610,4637.50
2026-08-22T04:00:00Z,0xsample000292,sample-prediction-market-42,YES,0.620,4650.00
2026-08-22T05:15:00Z,0xsample000293,sample-prediction-market-43,YES,0.630,4662.50
2026-08-22T06:30:00Z,0xsample000294,sample-prediction-market-44,YES,0.640,4675.00
2026-08-22T07:45:00Z,0xsample000295,sample-prediction-market-45,YES,0.650,4687.50
2026-08-22T08:00:00Z,0xsample000296,sample-prediction-market-46,YES,0.660,4700.00
2026-08-22T09:15:00Z,0xsample000297,sample-prediction-market-47,YES,0.670,4712.50
2026-08-22T10:30:00Z,0xsample000298,sample-prediction-market-48,YES,0.680,4725.00
2026-08-22T11:45:00Z,0xsample000299,sample-prediction-market-49,YES,0.690,4737.50
2026-08-22T12:00:00Z,0xsample000300,sample-prediction-market-0,YES,0.700,4750.00
2026-08-22T13:15:00Z,0xsample000301,sample-prediction-market-1,YES,0.710,4762.50
2026-08-22T14:30:00Z,0xsample000302,sample-prediction-market-2,YES,0.720,4775.00
2026-08-22T15:45:00Z,0xsample000303,sample-prediction-market-3,YES,0.730,4787.50
2026-08-22T16:00:00Z,0xsample000304,sample-prediction-market-4,YES,0.740,4800.00
2026-08-22T17:15:00Z,0xsample000305,sample-prediction-market-5,YES,0.750,4812.50
2026-08-22T18:30:00Z,0xsample000306,sample-prediction-market-6,YES,0.760,4825.00
2026-08-22T19:45:00Z,0xsample000307,sample-prediction-market-7,YES,0.770,4837.50
2026-08-22T20:00:00Z,0xsample000308,sample-prediction-market-8,YES,0.780,4850.00
2026-08-22T21:15:00Z,0xsample000309,sample-prediction-market-9,YES,0.790,4862.50
2026-08-22T22:30:00Z,0xsample000310,sample-prediction-market-10,YES,0.800,4875.00
2026-08-22T23:45:00Z,0xsample000311,sample-prediction-market-11,YES,0.810,4887.50
2026-08-22T00:00:00Z,0xsample000312,sample-prediction-market-12,YES,0.820,4900.00
2026-08-22T01:15:00Z,0xsample000313,sample-prediction-market-13,YES,0.830,4912.50
2026-08-22T02:30:00Z,0xsample000314,sample-prediction-market-14,YES,0.840,4925.00
2026-08-22T03:45:00Z,0xsample000315,sample-prediction-market-15,YES,0.850,4937.50
2026-08-22T04:00:00Z,0xsample000316,sample-prediction-market-16,YES,0.860,4950.00
2026-08-22T05:15:00Z,0xsample000317,sample-prediction-market-17,YES,0.870,4962.50
2026-08-22T06:30:00Z,0xsample000318,sample-prediction-market-18,YES,0.880,4975.00
2026-08-22T07:45:00Z,0xsample000319,sample-prediction-market-19,YES,0.890,4987.50
2026-08-22T08:00:00Z,0xsample000320,sample-prediction-market-20,YES,0.500,5000.00
2026-08-22T09:15:00Z,0xsample000321,sample-prediction-market-21,YES,0.510,5012.50
2026-08-22T10:30:00Z,0xsample000322,sample-prediction-market-22,YES,0.520,5025.00
2026-08-22T11:45:00Z,0xsample000323,sample-prediction-market-23,YES,0.530,5037.50
2026-08-22T12:00:00Z,0xsample000324,sample-prediction-market-24,YES,0.540,5050.00
2026-08-22T13:15:00Z,0xsample000325,sample-prediction-market-25,YES,0.550,5062.50
2026-08-22T14:30:00Z,0xsample000326,sample-prediction-market-26,YES,0.560,5075.00
2026-08-22T15:45:00Z,0xsample000327,sample-prediction-market-27,YES,0.570,5087.50
2026-08-22T16:00:00Z,0xsample000328,sample-prediction-market-28,YES,0.580,5100.00
2026-08-22T17:15:00Z,0xsample000329,sample-prediction-market-29,YES,0.590,5112.50
2026-08-22T18:30:00Z,0xsample000330,sample-prediction-market-30,YES,0.600,5125.00
2026-08-22T19:45:00Z,0xsample000331,sample-prediction-market-31,YES,0.610,5137.50
2026-08-22T20:00:00Z,0xsample000332,sample-prediction-market-32,YES,0.620,5150.00
2026-08-22T21:15:00Z,0xsample000333,sample-prediction-market-33,YES,0.630,5162.50
2026-08-22T22:30:00Z,0xsample000334,sample-prediction-market-34,YES,0.640,5175.00
2026-08-22T23:45:00Z,0xsample000335,sample-prediction-market-35,YES,0.650,5187.50
2026-08-22T00:00:00Z,0xsample000336,sample-prediction-market-36,YES,0.660,5200.00
2026-08-22T01:15:00Z,0xsample000337,sample-prediction-market-37,YES,0.670,5212.50
2026-08-22T02:30:00Z,0xsample000338,sample-prediction-market-38,YES,0.680,5225.00
2026-08-22T03:45:00Z,0xsample000339,sample-prediction-market-39,YES,0.690,5237.50
2026-08-22T04:00:00Z,0xsample000340,sample-prediction-market-40,YES,0.700,5250.00
2026-08-22T05:15:00Z,0xsample000341,sample-prediction-market-41,YES,0.710,5262.50
2026-08-22T06:30:00Z,0xsample000342,sample-prediction-market-42,YES,0.720,5275.00
2026-08-22T07:45:00Z,0xsample000343,sample-prediction-market-43,YES,0.730,5287.50
2026-08-22T08:00:00Z,0xsample000344,sample-prediction-market-44,YES,0.740,5300.00
2026-08-22T09:15:00Z,0xsample000345,sample-prediction-market-45,YES,0.750,5312.50
2026-08-22T10:30:00Z,0xsample000346,sample-prediction-market-46,YES,0.760,5325.00
2026-08-22T11:45:00Z,0xsample000347,sample-prediction-market-47,YES,0.770,5337.50
2026-08-22T12:00:00Z,0xsample000348,sample-prediction-market-48,YES,0.780,5350.00
2026-08-22T13:15:00Z,0xsample000349,sample-prediction-market-49,YES,0.790,5362.50
2026-08-22T14:30:00Z,0xsample000350,sample-prediction-market-0,YES,0.800,5375.00
2026-08-22T15:45:00Z,0xsample000351,sample-prediction-market-1,YES,0.810,5387.50
2026-08-22T16:00:00Z,0xsample000352,sample-prediction-market-2,YES,0.820,5400.00
2026-08-22T17:15:00Z,0xsample000353,sample-prediction-market-3,YES,0.830,5412.50
2026-08-22T18:30:00Z,0xsample000354,sample-prediction-market-4,YES,0.840,5425.00
2026-08-22T19:45:00Z,0xsample000355,sample-prediction-market-5,YES,0.850,5437.50
2026-08-22T20:00:00Z,0xsample000356,sample-prediction-market-6,YES,0.860,5450.00
2026-08-22T21:15:00Z,0xsample000357,sample-prediction-market-7,YES,0.870,5462.50
2026-08-22T22:30:00Z,0xsample000358,sample-prediction-market-8,YES,0.880,5475.00
2026-08-22T23:45:00Z,0xsample000359,sample-prediction-market-9,YES,0.890,5487.50
2026-08-22T00:00:00Z,0xsample000360,sample-prediction-market-10,YES,0.500,5500.00
2026-08-22T01:15:00Z,0xsample000361,sample-prediction-market-11,YES,0.510,5512.50
2026-08-22T02:30:00Z,0xsample000362,sample-prediction-market-12,YES,0.520,5525.00
2026-08-22T03:45:00Z,0xsample000363,sample-prediction-market-13,YES,0.530,5537.50
2026-08-22T04:00:00Z,0xsample000364,sample-prediction-market-14,YES,0.540,5550.00
2026-08-22T05:15:00Z,0xsample000365,sample-prediction-market-15,YES,0.550,5562.50
2026-08-22T06:30:00Z,0xsample000366,sample-prediction-market-16,YES,0.560,5575.00
2026-08-22T07:45:00Z,0xsample000367,sample-prediction-market-17,YES,0.570,5587.50
2026-08-22T08:00:00Z,0xsample000368,sample-prediction-market-18,YES,0.580,5600.00
2026-08-22T09:15:00Z,0xsample000369,sample-prediction-market-19,YES,0.590,5612.50
2026-08-22T10:30:00Z,0xsample000370,sample-prediction-market-20,YES,0.600,5625.00
2026-08-22T11:45:00Z,0xsample000371,sample-prediction-market-21,YES,0.610,5637.50
2026-08-22T12:00:00Z,0xsample000372,sample-prediction-market-22,YES,0.620,5650.00
2026-08-22T13:15:00Z,0xsample000373,sample-prediction-market-23,YES,0.630,5662.50
2026-08-22T14:30:00Z,0xsample000374,sample-prediction-market-24,YES,0.640,5675.00
2026-08-22T15:45:00Z,0xsample000375,sample-prediction-market-25,YES,0.650,5687.50
2026-08-22T16:00:00Z,0xsample000376,sample-prediction-market-26,YES,0.660,5700.00
2026-08-22T17:15:00Z,0xsample000377,sample-prediction-market-27,YES,0.670,5712.50
2026-08-22T18:30:00Z,0xsample000378,sample-prediction-market-28,YES,0.680,5725.00
2026-08-22T19:45:00Z,0xsample000379,sample-prediction-market-29,YES,0.690,5737.50
2026-08-22T20:00:00Z,0xsample000380,sample-prediction-market-30,YES,0.700,5750.00
2026-08-22T21:15:00Z,0xsample000381,sample-prediction-market-31,YES,0.710,5762.50
2026-08-22T22:30:00Z,0xsample000382,sample-prediction-market-32,YES,0.720,5775.00
2026-08-22T23:45:00Z,0xsample000383,sample-prediction-market-33,YES,0.730,5787.50
2026-08-22T00:00:00Z,0xsample000384,sample-prediction-market-34,YES,0.740,5800.00
2026-08-22T01:15:00Z,0xsample000385,sample-prediction-market-35,YES,0.750,5812.50
2026-08-22T02:30:00Z,0xsample000386,sample-prediction-market-36,YES,0.760,5825.00
2026-08-22T03:45:00Z,0xsample000387,sample-prediction-market-37,YES,0.770,5837.50
2026-08-22T04:00:00Z,0xsample000388,sample-prediction-market-38,YES,0.780,5850.00
2026-08-22T05:15:00Z,0xsample000389,sample-prediction-market-39,YES,0.790,5862.50
2026-08-22T06:30:00Z,0xsample000390,sample-prediction-market-40,YES,0.800,5875.00
2026-08-22T07:45:00Z,0xsample000391,sample-prediction-market-41,YES,0.810,5887.50
2026-08-22T08:00:00Z,0xsample000392,sample-prediction-market-42,YES,0.820,5900.00
2026-08-22T09:15:00Z,0xsample000393,sample-prediction-market-43,YES,0.830,5912.50
2026-08-22T10:30:00Z,0xsample000394,sample-prediction-market-44,YES,0.840,5925.00
2026-08-22T11:45:00Z,0xsample000395,sample-prediction-market-45,YES,0.850,5937.50
2026-08-22T12:00:00Z,0xsample000396,sample-prediction-market-46,YES,0.860,5950.00
2026-08-22T13:15:00Z,0xsample000397,sample-prediction-market-47,YES,0.870,5962.50
2026-08-22T14:30:00Z,0xsample000398,sample-prediction-market-48,YES,0.880,5975.00
2026-08-22T15:45:00Z,0xsample000399,sample-prediction-market-49,YES,0.890,5987.50
2026-08-22T16:00:00Z,0xsample000400,sample-prediction-market-0,YES,0.500,6000.00
2026-08-22T17:15:00Z,0xsample000401,sample-prediction-market-1,YES,0.510,6012.50
2026-08-22T18:30:00Z,0xsample000402,sample-prediction-market-2,YES,0.520,6025.00
2026-08-22T19:45:00Z,0xsample000403,sample-prediction-market-3,YES,0.530,6037.50
2026-08-22T20:00:00Z,0xsample000404,sample-prediction-market-4,YES,0.540,6050.00
2026-08-22T21:15:00Z,0xsample000405,sample-prediction-market-5,YES,0.550,6062.50
2026-08-22T22:30:00Z,0xsample000406,sample-prediction-market-6,YES,0.560,6075.00
2026-08-22T23:45:00Z,0xsample000407,sample-prediction-market-7,YES,0.570,6087.50
2026-08-22T00:00:00Z,0xsample000408,sample-prediction-market-8,YES,0.580,6100.00
2026-08-22T01:15:00Z,0xsample000409,sample-prediction-market-9,YES,0.590,6112.50
2026-08-22T02:30:00Z,0xsample000410,sample-prediction-market-10,YES,0.600,6125.00
2026-08-22T03:45:00Z,0xsample000411,sample-prediction-market-11,YES,0.610,6137.50
2026-08-22T04:00:00Z,0xsample000412,sample-prediction-market-12,YES,0.620,6150.00
2026-08-22T05:15:00Z,0xsample000413,sample-prediction-market-13,YES,0.630,6162.50
2026-08-22T06:30:00Z,0xsample000414,sample-prediction-market-14,YES,0.640,6175.00
2026-08-22T07:45:00Z,0xsample000415,sample-prediction-market-15,YES,0.650,6187.50
2026-08-22T08:00:00Z,0xsample000416,sample-prediction-market-16,YES,0.660,6200.00
2026-08-22T09:15:00Z,0xsample000417,sample-prediction-market-17,YES,0.670,6212.50
2026-08-22T10:30:00Z,0xsample000418,sample-prediction-market-18,YES,0.680,6225.00
2026-08-22T11:45:00Z,0xsample000419,sample-prediction-market-19,YES,0.690,6237.50
2026-08-22T12:00:00Z,0xsample000420,sample-prediction-market-20,YES,0.700,6250.00
2026-08-22T13:15:00Z,0xsample000421,sample-prediction-market-21,YES,0.710,6262.50
2026-08-22T14:30:00Z,0xsample000422,sample-prediction-market-22,YES,0.720,6275.00
2026-08-22T15:45:00Z,0xsample000423,sample-prediction-market-23,YES,0.730,6287.50
2026-08-22T16:00:00Z,0xsample000424,sample-prediction-market-24,YES,0.740,6300.00
2026-08-22T17:15:00Z,0xsample000425,sample-prediction-market-25,YES,0.750,6312.50
2026-08-22T18:30:00Z,0xsample000426,sample-prediction-market-26,YES,0.760,6325.00
2026-08-22T19:45:00Z,0xsample000427,sample-prediction-market-27,YES,0.770,6337.50
2026-08-22T20:00:00Z,0xsample000428,sample-prediction-market-28,YES,0.780,6350.00
2026-08-22T21:15:00Z,0xsample000429,sample-prediction-market-29,YES,0.790,6362.50
2026-08-22T22:30:00Z,0xsample000430,sample-prediction-market-30,YES,0.800,6375.00
2026-08-22T23:45:00Z,0xsample000431,sample-prediction-market-31,YES,0.810,6387.50
2026-08-22T00:00:00Z,0xsample000432,sample-prediction-market-32,YES,0.820,6400.00
2026-08-22T01:15:00Z,0xsample000433,sample-prediction-market-33,YES,0.830,6412.50
2026-08-22T02:30:00Z,0xsample000434,sample-prediction-market-34,YES,0.840,6425.00
2026-08-22T03:45:00Z,0xsample000435,sample-prediction-market-35,YES,0.850,6437.50
2026-08-22T04:00:00Z,0xsample000436,sample-prediction-market-36,YES,0.860,6450.00
2026-08-22T05:15:00Z,0xsample000437,sample-prediction-market-37,YES,0.870,6462.50
2026-08-22T06:30:00Z,0xsample000438,sample-prediction-market-38,YES,0.880,6475.00
2026-08-22T07:45:00Z,0xsample000439,sample-prediction-market-39,YES,0.890,6487.50
2026-08-22T08:00:00Z,0xsample000440,sample-prediction-market-40,YES,0.500,6500.00
2026-08-22T09:15:00Z,0xsample000441,sample-prediction-market-41,YES,0.510,6512.50
2026-08-22T10:30:00Z,0xsample000442,sample-prediction-market-42,YES,0.520,6525.00
2026-08-22T11:45:00Z,0xsample000443,sample-prediction-market-43,YES,0.530,6537.50
2026-08-22T12:00:00Z,0xsample000444,sample-prediction-market-44,YES,0.540,6550.00
2026-08-22T13:15:00Z,0xsample000445,sample-prediction-market-45,YES,0.550,6562.50
2026-08-22T14:30:00Z,0xsample000446,sample-prediction-market-46,YES,0.560,6575.00
2026-08-22T15:45:00Z,0xsample000447,sample-prediction-market-47,YES,0.570,6587.50
2026-08-22T16:00:00Z,0xsample000448,sample-prediction-market-48,YES,0.580,6600.00
2026-08-22T17:15:00Z,0xsample000449,sample-prediction-market-49,YES,0.590,6612.50
2026-08-22T18:30:00Z,0xsample000450,sample-prediction-market-0,YES,0.600,6625.00
2026-08-22T19:45:00Z,0xsample000451,sample-prediction-market-1,YES,0.610,6637.50
2026-08-22T20:00:00Z,0xsample000452,sample-prediction-market-2,YES,0.620,6650.00
2026-08-22T21:15:00Z,0xsample000453,sample-prediction-market-3,YES,0.630,6662.50
2026-08-22T22:30:00Z,0xsample000454,sample-prediction-market-4,YES,0.640,6675.00
2026-08-22T23:45:00Z,0xsample000455,sample-prediction-market-5,YES,0.650,6687.50
2026-08-22T00:00:00Z,0xsample000456,sample-prediction-market-6,YES,0.660,6700.00
2026-08-22T01:15:00Z,0xsample000457,sample-prediction-market-7,YES,0.670,6712.50
2026-08-22T02:30:00Z,0xsample000458,sample-prediction-market-8,YES,0.680,6725.00
2026-08-22T03:45:00Z,0xsample000459,sample-prediction-market-9,YES,0.690,6737.50
2026-08-22T04:00:00Z,0xsample000460,sample-prediction-market-10,YES,0.700,6750.00
2026-08-22T05:15:00Z,0xsample000461,sample-prediction-market-11,YES,0.710,6762.50
2026-08-22T06:30:00Z,0xsample000462,sample-prediction-market-12,YES,0.720,6775.00
2026-08-22T07:45:00Z,0xsample000463,sample-prediction-market-13,YES,0.730,6787.50
2026-08-22T08:00:00Z,0xsample000464,sample-prediction-market-14,YES,0.740,6800.00
2026-08-22T09:15:00Z,0xsample000465,sample-prediction-market-15,YES,0.750,6812.50
2026-08-22T10:30:00Z,0xsample000466,sample-prediction-market-16,YES,0.760,6825.00
2026-08-22T11:45:00Z,0xsample000467,sample-prediction-market-17,YES,0.770,6837.50
2026-08-22T12:00:00Z,0xsample000468,sample-prediction-market-18,YES,0.780,6850.00
2026-08-22T13:15:00Z,0xsample000469,sample-prediction-market-19,YES,0.790,6862.50
2026-08-22T14:30:00Z,0xsample000470,sample-prediction-market-20,YES,0.800,6875.00
2026-08-22T15:45:00Z,0xsample000471,sample-prediction-market-21,YES,0.810,6887.50
2026-08-22T16:00:00Z,0xsample000472,sample-prediction-market-22,YES,0.820,6900.00
2026-08-22T17:15:00Z,0xsample000473,sample-prediction-market-23,YES,0.830,6912.50
2026-08-22T18:30:00Z,0xsample000474,sample-prediction-market-24,YES,0.840,6925.00
2026-08-22T19:45:00Z,0xsample000475,sample-prediction-market-25,YES,0.850,6937.50
2026-08-22T20:00:00Z,0xsample000476,sample-prediction-market-26,YES,0.860,6950.00
2026-08-22T21:15:00Z,0xsample000477,sample-prediction-market-27,YES,0.870,6962.50
2026-08-22T22:30:00Z,0xsample000478,sample-prediction-market-28,YES,0.880,6975.00
2026-08-22T23:45:00Z,0xsample000479,sample-prediction-market-29,YES,0.890,6987.50
2026-08-22T00:00:00Z,0xsample000480,sample-prediction-market-30,YES,0.500,7000.00
2026-08-22T01:15:00Z,0xsample000481,sample-prediction-market-31,YES,0.510,7012.50
2026-08-22T02:30:00Z,0xsample000482,sample-prediction-market-32,YES,0.520,7025.00
2026-08-22T03:45:00Z,0xsample000483,sample-prediction-market-33,YES,0.530,7037.50
2026-08-22T04:00:00Z,0xsample000484,sample-prediction-market-34,YES,0.540,7050.00
2026-08-22T05:15:00Z,0xsample000485,sample-prediction-market-35,YES,0.550,7062.50
2026-08-22T06:30:00Z,0xsample000486,sample-prediction-market-36,YES,0.560,7075.00
2026-08-22T07:45:00Z,0xsample000487,sample-prediction-market-37,YES,0.570,7087.50
2026-08-22T08:00:00Z,0xsample000488,sample-prediction-market-38,YES,0.580,7100.00
2026-08-22T09:15:00Z,0xsample000489,sample-prediction-market-39,YES,0.590,7112.50
2026-08-22T10:30:00Z,0xsample000490,sample-prediction-market-40,YES,0.600,7125.00
2026-08-22T11:45:00Z,0xsample000491,sample-prediction-market-41,YES,0.610,7137.50
2026-08-22T12:00:00Z,0xsample000492,sample-prediction-market-42,YES,0.620,7150.00
2026-08-22T13:15:00Z,0xsample000493,sample-prediction-market-43,YES,0.630,7162.50
2026-08-22T14:30:00Z,0xsample000494,sample-prediction-market-44,YES,0.640,7175.00
2026-08-22T15:45:00Z,0xsample000495,sample-prediction-market-45,YES,0.650,7187.50
2026-08-22T16:00:00Z,0xsample000496,sample-prediction-market-46,YES,0.660,7200.00
2026-08-22T17:15:00Z,0xsample000497,sample-prediction-market-47,YES,0.670,7212.50
2026-08-22T18:30:00Z,0xsample000498,sample-prediction-market-48,YES,0.680,7225.00
2026-08-22T19:45:00Z,0xsample000499,sample-prediction-market-49,YES,0.690,7237.50
2026-08-22T20:00:00Z,0xsample000500,sample-prediction-market-0,YES,0.700,7250.00
2026-08-22T21:15:00Z,0xsample000501,sample-prediction-market-1,YES,0.710,7262.50
2026-08-22T22:30:00Z,0xsample000502,sample-prediction-market-2,YES,0.720,7275.00
2026-08-22T23:45:00Z,0xsample000503,sample-prediction-market-3,YES,0.730,7287.50
2026-08-22T00:00:00Z,0xsample000504,sample-prediction-market-4,YES,0.740,7300.00
2026-08-22T01:15:00Z,0xsample000505,sample-prediction-market-5,YES,0.750,7312.50
2026-08-22T02:30:00Z,0xsample000506,sample-prediction-market-6,YES,0.760,7325.00
2026-08-22T03:45:00Z,0xsample000507,sample-prediction-market-7,YES,0.770,7337.50
2026-08-22T04:00:00Z,0xsample000508,sample-prediction-market-8,YES,0.780,7350.00
2026-08-22T05:15:00Z,0xsample000509,sample-prediction-market-9,YES,0.790,7362.50
2026-08-22T06:30:00Z,0xsample000510,sample-prediction-market-10,YES,0.800,7375.00
2026-08-22T07:45:00Z,0xsample000511,sample-prediction-market-11,YES,0.810,7387.50
2026-08-22T08:00:00Z,0xsample000512,sample-prediction-market-12,YES,0.820,7400.00
2026-08-22T09:15:00Z,0xsample000513,sample-prediction-market-13,YES,0.830,7412.50
2026-08-22T10:30:00Z,0xsample000514,sample-prediction-market-14,YES,0.840,7425.00
2026-08-22T11:45:00Z,0xsample000515,sample-prediction-market-15,YES,0.850,7437.50
2026-08-22T12:00:00Z,0xsample000516,sample-prediction-market-16,YES,0.860,7450.00
2026-08-22T13:15:00Z,0xsample000517,sample-prediction-market-17,YES,0.870,7462.50
2026-08-22T14:30:00Z,0xsample000518,sample-prediction-market-18,YES,0.880,7475.00
2026-08-22T15:45:00Z,0xsample000519,sample-prediction-market-19,YES,0.890,7487.50
2026-08-22T16:00:00Z,0xsample000520,sample-prediction-market-20,YES,0.500,7500.00
2026-08-22T17:15:00Z,0xsample000521,sample-prediction-market-21,YES,0.510,7512.50
2026-08-22T18:30:00Z,0xsample000522,sample-prediction-market-22,YES,0.520,7525.00
2026-08-22T19:45:00Z,0xsample000523,sample-prediction-market-23,YES,0.530,7537.50
2026-08-22T20:00:00Z,0xsample000524,sample-prediction-market-24,YES,0.540,7550.00
2026-08-22T21:15:00Z,0xsample000525,sample-prediction-market-25,YES,0.550,7562.50
2026-08-22T22:30:00Z,0xsample000526,sample-prediction-market-26,YES,0.560,7575.00
2026-08-22T23:45:00Z,0xsample000527,sample-prediction-market-27,YES,0.570,7587.50
2026-08-22T00:00:00Z,0xsample000528,sample-prediction-market-28,YES,0.580,7600.00
2026-08-22T01:15:00Z,0xsample000529,sample-prediction-market-29,YES,0.590,7612.50
2026-08-22T02:30:00Z,0xsample000530,sample-prediction-market-30,YES,0.600,7625.00
2026-08-22T03:45:00Z,0xsample000531,sample-prediction-market-31,YES,0.610,7637.50
2026-08-22T04:00:00Z,0xsample000532,sample-prediction-market-32,YES,0.620,7650.00
2026-08-22T05:15:00Z,0xsample000533,sample-prediction-market-33,YES,0.630,7662.50
2026-08-22T06:30:00Z,0xsample000534,sample-prediction-market-34,YES,0.640,7675.00
2026-08-22T07:45:00Z,0xsample000535,sample-prediction-market-35,YES,0.650,7687.50
2026-08-22T08:00:00Z,0xsample000536,sample-prediction-market-36,YES,0.660,7700.00
2026-08-22T09:15:00Z,0xsample000537,sample-prediction-market-37,YES,0.670,7712.50
2026-08-22T10:30:00Z,0xsample000538,sample-prediction-market-38,YES,0.680,7725.00
2026-08-22T11:45:00Z,0xsample000539,sample-prediction-market-39,YES,0.690,7737.50
2026-08-22T12:00:00Z,0xsample000540,sample-prediction-market-40,YES,0.700,7750.00
2026-08-22T13:15:00Z,0xsample000541,sample-prediction-market-41,YES,0.710,7762.50
2026-08-22T14:30:00Z,0xsample000542,sample-prediction-market-42,YES,0.720,7775.00
2026-08-22T15:45:00Z,0xsample000543,sample-prediction-market-43,YES,0.730,7787.50
2026-08-22T16:00:00Z,0xsample000544,sample-prediction-market-44,YES,0.740,7800.00
2026-08-22T17:15:00Z,0xsample000545,sample-prediction-market-45,YES,0.750,7812.50
2026-08-22T18:30:00Z,0xsample000546,sample-prediction-market-46,YES,0.760,7825.00
2026-08-22T19:45:00Z,0xsample000547,sample-prediction-market-47,YES,0.770,7837.50
2026-08-22T20:00:00Z,0xsample000548,sample-prediction-market-48,YES,0.780,7850.00
2026-08-22T21:15:00Z,0xsample000549,sample-prediction-market-49,YES,0.790,7862.50
2026-08-22T22:30:00Z,0xsample000550,sample-prediction-market-0,YES,0.800,7875.00
2026-08-22T23:45:00Z,0xsample000551,sample-prediction-market-1,YES,0.810,7887.50
2026-08-22T00:00:00Z,0xsample000552,sample-prediction-market-2,YES,0.820,7900.00
2026-08-22T01:15:00Z,0xsample000553,sample-prediction-market-3,YES,0.830,7912.50
2026-08-22T02:30:00Z,0xsample000554,sample-prediction-market-4,YES,0.840,7925.00
2026-08-22T03:45:00Z,0xsample000555,sample-prediction-market-5,YES,0.850,7937.50
2026-08-22T04:00:00Z,0xsample000556,sample-prediction-market-6,YES,0.860,7950.00
2026-08-22T05:15:00Z,0xsample000557,sample-prediction-market-7,YES,0.870,7962.50
2026-08-22T06:30:00Z,0xsample000558,sample-prediction-market-8,YES,0.880,7975.00
2026-08-22T07:45:00Z,0xsample000559,sample-prediction-market-9,YES,0.890,7987.50
2026-08-22T08:00:00Z,0xsample000560,sample-prediction-market-10,YES,0.500,8000.00
2026-08-22T09:15:00Z,0xsample000561,sample-prediction-market-11,YES,0.510,8012.50
2026-08-22T10:30:00Z,0xsample000562,sample-prediction-market-12,YES,0.520,8025.00
2026-08-22T11:45:00Z,0xsample000563,sample-prediction-market-13,YES,0.530,8037.50
2026-08-22T12:00:00Z,0xsample000564,sample-prediction-market-14,YES,0.540,8050.00
2026-08-22T13:15:00Z,0xsample000565,sample-prediction-market-15,YES,0.550,8062.50
2026-08-22T14:30:00Z,0xsample000566,sample-prediction-market-16,YES,0.560,8075.00
2026-08-22T15:45:00Z,0xsample000567,sample-prediction-market-17,YES,0.570,8087.50
2026-08-22T16:00:00Z,0xsample000568,sample-prediction-market-18,YES,0.580,8100.00
2026-08-22T17:15:00Z,0xsample000569,sample-prediction-market-19,YES,0.590,8112.50
2026-08-22T18:30:00Z,0xsample000570,sample-prediction-market-20,YES,0.600,8125.00
2026-08-22T19:45:00Z,0xsample000571,sample-prediction-market-21,YES,0.610,8137.50
2026-08-22T20:00:00Z,0xsample000572,sample-prediction-market-22,YES,0.620,8150.00
2026-08-22T21:15:00Z,0xsample000573,sample-prediction-market-23,YES,0.630,8162.50
2026-08-22T22:30:00Z,0xsample000574,sample-prediction-market-24,YES,0.640,8175.00
2026-08-22T23:45:00Z,0xsample000575,sample-prediction-market-25,YES,0.650,8187.50
2026-08-22T00:00:00Z,0xsample000576,sample-prediction-market-26,YES,0.660,8200.00
2026-08-22T01:15:00Z,0xsample000577,sample-prediction-market-27,YES,0.670,8212.50
2026-08-22T02:30:00Z,0xsample000578,sample-prediction-market-28,YES,0.680,8225.00
2026-08-22T03:45:00Z,0xsample000579,sample-prediction-market-29,YES,0.690,8237.50
2026-08-22T04:00:00Z,0xsample000580,sample-prediction-market-30,YES,0.700,8250.00
2026-08-22T05:15:00Z,0xsample000581,sample-prediction-market-31,YES,0.710,8262.50
2026-08-22T06:30:00Z,0xsample000582,sample-prediction-market-32,YES,0.720,8275.00
2026-08-22T07:45:00Z,0xsample000583,sample-prediction-market-33,YES,0.730,8287.50
2026-08-22T08:00:00Z,0xsample000584,sample-prediction-market-34,YES,0.740,8300.00
2026-08-22T09:15:00Z,0xsample000585,sample-prediction-market-35,YES,0.750,8312.50
2026-08-22T10:30:00Z,0xsample000586,sample-prediction-market-36,YES,0.760,8325.00
2026-08-22T11:45:00Z,0xsample000587,sample-prediction-market-37,YES,0.770,8337.50
2026-08-22T12:00:00Z,0xsample000588,sample-prediction-market-38,YES,0.780,8350.00
2026-08-22T13:15:00Z,0xsample000589,sample-prediction-market-39,YES,0.790,8362.50
2026-08-22T14:30:00Z,0xsample000590,sample-prediction-market-40,YES,0.800,8375.00
2026-08-22T15:45:00Z,0xsample000591,sample-prediction-market-41,YES,0.810,8387.50
2026-08-22T16:00:00Z,0xsample000592,sample-prediction-market-42,YES,0.820,8400.00
2026-08-22T17:15:00Z,0xsample000593,sample-prediction-market-43,YES,0.830,8412.50
2026-08-22T18:30:00Z,0xsample000594,sample-prediction-market-44,YES,0.840,8425.00
2026-08-22T19:45:00Z,0xsample000595,sample-prediction-market-45,YES,0.850,8437.50
2026-08-22T20:00:00Z,0xsample000596,sample-prediction-market-46,YES,0.860,8450.00
2026-08-22T21:15:00Z,0xsample000597,sample-prediction-market-47,YES,0.870,8462.50
2026-08-22T22:30:00Z,0xsample000598,sample-prediction-market-48,YES,0.880,8475.00
2026-08-22T23:45:00Z,0xsample000599,sample-prediction-market-49,YES,0.890,8487.50
2026-08-22T00:00:00Z,0xsample000600,sample-prediction-market-0,YES,0.500,8500.00
2026-08-22T01:15:00Z,0xsample000601,sample-prediction-market-1,YES,0.510,8512.50
2026-08-22T02:30:00Z,0xsample000602,sample-prediction-market-2,YES,0.520,8525.00
2026-08-22T03:45:00Z,0xsample000603,sample-prediction-market-3,YES,0.530,8537.50
2026-08-22T04:00:00Z,0xsample000604,sample-prediction-market-4,YES,0.540,8550.00
2026-08-22T05:15:00Z,0xsample000605,sample-prediction-market-5,YES,0.550,8562.50
2026-08-22T06:30:00Z,0xsample000606,sample-prediction-market-6,YES,0.560,8575.00
2026-08-22T07:45:00Z,0xsample000607,sample-prediction-market-7,YES,0.570,8587.50
2026-08-22T08:00:00Z,0xsample000608,sample-prediction-market-8,YES,0.580,8600.00
2026-08-22T09:15:00Z,0xsample000609,sample-prediction-market-9,YES,0.590,8612.50
2026-08-22T10:30:00Z,0xsample000610,sample-prediction-market-10,YES,0.600,8625.00
2026-08-22T11:45:00Z,0xsample000611,sample-prediction-market-11,YES,0.610,8637.50
2026-08-22T12:00:00Z,0xsample000612,sample-prediction-market-12,YES,0.620,8650.00
2026-08-22T13:15:00Z,0xsample000613,sample-prediction-market-13,YES,0.630,8662.50
2026-08-22T14:30:00Z,0xsample000614,sample-prediction-market-14,YES,0.640,8675.00
2026-08-22T15:45:00Z,0xsample000615,sample-prediction-market-15,YES,0.650,8687.50
2026-08-22T16:00:00Z,0xsample000616,sample-prediction-market-16,YES,0.660,8700.00
2026-08-22T17:15:00Z,0xsample000617,sample-prediction-market-17,YES,0.670,8712.50
2026-08-22T18:30:00Z,0xsample000618,sample-prediction-market-18,YES,0.680,8725.00
2026-08-22T19:45:00Z,0xsample000619,sample-prediction-market-19,YES,0.690,8737.50
2026-08-22T20:00:00Z,0xsample000620,sample-prediction-market-20,YES,0.700,8750.00
2026-08-22T21:15:00Z,0xsample000621,sample-prediction-market-21,YES,0.710,8762.50
2026-08-22T22:30:00Z,0xsample000622,sample-prediction-market-22,YES,0.720,8775.00
2026-08-22T23:45:00Z,0xsample000623,sample-prediction-market-23,YES,0.730,8787.50
2026-08-22T00:00:00Z,0xsample000624,sample-prediction-market-24,YES,0.740,8800.00
2026-08-22T01:15:00Z,0xsample000625,sample-prediction-market-25,YES,0.750,8812.50
2026-08-22T02:30:00Z,0xsample000626,sample-prediction-market-26,YES,0.760,8825.00
2026-08-22T03:45:00Z,0xsample000627,sample-prediction-market-27,YES,0.770,8837.50
2026-08-22T04:00:00Z,0xsample000628,sample-prediction-market-28,YES,0.780,8850.00
2026-08-22T05:15:00Z,0xsample000629,sample-prediction-market-29,YES,0.790,8862.50
2026-08-22T06:30:00Z,0xsample000630,sample-prediction-market-30,YES,0.800,8875.00
2026-08-22T07:45:00Z,0xsample000631,sample-prediction-market-31,YES,0.810,8887.50
2026-08-22T08:00:00Z,0xsample000632,sample-prediction-market-32,YES,0.820,8900.00
2026-08-22T09:15:00Z,0xsample000633,sample-prediction-market-33,YES,0.830,8912.50
2026-08-22T10:30:00Z,0xsample000634,sample-prediction-market-34,YES,0.840,8925.00
2026-08-22T11:45:00Z,0xsample000635,sample-prediction-market-35,YES,0.850,8937.50
2026-08-22T12:00:00Z,0xsample000636,sample-prediction-market-36,YES,0.860,8950.00
2026-08-22T13:15:00Z,0xsample000637,sample-prediction-market-37,YES,0.870,8962.50
2026-08-22T14:30:00Z,0xsample000638,sample-prediction-market-38,YES,0.880,8975.00
2026-08-22T15:45:00Z,0xsample000639,sample-prediction-market-39,YES,0.890,8987.50
2026-08-22T16:00:00Z,0xsample000640,sample-prediction-market-40,YES,0.500,9000.00
2026-08-22T17:15:00Z,0xsample000641,sample-prediction-market-41,YES,0.510,9012.50
2026-08-22T18:30:00Z,0xsample000642,sample-prediction-market-42,YES,0.520,9025.00
2026-08-22T19:45:00Z,0xsample000643,sample-prediction-market-43,YES,0.530,9037.50
2026-08-22T20:00:00Z,0xsample000644,sample-prediction-market-44,YES,0.540,9050.00
2026-08-22T21:15:00Z,0xsample000645,sample-prediction-market-45,YES,0.550,9062.50
2026-08-22T22:30:00Z,0xsample000646,sample-prediction-market-46,YES,0.560,9075.00
2026-08-22T23:45:00Z,0xsample000647,sample-prediction-market-47,YES,0.570,9087.50
2026-08-22T00:00:00Z,0xsample000648,sample-prediction-market-48,YES,0.580,9100.00
2026-08-22T01:15:00Z,0xsample000649,sample-prediction-market-49,YES,0.590,9112.50
2026-08-22T02:30:00Z,0xsample000650,sample-prediction-market-0,YES,0.600,9125.00
2026-08-22T03:45:00Z,0xsample000651,sample-prediction-market-1,YES,0.610,9137.50
2026-08-22T04:00:00Z,0xsample000652,sample-prediction-market-2,YES,0.620,9150.00
2026-08-22T05:15:00Z,0xsample000653,sample-prediction-market-3,YES,0.630,9162.50
2026-08-22T06:30:00Z,0xsample000654,sample-prediction-market-4,YES,0.640,9175.00
2026-08-22T07:45:00Z,0xsample000655,sample-prediction-market-5,YES,0.650,9187.50
2026-08-22T08:00:00Z,0xsample000656,sample-prediction-market-6,YES,0.660,9200.00
2026-08-22T09:15:00Z,0xsample000657,sample-prediction-market-7,YES,0.670,9212.50
2026-08-22T10:30:00Z,0xsample000658,sample-prediction-market-8,YES,0.680,9225.00
2026-08-22T11:45:00Z,0xsample000659,sample-prediction-market-9,YES,0.690,9237.50
2026-08-22T12:00:00Z,0xsample000660,sample-prediction-market-10,YES,0.700,9250.00
2026-08-22T13:15:00Z,0xsample000661,sample-prediction-market-11,YES,0.710,9262.50
2026-08-22T14:30:00Z,0xsample000662,sample-prediction-market-12,YES,0.720,9275.00
2026-08-22T15:45:00Z,0xsample000663,sample-prediction-market-13,YES,0.730,9287.50
2026-08-22T16:00:00Z,0xsample000664,sample-prediction-market-14,YES,0.740,9300.00
2026-08-22T17:15:00Z,0xsample000665,sample-prediction-market-15,YES,0.750,9312.50
2026-08-22T18:30:00Z,0xsample000666,sample-prediction-market-16,YES,0.760,9325.00
2026-08-22T19:45:00Z,0xsample000667,sample-prediction-market-17,YES,0.770,9337.50
2026-08-22T20:00:00Z,0xsample000668,sample-prediction-market-18,YES,0.780,9350.00
2026-08-22T21:15:00Z,0xsample000669,sample-prediction-market-19,YES,0.790,9362.50
2026-08-22T22:30:00Z,0xsample000670,sample-prediction-market-20,YES,0.800,9375.00
2026-08-22T23:45:00Z,0xsample000671,sample-prediction-market-21,YES,0.810,9387.50
2026-08-22T00:00:00Z,0xsample000672,sample-prediction-market-22,YES,0.820,9400.00
2026-08-22T01:15:00Z,0xsample000673,sample-prediction-market-23,YES,0.830,9412.50
2026-08-22T02:30:00Z,0xsample000674,sample-prediction-market-24,YES,0.840,9425.00
2026-08-22T03:45:00Z,0xsample000675,sample-prediction-market-25,YES,0.850,9437.50
2026-08-22T04:00:00Z,0xsample000676,sample-prediction-market-26,YES,0.860,9450.00
2026-08-22T05:15:00Z,0xsample000677,sample-prediction-market-27,YES,0.870,9462.50
2026-08-22T06:30:00Z,0xsample000678,sample-prediction-market-28,YES,0.880,9475.00
2026-08-22T07:45:00Z,0xsample000679,sample-prediction-market-29,YES,0.890,9487.50
2026-08-22T08:00:00Z,0xsample000680,sample-prediction-market-30,YES,0.500,9500.00
2026-08-22T09:15:00Z,0xsample000681,sample-prediction-market-31,YES,0.510,9512.50
2026-08-22T10:30:00Z,0xsample000682,sample-prediction-market-32,YES,0.520,9525.00
2026-08-22T11:45:00Z,0xsample000683,sample-prediction-market-33,YES,0.530,9537.50
2026-08-22T12:00:00Z,0xsample000684,sample-prediction-market-34,YES,0.540,9550.00
2026-08-22T13:15:00Z,0xsample000685,sample-prediction-market-35,YES,0.550,9562.50
2026-08-22T14:30:00Z,0xsample000686,sample-prediction-market-36,YES,0.560,9575.00
2026-08-22T15:45:00Z,0xsample000687,sample-prediction-market-37,YES,0.570,9587.50
2026-08-22T16:00:00Z,0xsample000688,sample-prediction-market-38,YES,0.580,9600.00
2026-08-22T17:15:00Z,0xsample000689,sample-prediction-market-39,YES,0.590,9612.50
2026-08-22T18:30:00Z,0xsample000690,sample-prediction-market-40,YES,0.600,9625.00
2026-08-22T19:45:00Z,0xsample000691,sample-prediction-market-41,YES,0.610,9637.50
2026-08-22T20:00:00Z,0xsample000692,sample-prediction-market-42,YES,0.620,9650.00
2026-08-22T21:15:00Z,0xsample000693,sample-prediction-market-43,YES,0.630,9662.50
2026-08-22T22:30:00Z,0xsample000694,sample-prediction-market-44,YES,0.640,9675.00
2026-08-22T23:45:00Z,0xsample000695,sample-prediction-market-45,YES,0.650,9687.50
2026-08-22T00:00:00Z,0xsample000696,sample-prediction-market-46,YES,0.660,9700.00
2026-08-22T01:15:00Z,0xsample000697,sample-prediction-market-47,YES,0.670,9712.50
2026-08-22T02:30:00Z,0xsample000698,sample-prediction-market-48,YES,0.680,9725.00
2026-08-22T03:45:00Z,0xsample000699,sample-prediction-market-49,YES,0.690,9737.50
2026-08-22T04:00:00Z,0xsample000700,sample-prediction-market-0,YES,0.700,9750.00
2026-08-22T05:15:00Z,0xsample000701,sample-prediction-market-1,YES,0.710,9762.50
2026-08-22T06:30:00Z,0xsample000702,sample-prediction-market-2,YES,0.720,9775.00
2026-08-22T07:45:00Z,0xsample000703,sample-prediction-market-3,YES,0.730,9787.50
2026-08-22T08:00:00Z,0xsample000704,sample-prediction-market-4,YES,0.740,9800.00
2026-08-22T09:15:00Z,0xsample000705,sample-prediction-market-5,YES,0.750,9812.50
2026-08-22T10:30:00Z,0xsample000706,sample-prediction-market-6,YES,0.760,9825.00
2026-08-22T11:45:00Z,0xsample000707,sample-prediction-market-7,YES,0.770,9837.50
2026-08-22T12:00:00Z,0xsample000708,sample-prediction-market-8,YES,0.780,9850.00
2026-08-22T13:15:00Z,0xsample000709,sample-prediction-market-9,YES,0.790,9862.50
2026-08-22T14:30:00Z,0xsample000710,sample-prediction-market-10,YES,0.800,9875.00
2026-08-22T15:45:00Z,0xsample000711,sample-prediction-market-11,YES,0.810,9887.50
2026-08-22T16:00:00Z,0xsample000712,sample-prediction-market-12,YES,0.820,9900.00
2026-08-22T17:15:00Z,0xsample000713,sample-prediction-market-13,YES,0.830,9912.50
2026-08-22T18:30:00Z,0xsample000714,sample-prediction-market-14,YES,0.840,9925.00
2026-08-22T19:45:00Z,0xsample000715,sample-prediction-market-15,YES,0.850,9937.50
2026-08-22T20:00:00Z,0xsample000716,sample-prediction-market-16,YES,0.860,9950.00
2026-08-22T21:15:00Z,0xsample000717,sample-prediction-market-17,YES,0.870,9962.50
2026-08-22T22:30:00Z,0xsample000718,sample-prediction-market-18,YES,0.880,9975.00
2026-08-22T23:45:00Z,0xsample000719,sample-prediction-market-19,YES,0.890,9987.50
2026-08-22T00:00:00Z,0xsample000720,sample-prediction-market-20,YES,0.500,10000.00
2026-08-22T01:15:00Z,0xsample000721,sample-prediction-market-21,YES,0.510,10012.50
2026-08-22T02:30:00Z,0xsample000722,sample-prediction-market-22,YES,0.520,10025.00
2026-08-22T03:45:00Z,0xsample000723,sample-prediction-market-23,YES,0.530,10037.50
2026-08-22T04:00:00Z,0xsample000724,sample-prediction-market-24,YES,0.540,10050.00
2026-08-22T05:15:00Z,0xsample000725,sample-prediction-market-25,YES,0.550,10062.50
2026-08-22T06:30:00Z,0xsample000726,sample-prediction-market-26,YES,0.560,10075.00
2026-08-22T07:45:00Z,0xsample000727,sample-prediction-market-27,YES,0.570,10087.50
2026-08-22T08:00:00Z,0xsample000728,sample-prediction-market-28,YES,0.580,10100.00
2026-08-22T09:15:00Z,0xsample000729,sample-prediction-market-29,YES,0.590,10112.50
2026-08-22T10:30:00Z,0xsample000730,sample-prediction-market-30,YES,0.600,10125.00
2026-08-22T11:45:00Z,0xsample000731,sample-prediction-market-31,YES,0.610,10137.50
2026-08-22T12:00:00Z,0xsample000732,sample-prediction-market-32,YES,0.620,10150.00
2026-08-22T13:15:00Z,0xsample000733,sample-prediction-market-33,YES,0.630,10162.50
2026-08-22T14:30:00Z,0xsample000734,sample-prediction-market-34,YES,0.640,10175.00
2026-08-22T15:45:00Z,0xsample000735,sample-prediction-market-35,YES,0.650,10187.50
2026-08-22T16:00:00Z,0xsample000736,sample-prediction-market-36,YES,0.660,10200.00
2026-08-22T17:15:00Z,0xsample000737,sample-prediction-market-37,YES,0.670,10212.50
2026-08-22T18:30:00Z,0xsample000738,sample-prediction-market-38,YES,0.680,10225.00
2026-08-22T19:45:00Z,0xsample000739,sample-prediction-market-39,YES,0.690,10237.50
2026-08-22T20:00:00Z,0xsample000740,sample-prediction-market-40,YES,0.700,10250.00
2026-08-22T21:15:00Z,0xsample000741,sample-prediction-market-41,YES,0.710,10262.50
2026-08-22T22:30:00Z,0xsample000742,sample-prediction-market-42,YES,0.720,10275.00
2026-08-22T23:45:00Z,0xsample000743,sample-prediction-market-43,YES,0.730,10287.50
2026-08-22T00:00:00Z,0xsample000744,sample-prediction-market-44,YES,0.740,10300.00
2026-08-22T01:15:00Z,0xsample000745,sample-prediction-market-45,YES,0.750,10312.50
2026-08-22T02:30:00Z,0xsample000746,sample-prediction-market-46,YES,0.760,10325.00
2026-08-22T03:45:00Z,0xsample000747,sample-prediction-market-47,YES,0.770,10337.50
2026-08-22T04:00:00Z,0xsample000748,sample-prediction-market-48,YES,0.780,10350.00
2026-08-22T05:15:00Z,0xsample000749,sample-prediction-market-49,YES,0.790,10362.50
2026-08-22T06:30:00Z,0xsample000750,sample-prediction-market-0,YES,0.800,10375.00
2026-08-22T07:45:00Z,0xsample000751,sample-prediction-market-1,YES,0.810,10387.50
2026-08-22T08:00:00Z,0xsample000752,sample-prediction-market-2,YES,0.820,10400.00
2026-08-22T09:15:00Z,0xsample000753,sample-prediction-market-3,YES,0.830,10412.50
2026-08-22T10:30:00Z,0xsample000754,sample-prediction-market-4,YES,0.840,10425.00
2026-08-22T11:45:00Z,0xsample000755,sample-prediction-market-5,YES,0.850,10437.50
2026-08-22T12:00:00Z,0xsample000756,sample-prediction-market-6,YES,0.860,10450.00
2026-08-22T13:15:00Z,0xsample000757,sample-prediction-market-7,YES,0.870,10462.50
2026-08-22T14:30:00Z,0xsample000758,sample-prediction-market-8,YES,0.880,10475.00
2026-08-22T15:45:00Z,0xsample000759,sample-prediction-market-9,YES,0.890,10487.50
2026-08-22T16:00:00Z,0xsample000760,sample-prediction-market-10,YES,0.500,10500.00
2026-08-22T17:15:00Z,0xsample000761,sample-prediction-market-11,YES,0.510,10512.50
2026-08-22T18:30:00Z,0xsample000762,sample-prediction-market-12,YES,0.520,10525.00
2026-08-22T19:45:00Z,0xsample000763,sample-prediction-market-13,YES,0.530,10537.50
2026-08-22T20:00:00Z,0xsample000764,sample-prediction-market-14,YES,0.540,10550.00
2026-08-22T21:15:00Z,0xsample000765,sample-prediction-market-15,YES,0.550,10562.50
2026-08-22T22:30:00Z,0xsample000766,sample-prediction-market-16,YES,0.560,10575.00
2026-08-22T23:45:00Z,0xsample000767,sample-prediction-market-17,YES,0.570,10587.50
2026-08-22T00:00:00Z,0xsample000768,sample-prediction-market-18,YES,0.580,10600.00
2026-08-22T01:15:00Z,0xsample000769,sample-prediction-market-19,YES,0.590,10612.50
2026-08-22T02:30:00Z,0xsample000770,sample-prediction-market-20,YES,0.600,10625.00
2026-08-22T03:45:00Z,0xsample000771,sample-prediction-market-21,YES,0.610,10637.50
2026-08-22T04:00:00Z,0xsample000772,sample-prediction-market-22,YES,0.620,10650.00
2026-08-22T05:15:00Z,0xsample000773,sample-prediction-market-23,YES,0.630,10662.50
2026-08-22T06:30:00Z,0xsample000774,sample-prediction-market-24,YES,0.640,10675.00
2026-08-22T07:45:00Z,0xsample000775,sample-prediction-market-25,YES,0.650,10687.50
2026-08-22T08:00:00Z,0xsample000776,sample-prediction-market-26,YES,0.660,10700.00
2026-08-22T09:15:00Z,0xsample000777,sample-prediction-market-27,YES,0.670,10712.50
2026-08-22T10:30:00Z,0xsample000778,sample-prediction-market-28,YES,0.680,10725.00
2026-08-22T11:45:00Z,0xsample000779,sample-prediction-market-29,YES,0.690,10737.50
2026-08-22T12:00:00Z,0xsample000780,sample-prediction-market-30,YES,0.700,10750.00
2026-08-22T13:15:00Z,0xsample000781,sample-prediction-market-31,YES,0.710,10762.50
2026-08-22T14:30:00Z,0xsample000782,sample-prediction-market-32,YES,0.720,10775.00
2026-08-22T15:45:00Z,0xsample000783,sample-prediction-market-33,YES,0.730,10787.50
2026-08-22T16:00:00Z,0xsample000784,sample-prediction-market-34,YES,0.740,10800.00
2026-08-22T17:15:00Z,0xsample000785,sample-prediction-market-35,YES,0.750,10812.50
2026-08-22T18:30:00Z,0xsample000786,sample-prediction-market-36,YES,0.760,10825.00
2026-08-22T19:45:00Z,0xsample000787,sample-prediction-market-37,YES,0.770,10837.50
2026-08-22T20:00:00Z,0xsample000788,sample-prediction-market-38,YES,0.780,10850.00
2026-08-22T21:15:00Z,0xsample000789,sample-prediction-market-39,YES,0.790,10862.50
2026-08-22T22:30:00Z,0xsample000790,sample-prediction-market-40,YES,0.800,10875.00
2026-08-22T23:45:00Z,0xsample000791,sample-prediction-market-41,YES,0.810,10887.50
2026-08-22T00:00:00Z,0xsample000792,sample-prediction-market-42,YES,0.820,10900.00
2026-08-22T01:15:00Z,0xsample000793,sample-prediction-market-43,YES,0.830,10912.50
2026-08-22T02:30:00Z,0xsample000794,sample-prediction-market-44,YES,0.840,10925.00
2026-08-22T03:45:00Z,0xsample000795,sample-prediction-market-45,YES,0.850,10937.50
2026-08-22T04:00:00Z,0xsample000796,sample-prediction-market-46,YES,0.860,10950.00
2026-08-22T05:15:00Z,0xsample000797,sample-prediction-market-47,YES,0.870,10962.50
2026-08-22T06:30:00Z,0xsample000798,sample-prediction-market-48,YES,0.880,10975.00
2026-08-22T07:45:00Z,0xsample000799,sample-prediction-market-49,YES,0.890,10987.50
2026-08-22T08:00:00Z,0xsample000800,sample-prediction-market-0,YES,0.500,11000.00
2026-08-22T09:15:00Z,0xsample000801,sample-prediction-market-1,YES,0.510,11012.50
2026-08-22T10:30:00Z,0xsample000802,sample-prediction-market-2,YES,0.520,11025.00
2026-08-22T11:45:00Z,0xsample000803,sample-prediction-market-3,YES,0.530,11037.50
2026-08-22T12:00:00Z,0xsample000804,sample-prediction-market-4,YES,0.540,11050.00
2026-08-22T13:15:00Z,0xsample000805,sample-prediction-market-5,YES,0.550,11062.50
2026-08-22T14:30:00Z,0xsample000806,sample-prediction-market-6,YES,0.560,11075.00
2026-08-22T15:45:00Z,0xsample000807,sample-prediction-market-7,YES,0.570,11087.50
2026-08-22T16:00:00Z,0xsample000808,sample-prediction-market-8,YES,0.580,11100.00
2026-08-22T17:15:00Z,0xsample000809,sample-prediction-market-9,YES,0.590,11112.50
2026-08-22T18:30:00Z,0xsample000810,sample-prediction-market-10,YES,0.600,11125.00
2026-08-22T19:45:00Z,0xsample000811,sample-prediction-market-11,YES,0.610,11137.50
2026-08-22T20:00:00Z,0xsample000812,sample-prediction-market-12,YES,0.620,11150.00
2026-08-22T21:15:00Z,0xsample000813,sample-prediction-market-13,YES,0.630,11162.50
2026-08-22T22:30:00Z,0xsample000814,sample-prediction-market-14,YES,0.640,11175.00
2026-08-22T23:45:00Z,0xsample000815,sample-prediction-market-15,YES,0.650,11187.50
2026-08-22T00:00:00Z,0xsample000816,sample-prediction-market-16,YES,0.660,11200.00
2026-08-22T01:15:00Z,0xsample000817,sample-prediction-market-17,YES,0.670,11212.50
2026-08-22T02:30:00Z,0xsample000818,sample-prediction-market-18,YES,0.680,11225.00
2026-08-22T03:45:00Z,0xsample000819,sample-prediction-market-19,YES,0.690,11237.50
2026-08-22T04:00:00Z,0xsample000820,sample-prediction-market-20,YES,0.700,11250.00
2026-08-22T05:15:00Z,0xsample000821,sample-prediction-market-21,YES,0.710,11262.50
2026-08-22T06:30:00Z,0xsample000822,sample-prediction-market-22,YES,0.720,11275.00
2026-08-22T07:45:00Z,0xsample000823,sample-prediction-market-23,YES,0.730,11287.50
2026-08-22T08:00:00Z,0xsample000824,sample-prediction-market-24,YES,0.740,11300.00
2026-08-22T09:15:00Z,0xsample000825,sample-prediction-market-25,YES,0.750,11312.50
2026-08-22T10:30:00Z,0xsample000826,sample-prediction-market-26,YES,0.760,11325.00
2026-08-22T11:45:00Z,0xsample000827,sample-prediction-market-27,YES,0.770,11337.50
2026-08-22T12:00:00Z,0xsample000828,sample-prediction-market-28,YES,0.780,11350.00
2026-08-22T13:15:00Z,0xsample000829,sample-prediction-market-29,YES,0.790,11362.50
2026-08-22T14:30:00Z,0xsample000830,sample-prediction-market-30,YES,0.800,11375.00
2026-08-22T15:45:00Z,0xsample000831,sample-prediction-market-31,YES,0.810,11387.50
2026-08-22T16:00:00Z,0xsample000832,sample-prediction-market-32,YES,0.820,11400.00
2026-08-22T17:15:00Z,0xsample000833,sample-prediction-market-33,YES,0.830,11412.50
2026-08-22T18:30:00Z,0xsample000834,sample-prediction-market-34,YES,0.840,11425.00
2026-08-22T19:45:00Z,0xsample000835,sample-prediction-market-35,YES,0.850,11437.50
2026-08-22T20:00:00Z,0xsample000836,sample-prediction-market-36,YES,0.860,11450.00
2026-08-22T21:15:00Z,0xsample000837,sample-prediction-market-37,YES,0.870,11462.50
2026-08-22T22:30:00Z,0xsample000838,sample-prediction-market-38,YES,0.880,11475.00
2026-08-22T23:45:00Z,0xsample000839,sample-prediction-market-39,YES,0.890,11487.50
2026-08-22T00:00:00Z,0xsample000840,sample-prediction-market-40,YES,0.500,11500.00
2026-08-22T01:15:00Z,0xsample000841,sample-prediction-market-41,YES,0.510,11512.50
2026-08-22T02:30:00Z,0xsample000842,sample-prediction-market-42,YES,0.520,11525.00
2026-08-22T03:45:00Z,0xsample000843,sample-prediction-market-43,YES,0.530,11537.50
2026-08-22T04:00:00Z,0xsample000844,sample-prediction-market-44,YES,0.540,11550.00
2026-08-22T05:15:00Z,0xsample000845,sample-prediction-market-45,YES,0.550,11562.50
2026-08-22T06:30:00Z,0xsample000846,sample-prediction-market-46,YES,0.560,11575.00
2026-08-22T07:45:00Z,0xsample000847,sample-prediction-market-47,YES,0.570,11587.50
2026-08-22T08:00:00Z,0xsample000848,sample-prediction-market-48,YES,0.580,11600.00
2026-08-22T09:15:00Z,0xsample000849,sample-prediction-market-49,YES,0.590,11612.50
2026-08-22T10:30:00Z,0xsample000850,sample-prediction-market-0,YES,0.600,11625.00
2026-08-22T11:45:00Z,0xsample000851,sample-prediction-market-1,YES,0.610,11637.50
2026-08-22T12:00:00Z,0xsample000852,sample-prediction-market-2,YES,0.620,11650.00
2026-08-22T13:15:00Z,0xsample000853,sample-prediction-market-3,YES,0.630,11662.50
2026-08-22T14:30:00Z,0xsample000854,sample-prediction-market-4,YES,0.640,11675.00
2026-08-22T15:45:00Z,0xsample000855,sample-prediction-market-5,YES,0.650,11687.50
2026-08-22T16:00:00Z,0xsample000856,sample-prediction-market-6,YES,0.660,11700.00
2026-08-22T17:15:00Z,0xsample000857,sample-prediction-market-7,YES,0.670,11712.50
2026-08-22T18:30:00Z,0xsample000858,sample-prediction-market-8,YES,0.680,11725.00
2026-08-22T19:45:00Z,0xsample000859,sample-prediction-market-9,YES,0.690,11737.50
2026-08-22T20:00:00Z,0xsample000860,sample-prediction-market-10,YES,0.700,11750.00
2026-08-22T21:15:00Z,0xsample000861,sample-prediction-market-11,YES,0.710,11762.50
2026-08-22T22:30:00Z,0xsample000862,sample-prediction-market-12,YES,0.720,11775.00
2026-08-22T23:45:00Z,0xsample000863,sample-prediction-market-13,YES,0.730,11787.50
2026-08-22T00:00:00Z,0xsample000864,sample-prediction-market-14,YES,0.740,11800.00
2026-08-22T01:15:00Z,0xsample000865,sample-prediction-market-15,YES,0.750,11812.50
2026-08-22T02:30:00Z,0xsample000866,sample-prediction-market-16,YES,0.760,11825.00
2026-08-22T03:45:00Z,0xsample000867,sample-prediction-market-17,YES,0.770,11837.50
2026-08-22T04:00:00Z,0xsample000868,sample-prediction-market-18,YES,0.780,11850.00
2026-08-22T05:15:00Z,0xsample000869,sample-prediction-market-19,YES,0.790,11862.50
2026-08-22T06:30:00Z,0xsample000870,sample-prediction-market-20,YES,0.800,11875.00
2026-08-22T07:45:00Z,0xsample000871,sample-prediction-market-21,YES,0.810,11887.50
2026-08-22T08:00:00Z,0xsample000872,sample-prediction-market-22,YES,0.820,11900.00
2026-08-22T09:15:00Z,0xsample000873,sample-prediction-market-23,YES,0.830,11912.50
2026-08-22T10:30:00Z,0xsample000874,sample-prediction-market-24,YES,0.840,11925.00
2026-08-22T11:45:00Z,0xsample000875,sample-prediction-market-25,YES,0.850,11937.50
2026-08-22T12:00:00Z,0xsample000876,sample-prediction-market-26,YES,0.860,11950.00
2026-08-22T13:15:00Z,0xsample000877,sample-prediction-market-27,YES,0.870,11962.50
2026-08-22T14:30:00Z,0xsample000878,sample-prediction-market-28,YES,0.880,11975.00
2026-08-22T15:45:00Z,0xsample000879,sample-prediction-market-29,YES,0.890,11987.50
2026-08-22T16:00:00Z,0xsample000880,sample-prediction-market-30,YES,0.500,12000.00
2026-08-22T17:15:00Z,0xsample000881,sample-prediction-market-31,YES,0.510,12012.50
2026-08-22T18:30:00Z,0xsample000882,sample-prediction-market-32,YES,0.520,12025.00
2026-08-22T19:45:00Z,0xsample000883,sample-prediction-market-33,YES,0.530,12037.50
2026-08-22T20:00:00Z,0xsample000884,sample-prediction-market-34,YES,0.540,12050.00
2026-08-22T21:15:00Z,0xsample000885,sample-prediction-market-35,YES,0.550,12062.50
2026-08-22T22:30:00Z,0xsample000886,sample-prediction-market-36,YES,0.560,12075.00
2026-08-22T23:45:00Z,0xsample000887,sample-prediction-market-37,YES,0.570,12087.50
2026-08-22T00:00:00Z,0xsample000888,sample-prediction-market-38,YES,0.580,12100.00
2026-08-22T01:15:00Z,0xsample000889,sample-prediction-market-39,YES,0.590,12112.50
2026-08-22T02:30:00Z,0xsample000890,sample-prediction-market-40,YES,0.600,12125.00
2026-08-22T03:45:00Z,0xsample000891,sample-prediction-market-41,YES,0.610,12137.50
2026-08-22T04:00:00Z,0xsample000892,sample-prediction-market-42,YES,0.620,12150.00
2026-08-22T05:15:00Z,0xsample000893,sample-prediction-market-43,YES,0.630,12162.50
2026-08-22T06:30:00Z,0xsample000894,sample-prediction-market-44,YES,0.640,12175.00
2026-08-22T07:45:00Z,0xsample000895,sample-prediction-market-45,YES,0.650,12187.50
2026-08-22T08:00:00Z,0xsample000896,sample-prediction-market-46,YES,0.660,12200.00
2026-08-22T09:15:00Z,0xsample000897,sample-prediction-market-47,YES,0.670,12212.50
2026-08-22T10:30:00Z,0xsample000898,sample-prediction-market-48,YES,0.680,12225.00
2026-08-22T11:45:00Z,0xsample000899,sample-prediction-market-49,YES,0.690,12237.50
2026-08-22T12:00:00Z,0xsample000900,sample-prediction-market-0,YES,0.700,12250.00
2026-08-22T13:15:00Z,0xsample000901,sample-prediction-market-1,YES,0.710,12262.50
2026-08-22T14:30:00Z,0xsample000902,sample-prediction-market-2,YES,0.720,12275.00
2026-08-22T15:45:00Z,0xsample000903,sample-prediction-market-3,YES,0.730,12287.50
2026-08-22T16:00:00Z,0xsample000904,sample-prediction-market-4,YES,0.740,12300.00
2026-08-22T17:15:00Z,0xsample000905,sample-prediction-market-5,YES,0.750,12312.50
2026-08-22T18:30:00Z,0xsample000906,sample-prediction-market-6,YES,0.760,12325.00
2026-08-22T19:45:00Z,0xsample000907,sample-prediction-market-7,YES,0.770,12337.50
2026-08-22T20:00:00Z,0xsample000908,sample-prediction-market-8,YES,0.780,12350.00
2026-08-22T21:15:00Z,0xsample000909,sample-prediction-market-9,YES,0.790,12362.50
2026-08-22T22:30:00Z,0xsample000910,sample-prediction-market-10,YES,0.800,12375.00
2026-08-22T23:45:00Z,0xsample000911,sample-prediction-market-11,YES,0.810,12387.50
2026-08-22T00:00:00Z,0xsample000912,sample-prediction-market-12,YES,0.820,12400.00
2026-08-22T01:15:00Z,0xsample000913,sample-prediction-market-13,YES,0.830,12412.50
2026-08-22T02:30:00Z,0xsample000914,sample-prediction-market-14,YES,0.840,12425.00
2026-08-22T03:45:00Z,0xsample000915,sample-prediction-market-15,YES,0.850,12437.50
2026-08-22T04:00:00Z,0xsample000916,sample-prediction-market-16,YES,0.860,12450.00
2026-08-22T05:15:00Z,0xsample000917,sample-prediction-market-17,YES,0.870,12462.50
2026-08-22T06:30:00Z,0xsample000918,sample-prediction-market-18,YES,0.880,12475.00
2026-08-22T07:45:00Z,0xsample000919,sample-prediction-market-19,YES,0.890,12487.50
2026-08-22T08:00:00Z,0xsample000920,sample-prediction-market-20,YES,0.500,12500.00
2026-08-22T09:15:00Z,0xsample000921,sample-prediction-market-21,YES,0.510,12512.50
2026-08-22T10:30:00Z,0xsample000922,sample-prediction-market-22,YES,0.520,12525.00
2026-08-22T11:45:00Z,0xsample000923,sample-prediction-market-23,YES,0.530,12537.50
2026-08-22T12:00:00Z,0xsample000924,sample-prediction-market-24,YES,0.540,12550.00
2026-08-22T13:15:00Z,0xsample000925,sample-prediction-market-25,YES,0.550,12562.50
2026-08-22T14:30:00Z,0xsample000926,sample-prediction-market-26,YES,0.560,12575.00
2026-08-22T15:45:00Z,0xsample000927,sample-prediction-market-27,YES,0.570,12587.50
2026-08-22T16:00:00Z,0xsample000928,sample-prediction-market-28,YES,0.580,12600.00
2026-08-22T17:15:00Z,0xsample000929,sample-prediction-market-29,YES,0.590,12612.50
2026-08-22T18:30:00Z,0xsample000930,sample-prediction-market-30,YES,0.600,12625.00
2026-08-22T19:45:00Z,0xsample000931,sample-prediction-market-31,YES,0.610,12637.50
2026-08-22T20:00:00Z,0xsample000932,sample-prediction-market-32,YES,0.620,12650.00
2026-08-22T21:15:00Z,0xsample000933,sample-prediction-market-33,YES,0.630,12662.50
2026-08-22T22:30:00Z,0xsample000934,sample-prediction-market-34,YES,0.640,12675.00
2026-08-22T23:45:00Z,0xsample000935,sample-prediction-market-35,YES,0.650,12687.50
2026-08-22T00:00:00Z,0xsample000936,sample-prediction-market-36,YES,0.660,12700.00
2026-08-22T01:15:00Z,0xsample000937,sample-prediction-market-37,YES,0.670,12712.50
2026-08-22T02:30:00Z,0xsample000938,sample-prediction-market-38,YES,0.680,12725.00
2026-08-22T03:45:00Z,0xsample000939,sample-prediction-market-39,YES,0.690,12737.50
2026-08-22T04:00:00Z,0xsample000940,sample-prediction-market-40,YES,0.700,12750.00
2026-08-22T05:15:00Z,0xsample000941,sample-prediction-market-41,YES,0.710,12762.50
2026-08-22T06:30:00Z,0xsample000942,sample-prediction-market-42,YES,0.720,12775.00
2026-08-22T07:45:00Z,0xsample000943,sample-prediction-market-43,YES,0.730,12787.50
2026-08-22T08:00:00Z,0xsample000944,sample-prediction-market-44,YES,0.740,12800.00
2026-08-22T09:15:00Z,0xsample000945,sample-prediction-market-45,YES,0.750,12812.50
2026-08-22T10:30:00Z,0xsample000946,sample-prediction-market-46,YES,0.760,12825.00
2026-08-22T11:45:00Z,0xsample000947,sample-prediction-market-47,YES,0.770,12837.50
2026-08-22T12:00:00Z,0xsample000948,sample-prediction-market-48,YES,0.780,12850.00
2026-08-22T13:15:00Z,0xsample000949,sample-prediction-market-49,YES,0.790,12862.50
2026-08-22T14:30:00Z,0xsample000950,sample-prediction-market-0,YES,0.800,12875.00
2026-08-22T15:45:00Z,0xsample000951,sample-prediction-market-1,YES,0.810,12887.50
2026-08-22T16:00:00Z,0xsample000952,sample-prediction-market-2,YES,0.820,12900.00
2026-08-22T17:15:00Z,0xsample000953,sample-prediction-market-3,YES,0.830,12912.50
2026-08-22T18:30:00Z,0xsample000954,sample-prediction-market-4,YES,0.840,12925.00
2026-08-22T19:45:00Z,0xsample000955,sample-prediction-market-5,YES,0.850,12937.50
2026-08-22T20:00:00Z,0xsample000956,sample-prediction-market-6,YES,0.860,12950.00
2026-08-22T21:15:00Z,0xsample000957,sample-prediction-market-7,YES,0.870,12962.50
2026-08-22T22:30:00Z,0xsample000958,sample-prediction-market-8,YES,0.880,12975.00
2026-08-22T23:45:00Z,0xsample000959,sample-prediction-market-9,YES,0.890,12987.50
2026-08-22T00:00:00Z,0xsample000960,sample-prediction-market-10,YES,0.500,13000.00
2026-08-22T01:15:00Z,0xsample000961,sample-prediction-market-11,YES,0.510,13012.50
2026-08-22T02:30:00Z,0xsample000962,sample-prediction-market-12,YES,0.520,13025.00
2026-08-22T03:45:00Z,0xsample000963,sample-prediction-market-13,YES,0.530,13037.50
2026-08-22T04:00:00Z,0xsample000964,sample-prediction-market-14,YES,0.540,13050.00
2026-08-22T05:15:00Z,0xsample000965,sample-prediction-market-15,YES,0.550,13062.50
2026-08-22T06:30:00Z,0xsample000966,sample-prediction-market-16,YES,0.560,13075.00
2026-08-22T07:45:00Z,0xsample000967,sample-prediction-market-17,YES,0.570,13087.50
2026-08-22T08:00:00Z,0xsample000968,sample-prediction-market-18,YES,0.580,13100.00
2026-08-22T09:15:00Z,0xsample000969,sample-prediction-market-19,YES,0.590,13112.50
2026-08-22T10:30:00Z,0xsample000970,sample-prediction-market-20,YES,0.600,13125.00
2026-08-22T11:45:00Z,0xsample000971,sample-prediction-market-21,YES,0.610,13137.50
2026-08-22T12:00:00Z,0xsample000972,sample-prediction-market-22,YES,0.620,13150.00
2026-08-22T13:15:00Z,0xsample000973,sample-prediction-market-23,YES,0.630,13162.50
2026-08-22T14:30:00Z,0xsample000974,sample-prediction-market-24,YES,0.640,13175.00
2026-08-22T15:45:00Z,0xsample000975,sample-prediction-market-25,YES,0.650,13187.50
2026-08-22T16:00:00Z,0xsample000976,sample-prediction-market-26,YES,0.660,13200.00
2026-08-22T17:15:00Z,0xsample000977,sample-prediction-market-27,YES,0.670,13212.50
2026-08-22T18:30:00Z,0xsample000978,sample-prediction-market-28,YES,0.680,13225.00
2026-08-22T19:45:00Z,0xsample000979,sample-prediction-market-29,YES,0.690,13237.50
2026-08-22T20:00:00Z,0xsample000980,sample-prediction-market-30,YES,0.700,13250.00
2026-08-22T21:15:00Z,0xsample000981,sample-prediction-market-31,YES,0.710,13262.50
2026-08-22T22:30:00Z,0xsample000982,sample-prediction-market-32,YES,0.720,13275.00
2026-08-22T23:45:00Z,0xsample000983,sample-prediction-market-33,YES,0.730,13287.50
2026-08-22T00:00:00Z,0xsample000984,sample-prediction-market-34,YES,0.740,13300.00
2026-08-22T01:15:00Z,0xsample000985,sample-prediction-market-35,YES,0.750,13312.50
2026-08-22T02:30:00Z,0xsample000986,sample-prediction-market-36,YES,0.760,13325.00
2026-08-22T03:45:00Z,0xsample000987,sample-prediction-market-37,YES,0.770,13337.50
2026-08-22T04:00:00Z,0xsample000988,sample-prediction-market-38,YES,0.780,13350.00
2026-08-22T05:15:00Z,0xsample000989,sample-prediction-market-39,YES,0.790,13362.50
2026-08-22T06:30:00Z,0xsample000990,sample-prediction-market-40,YES,0.800,13375.00
2026-08-22T07:45:00Z,0xsample000991,sample-prediction-market-41,YES,0.810,13387.50
2026-08-22T08:00:00Z,0xsample000992,sample-prediction-market-42,YES,0.820,13400.00
2026-08-22T09:15:00Z,0xsample000993,sample-prediction-market-43,YES,0.830,13412.50
2026-08-22T10:30:00Z,0xsample000994,sample-prediction-market-44,YES,0.840,13425.00
2026-08-22T11:45:00Z,0xsample000995,sample-prediction-market-45,YES,0.850,13437.50
2026-08-22T12:00:00Z,0xsample000996,sample-prediction-market-46,YES,0.860,13450.00
2026-08-22T13:15:00Z,0xsample000997,sample-prediction-market-47,YES,0.870,13462.50
2026-08-22T14:30:00Z,0xsample000998,sample-prediction-market-48,YES,0.880,13475.00
2026-08-22T15:45:00Z,0xsample000999,sample-prediction-market-49,YES,0.890,13487.50
2026-08-22T16:00:00Z,0xsample001000,sample-prediction-market-0,YES,0.500,13500.00
2026-08-22T17:15:00Z,0xsample001001,sample-prediction-market-1,YES,0.510,13512.50
2026-08-22T18:30:00Z,0xsample001002,sample-prediction-market-2,YES,0.520,13525.00
2026-08-22T19:45:00Z,0xsample001003,sample-prediction-market-3,YES,0.530,13537.50
2026-08-22T20:00:00Z,0xsample001004,sample-prediction-market-4,YES,0.540,13550.00
2026-08-22T21:15:00Z,0xsample001005,sample-prediction-market-5,YES,0.550,13562.50
2026-08-22T22:30:00Z,0xsample001006,sample-prediction-market-6,YES,0.560,13575.00
2026-08-22T23:45:00Z,0xsample001007,sample-prediction-market-7,YES,0.570,13587.50
2026-08-22T00:00:00Z,0xsample001008,sample-prediction-market-8,YES,0.580,13600.00
2026-08-22T01:15:00Z,0xsample001009,sample-prediction-market-9,YES,0.590,13612.50
2026-08-22T02:30:00Z,0xsample001010,sample-prediction-market-10,YES,0.600,13625.00
2026-08-22T03:45:00Z,0xsample001011,sample-prediction-market-11,YES,0.610,13637.50
2026-08-22T04:00:00Z,0xsample001012,sample-prediction-market-12,YES,0.620,13650.00
2026-08-22T05:15:00Z,0xsample001013,sample-prediction-market-13,YES,0.630,13662.50
2026-08-22T06:30:00Z,0xsample001014,sample-prediction-market-14,YES,0.640,13675.00
2026-08-22T07:45:00Z,0xsample001015,sample-prediction-market-15,YES,0.650,13687.50
2026-08-22T08:00:00Z,0xsample001016,sample-prediction-market-16,YES,0.660,13700.00
2026-08-22T09:15:00Z,0xsample001017,sample-prediction-market-17,YES,0.670,13712.50
2026-08-22T10:30:00Z,0xsample001018,sample-prediction-market-18,YES,0.680,13725.00
2026-08-22T11:45:00Z,0xsample001019,sample-prediction-market-19,YES,0.690,13737.50
2026-08-22T12:00:00Z,0xsample001020,sample-prediction-market-20,YES,0.700,13750.00
2026-08-22T13:15:00Z,0xsample001021,sample-prediction-market-21,YES,0.710,13762.50
2026-08-22T14:30:00Z,0xsample001022,sample-prediction-market-22,YES,0.720,13775.00
2026-08-22T15:45:00Z,0xsample001023,sample-prediction-market-23,YES,0.730,13787.50
2026-08-22T16:00:00Z,0xsample001024,sample-prediction-market-24,YES,0.740,13800.00
2026-08-22T17:15:00Z,0xsample001025,sample-prediction-market-25,YES,0.750,13812.50
2026-08-22T18:30:00Z,0xsample001026,sample-prediction-market-26,YES,0.760,13825.00
2026-08-22T19:45:00Z,0xsample001027,sample-prediction-market-27,YES,0.770,13837.50
2026-08-22T20:00:00Z,0xsample001028,sample-prediction-market-28,YES,0.780,13850.00
2026-08-22T21:15:00Z,0xsample001029,sample-prediction-market-29,YES,0.790,13862.50
2026-08-22T22:30:00Z,0xsample001030,sample-prediction-market-30,YES,0.800,13875.00
2026-08-22T23:45:00Z,0xsample001031,sample-prediction-market-31,YES,0.810,13887.50
2026-08-22T00:00:00Z,0xsample001032,sample-prediction-market-32,YES,0.820,13900.00
2026-08-22T01:15:00Z,0xsample001033,sample-prediction-market-33,YES,0.830,13912.50
2026-08-22T02:30:00Z,0xsample001034,sample-prediction-market-34,YES,0.840,13925.00
2026-08-22T03:45:00Z,0xsample001035,sample-prediction-market-35,YES,0.850,13937.50
2026-08-22T04:00:00Z,0xsample001036,sample-prediction-market-36,YES,0.860,13950.00
2026-08-22T05:15:00Z,0xsample001037,sample-prediction-market-37,YES,0.870,13962.50
2026-08-22T06:30:00Z,0xsample001038,sample-prediction-market-38,YES,0.880,13975.00
2026-08-22T07:45:00Z,0xsample001039,sample-prediction-market-39,YES,0.890,13987.50
2026-08-22T08:00:00Z,0xsample001040,sample-prediction-market-40,YES,0.500,14000.00
2026-08-22T09:15:00Z,0xsample001041,sample-prediction-market-41,YES,0.510,14012.50
2026-08-22T10:30:00Z,0xsample001042,sample-prediction-market-42,YES,0.520,14025.00
2026-08-22T11:45:00Z,0xsample001043,sample-prediction-market-43,YES,0.530,14037.50
2026-08-22T12:00:00Z,0xsample001044,sample-prediction-market-44,YES,0.540,14050.00
2026-08-22T13:15:00Z,0xsample001045,sample-prediction-market-45,YES,0.550,14062.50
2026-08-22T14:30:00Z,0xsample001046,sample-prediction-market-46,YES,0.560,14075.00
2026-08-22T15:45:00Z,0xsample001047,sample-prediction-market-47,YES,0.570,14087.50
2026-08-22T16:00:00Z,0xsample001048,sample-prediction-market-48,YES,0.580,14100.00
2026-08-22T17:15:00Z,0xsample001049,sample-prediction-market-49,YES,0.590,14112.50
2026-08-22T18:30:00Z,0xsample001050,sample-prediction-market-0,YES,0.600,14125.00
2026-08-22T19:45:00Z,0xsample001051,sample-prediction-market-1,YES,0.610,14137.50
2026-08-22T20:00:00Z,0xsample001052,sample-prediction-market-2,YES,0.620,14150.00
2026-08-22T21:15:00Z,0xsample001053,sample-prediction-market-3,YES,0.630,14162.50
2026-08-22T22:30:00Z,0xsample001054,sample-prediction-market-4,YES,0.640,14175.00
2026-08-22T23:45:00Z,0xsample001055,sample-prediction-market-5,YES,0.650,14187.50
2026-08-22T00:00:00Z,0xsample001056,sample-prediction-market-6,YES,0.660,14200.00
2026-08-22T01:15:00Z,0xsample001057,sample-prediction-market-7,YES,0.670,14212.50
2026-08-22T02:30:00Z,0xsample001058,sample-prediction-market-8,YES,0.680,14225.00
2026-08-22T03:45:00Z,0xsample001059,sample-prediction-market-9,YES,0.690,14237.50
2026-08-22T04:00:00Z,0xsample001060,sample-prediction-market-10,YES,0.700,14250.00
2026-08-22T05:15:00Z,0xsample001061,sample-prediction-market-11,YES,0.710,14262.50
2026-08-22T06:30:00Z,0xsample001062,sample-prediction-market-12,YES,0.720,14275.00
2026-08-22T07:45:00Z,0xsample001063,sample-prediction-market-13,YES,0.730,14287.50
2026-08-22T08:00:00Z,0xsample001064,sample-prediction-market-14,YES,0.740,14300.00
2026-08-22T09:15:00Z,0xsample001065,sample-prediction-market-15,YES,0.750,14312.50
2026-08-22T10:30:00Z,0xsample001066,sample-prediction-market-16,YES,0.760,14325.00
2026-08-22T11:45:00Z,0xsample001067,sample-prediction-market-17,YES,0.770,14337.50
2026-08-22T12:00:00Z,0xsample001068,sample-prediction-market-18,YES,0.780,14350.00
2026-08-22T13:15:00Z,0xsample001069,sample-prediction-market-19,YES,0.790,14362.50
2026-08-22T14:30:00Z,0xsample001070,sample-prediction-market-20,YES,0.800,14375.00
2026-08-22T15:45:00Z,0xsample001071,sample-prediction-market-21,YES,0.810,14387.50
2026-08-22T16:00:00Z,0xsample001072,sample-prediction-market-22,YES,0.820,14400.00
2026-08-22T17:15:00Z,0xsample001073,sample-prediction-market-23,YES,0.830,14412.50
2026-08-22T18:30:00Z,0xsample001074,sample-prediction-market-24,YES,0.840,14425.00
2026-08-22T19:45:00Z,0xsample001075,sample-prediction-market-25,YES,0.850,14437.50
2026-08-22T20:00:00Z,0xsample001076,sample-prediction-market-26,YES,0.860,14450.00
2026-08-22T21:15:00Z,0xsample001077,sample-prediction-market-27,YES,0.870,14462.50
2026-08-22T22:30:00Z,0xsample001078,sample-prediction-market-28,YES,0.880,14475.00
2026-08-22T23:45:00Z,0xsample001079,sample-prediction-market-29,YES,0.890,14487.50
2026-08-22T00:00:00Z,0xsample001080,sample-prediction-market-30,YES,0.500,14500.00
2026-08-22T01:15:00Z,0xsample001081,sample-prediction-market-31,YES,0.510,14512.50
2026-08-22T02:30:00Z,0xsample001082,sample-prediction-market-32,YES,0.520,14525.00
2026-08-22T03:45:00Z,0xsample001083,sample-prediction-market-33,YES,0.530,14537.50
2026-08-22T04:00:00Z,0xsample001084,sample-prediction-market-34,YES,0.540,14550.00
2026-08-22T05:15:00Z,0xsample001085,sample-prediction-market-35,YES,0.550,14562.50
2026-08-22T06:30:00Z,0xsample001086,sample-prediction-market-36,YES,0.560,14575.00
2026-08-22T07:45:00Z,0xsample001087,sample-prediction-market-37,YES,0.570,14587.50
2026-08-22T08:00:00Z,0xsample001088,sample-prediction-market-38,YES,0.580,14600.00
2026-08-22T09:15:00Z,0xsample001089,sample-prediction-market-39,YES,0.590,14612.50
2026-08-22T10:30:00Z,0xsample001090,sample-prediction-market-40,YES,0.600,14625.00
2026-08-22T11:45:00Z,0xsample001091,sample-prediction-market-41,YES,0.610,14637.50
2026-08-22T12:00:00Z,0xsample001092,sample-prediction-market-42,YES,0.620,14650.00
2026-08-22T13:15:00Z,0xsample001093,sample-prediction-market-43,YES,0.630,14662.50
2026-08-22T14:30:00Z,0xsample001094,sample-prediction-market-44,YES,0.640,14675.00
2026-08-22T15:45:00Z,0xsample001095,sample-prediction-market-45,YES,0.650,14687.50
2026-08-22T16:00:00Z,0xsample001096,sample-prediction-market-46,YES,0.660,14700.00
2026-08-22T17:15:00Z,0xsample001097,sample-prediction-market-47,YES,0.670,14712.50
2026-08-22T18:30:00Z,0xsample001098,sample-prediction-market-48,YES,0.680,14725.00
2026-08-22T19:45:00Z,0xsample001099,sample-prediction-market-49,YES,0.690,14737.50
2026-08-22T20:00:00Z,0xsample001100,sample-prediction-market-0,YES,0.700,14750.00
2026-08-22T21:15:00Z,0xsample001101,sample-prediction-market-1,YES,0.710,14762.50
2026-08-22T22:30:00Z,0xsample001102,sample-prediction-market-2,YES,0.720,14775.00
2026-08-22T23:45:00Z,0xsample001103,sample-prediction-market-3,YES,0.730,14787.50
2026-08-22T00:00:00Z,0xsample001104,sample-prediction-market-4,YES,0.740,14800.00
2026-08-22T01:15:00Z,0xsample001105,sample-prediction-market-5,YES,0.750,14812.50
2026-08-22T02:30:00Z,0xsample001106,sample-prediction-market-6,YES,0.760,14825.00
2026-08-22T03:45:00Z,0xsample001107,sample-prediction-market-7,YES,0.770,14837.50
2026-08-22T04:00:00Z,0xsample001108,sample-prediction-market-8,YES,0.780,14850.00
2026-08-22T05:15:00Z,0xsample001109,sample-prediction-market-9,YES,0.790,14862.50
2026-08-22T06:30:00Z,0xsample001110,sample-prediction-market-10,YES,0.800,14875.00
2026-08-22T07:45:00Z,0xsample001111,sample-prediction-market-11,YES,0.810,14887.50
2026-08-22T08:00:00Z,0xsample001112,sample-prediction-market-12,YES,0.820,14900.00
2026-08-22T09:15:00Z,0xsample001113,sample-prediction-market-13,YES,0.830,14912.50
2026-08-22T10:30:00Z,0xsample001114,sample-prediction-market-14,YES,0.840,14925.00
2026-08-22T11:45:00Z,0xsample001115,sample-prediction-market-15,YES,0.850,14937.50
2026-08-22T12:00:00Z,0xsample001116,sample-prediction-market-16,YES,0.860,14950.00
2026-08-22T13:15:00Z,0xsample001117,sample-prediction-market-17,YES,0.870,14962.50
2026-08-22T14:30:00Z,0xsample001118,sample-prediction-market-18,YES,0.880,14975.00
2026-08-22T15:45:00Z,0xsample001119,sample-prediction-market-19,YES,0.890,14987.50
2026-08-22T16:00:00Z,0xsample001120,sample-prediction-market-20,YES,0.500,15000.00
2026-08-22T17:15:00Z,0xsample001121,sample-prediction-market-21,YES,0.510,15012.50
2026-08-22T18:30:00Z,0xsample001122,sample-prediction-market-22,YES,0.520,15025.00
2026-08-22T19:45:00Z,0xsample001123,sample-prediction-market-23,YES,0.530,15037.50
2026-08-22T20:00:00Z,0xsample001124,sample-prediction-market-24,YES,0.540,15050.00
2026-08-22T21:15:00Z,0xsample001125,sample-prediction-market-25,YES,0.550,15062.50
2026-08-22T22:30:00Z,0xsample001126,sample-prediction-market-26,YES,0.560,15075.00
2026-08-22T23:45:00Z,0xsample001127,sample-prediction-market-27,YES,0.570,15087.50
2026-08-22T00:00:00Z,0xsample001128,sample-prediction-market-28,YES,0.580,15100.00
2026-08-22T01:15:00Z,0xsample001129,sample-prediction-market-29,YES,0.590,15112.50
2026-08-22T02:30:00Z,0xsample001130,sample-prediction-market-30,YES,0.600,15125.00
2026-08-22T03:45:00Z,0xsample001131,sample-prediction-market-31,YES,0.610,15137.50
2026-08-22T04:00:00Z,0xsample001132,sample-prediction-market-32,YES,0.620,15150.00
2026-08-22T05:15:00Z,0xsample001133,sample-prediction-market-33,YES,0.630,15162.50
2026-08-22T06:30:00Z,0xsample001134,sample-prediction-market-34,YES,0.640,15175.00
2026-08-22T07:45:00Z,0xsample001135,sample-prediction-market-35,YES,0.650,15187.50
2026-08-22T08:00:00Z,0xsample001136,sample-prediction-market-36,YES,0.660,15200.00
2026-08-22T09:15:00Z,0xsample001137,sample-prediction-market-37,YES,0.670,15212.50
2026-08-22T10:30:00Z,0xsample001138,sample-prediction-market-38,YES,0.680,15225.00
2026-08-22T11:45:00Z,0xsample001139,sample-prediction-market-39,YES,0.690,15237.50
2026-08-22T12:00:00Z,0xsample001140,sample-prediction-market-40,YES,0.700,15250.00
2026-08-22T13:15:00Z,0xsample001141,sample-prediction-market-41,YES,0.710,15262.50
2026-08-22T14:30:00Z,0xsample001142,sample-prediction-market-42,YES,0.720,15275.00
2026-08-22T15:45:00Z,0xsample001143,sample-prediction-market-43,YES,0.730,15287.50
2026-08-22T16:00:00Z,0xsample001144,sample-prediction-market-44,YES,0.740,15300.00
2026-08-22T17:15:00Z,0xsample001145,sample-prediction-market-45,YES,0.750,15312.50
2026-08-22T18:30:00Z,0xsample001146,sample-prediction-market-46,YES,0.760,15325.00
2026-08-22T19:45:00Z,0xsample001147,sample-prediction-market-47,YES,0.770,15337.50
2026-08-22T20:00:00Z,0xsample001148,sample-prediction-market-48,YES,0.780,15350.00
2026-08-22T21:15:00Z,0xsample001149,sample-prediction-market-49,YES,0.790,15362.50
2026-08-22T22:30:00Z,0xsample001150,sample-prediction-market-0,YES,0.800,15375.00
2026-08-22T23:45:00Z,0xsample001151,sample-prediction-market-1,YES,0.810,15387.50
2026-08-22T00:00:00Z,0xsample001152,sample-prediction-market-2,YES,0.820,15400.00
2026-08-22T01:15:00Z,0xsample001153,sample-prediction-market-3,YES,0.830,15412.50
2026-08-22T02:30:00Z,0xsample001154,sample-prediction-market-4,YES,0.840,15425.00
2026-08-22T03:45:00Z,0xsample001155,sample-prediction-market-5,YES,0.850,15437.50
2026-08-22T04:00:00Z,0xsample001156,sample-prediction-market-6,YES,0.860,15450.00
2026-08-22T05:15:00Z,0xsample001157,sample-prediction-market-7,YES,0.870,15462.50
2026-08-22T06:30:00Z,0xsample001158,sample-prediction-market-8,YES,0.880,15475.00
2026-08-22T07:45:00Z,0xsample001159,sample-prediction-market-9,YES,0.890,15487.50
2026-08-22T08:00:00Z,0xsample001160,sample-prediction-market-10,YES,0.500,15500.00
2026-08-22T09:15:00Z,0xsample001161,sample-prediction-market-11,YES,0.510,15512.50
2026-08-22T10:30:00Z,0xsample001162,sample-prediction-market-12,YES,0.520,15525.00
2026-08-22T11:45:00Z,0xsample001163,sample-prediction-market-13,YES,0.530,15537.50
2026-08-22T12:00:00Z,0xsample001164,sample-prediction-market-14,YES,0.540,15550.00
2026-08-22T13:15:00Z,0xsample001165,sample-prediction-market-15,YES,0.550,15562.50
2026-08-22T14:30:00Z,0xsample001166,sample-prediction-market-16,YES,0.560,15575.00
2026-08-22T15:45:00Z,0xsample001167,sample-prediction-market-17,YES,0.570,15587.50
2026-08-22T16:00:00Z,0xsample001168,sample-prediction-market-18,YES,0.580,15600.00
2026-08-22T17:15:00Z,0xsample001169,sample-prediction-market-19,YES,0.590,15612.50
2026-08-22T18:30:00Z,0xsample001170,sample-prediction-market-20,YES,0.600,15625.00
2026-08-22T19:45:00Z,0xsample001171,sample-prediction-market-21,YES,0.610,15637.50
2026-08-22T20:00:00Z,0xsample001172,sample-prediction-market-22,YES,0.620,15650.00
2026-08-22T21:15:00Z,0xsample001173,sample-prediction-market-23,YES,0.630,15662.50
2026-08-22T22:30:00Z,0xsample001174,sample-prediction-market-24,YES,0.640,15675.00
2026-08-22T23:45:00Z,0xsample001175,sample-prediction-market-25,YES,0.650,15687.50
2026-08-22T00:00:00Z,0xsample001176,sample-prediction-market-26,YES,0.660,15700.00
2026-08-22T01:15:00Z,0xsample001177,sample-prediction-market-27,YES,0.670,15712.50
2026-08-22T02:30:00Z,0xsample001178,sample-prediction-market-28,YES,0.680,15725.00
2026-08-22T03:45:00Z,0xsample001179,sample-prediction-market-29,YES,0.690,15737.50
2026-08-22T04:00:00Z,0xsample001180,sample-prediction-market-30,YES,0.700,15750.00
2026-08-22T05:15:00Z,0xsample001181,sample-prediction-market-31,YES,0.710,15762.50
2026-08-22T06:30:00Z,0xsample001182,sample-prediction-market-32,YES,0.720,15775.00
2026-08-22T07:45:00Z,0xsample001183,sample-prediction-market-33,YES,0.730,15787.50
2026-08-22T08:00:00Z,0xsample001184,sample-prediction-market-34,YES,0.740,15800.00
2026-08-22T09:15:00Z,0xsample001185,sample-prediction-market-35,YES,0.750,15812.50
2026-08-22T10:30:00Z,0xsample001186,sample-prediction-market-36,YES,0.760,15825.00
2026-08-22T11:45:00Z,0xsample001187,sample-prediction-market-37,YES,0.770,15837.50
2026-08-22T12:00:00Z,0xsample001188,sample-prediction-market-38,YES,0.780,15850.00
2026-08-22T13:15:00Z,0xsample001189,sample-prediction-market-39,YES,0.790,15862.50
2026-08-22T14:30:00Z,0xsample001190,sample-prediction-market-40,YES,0.800,15875.00
2026-08-22T15:45:00Z,0xsample001191,sample-prediction-market-41,YES,0.810,15887.50
2026-08-22T16:00:00Z,0xsample001192,sample-prediction-market-42,YES,0.820,15900.00
2026-08-22T17:15:00Z,0xsample001193,sample-prediction-market-43,YES,0.830,15912.50
2026-08-22T18:30:00Z,0xsample001194,sample-prediction-market-44,YES,0.840,15925.00
2026-08-22T19:45:00Z,0xsample001195,sample-prediction-market-45,YES,0.850,15937.50
2026-08-22T20:00:00Z,0xsample001196,sample-prediction-market-46,YES,0.860,15950.00
2026-08-22T21:15:00Z,0xsample001197,sample-prediction-market-47,YES,0.870,15962.50
2026-08-22T22:30:00Z,0xsample001198,sample-prediction-market-48,YES,0.880,15975.00
2026-08-22T23:45:00Z,0xsample001199,sample-prediction-market-49,YES,0.890,15987.50
2026-08-22T00:00:00Z,0xsample001200,sample-prediction-market-0,YES,0.500,16000.00
2026-08-22T01:15:00Z,0xsample001201,sample-prediction-market-1,YES,0.510,16012.50
2026-08-22T02:30:00Z,0xsample001202,sample-prediction-market-2,YES,0.520,16025.00
2026-08-22T03:45:00Z,0xsample001203,sample-prediction-market-3,YES,0.530,16037.50
2026-08-22T04:00:00Z,0xsample001204,sample-prediction-market-4,YES,0.540,16050.00
2026-08-22T05:15:00Z,0xsample001205,sample-prediction-market-5,YES,0.550,16062.50
2026-08-22T06:30:00Z,0xsample001206,sample-prediction-market-6,YES,0.560,16075.00
2026-08-22T07:45:00Z,0xsample001207,sample-prediction-market-7,YES,0.570,16087.50
2026-08-22T08:00:00Z,0xsample001208,sample-prediction-market-8,YES,0.580,16100.00
2026-08-22T09:15:00Z,0xsample001209,sample-prediction-market-9,YES,0.590,16112.50
2026-08-22T10:30:00Z,0xsample001210,sample-prediction-market-10,YES,0.600,16125.00
2026-08-22T11:45:00Z,0xsample001211,sample-prediction-market-11,YES,0.610,16137.50
2026-08-22T12:00:00Z,0xsample001212,sample-prediction-market-12,YES,0.620,16150.00
2026-08-22T13:15:00Z,0xsample001213,sample-prediction-market-13,YES,0.630,16162.50
2026-08-22T14:30:00Z,0xsample001214,sample-prediction-market-14,YES,0.640,16175.00
2026-08-22T15:45:00Z,0xsample001215,sample-prediction-market-15,YES,0.650,16187.50
2026-08-22T16:00:00Z,0xsample001216,sample-prediction-market-16,YES,0.660,16200.00
2026-08-22T17:15:00Z,0xsample001217,sample-prediction-market-17,YES,0.670,16212.50
2026-08-22T18:30:00Z,0xsample001218,sample-prediction-market-18,YES,0.680,16225.00
2026-08-22T19:45:00Z,0xsample001219,sample-prediction-market-19,YES,0.690,16237.50
2026-08-22T20:00:00Z,0xsample001220,sample-prediction-market-20,YES,0.700,16250.00
2026-08-22T21:15:00Z,0xsample001221,sample-prediction-market-21,YES,0.710,16262.50
2026-08-22T22:30:00Z,0xsample001222,sample-prediction-market-22,YES,0.720,16275.00
2026-08-22T23:45:00Z,0xsample001223,sample-prediction-market-23,YES,0.730,16287.50
2026-08-22T00:00:00Z,0xsample001224,sample-prediction-market-24,YES,0.740,16300.00
2026-08-22T01:15:00Z,0xsample001225,sample-prediction-market-25,YES,0.750,16312.50
2026-08-22T02:30:00Z,0xsample001226,sample-prediction-market-26,YES,0.760,16325.00
2026-08-22T03:45:00Z,0xsample001227,sample-prediction-market-27,YES,0.770,16337.50
2026-08-22T04:00:00Z,0xsample001228,sample-prediction-market-28,YES,0.780,16350.00
2026-08-22T05:15:00Z,0xsample001229,sample-prediction-market-29,YES,0.790,16362.50
2026-08-22T06:30:00Z,0xsample001230,sample-prediction-market-30,YES,0.800,16375.00
2026-08-22T07:45:00Z,0xsample001231,sample-prediction-market-31,YES,0.810,16387.50
2026-08-22T08:00:00Z,0xsample001232,sample-prediction-market-32,YES,0.820,16400.00
2026-08-22T09:15:00Z,0xsample001233,sample-prediction-market-33,YES,0.830,16412.50
2026-08-22T10:30:00Z,0xsample001234,sample-prediction-market-34,YES,0.840,16425.00
2026-08-22T11:45:00Z,0xsample001235,sample-prediction-market-35,YES,0.850,16437.50
2026-08-22T12:00:00Z,0xsample001236,sample-prediction-market-36,YES,0.860,16450.00
2026-08-22T13:15:00Z,0xsample001237,sample-prediction-market-37,YES,0.870,16462.50
2026-08-22T14:30:00Z,0xsample001238,sample-prediction-market-38,YES,0.880,16475.00
2026-08-22T15:45:00Z,0xsample001239,sample-prediction-market-39,YES,0.890,16487.50
2026-08-22T16:00:00Z,0xsample001240,sample-prediction-market-40,YES,0.500,16500.00
2026-08-22T17:15:00Z,0xsample001241,sample-prediction-market-41,YES,0.510,16512.50
2026-08-22T18:30:00Z,0xsample001242,sample-prediction-market-42,YES,0.520,16525.00
2026-08-22T19:45:00Z,0xsample001243,sample-prediction-market-43,YES,0.530,16537.50
2026-08-22T20:00:00Z,0xsample001244,sample-prediction-market-44,YES,0.540,16550.00
2026-08-22T21:15:00Z,0xsample001245,sample-prediction-market-45,YES,0.550,16562.50
2026-08-22T22:30:00Z,0xsample001246,sample-prediction-market-46,YES,0.560,16575.00
2026-08-22T23:45:00Z,0xsample001247,sample-prediction-market-47,YES,0.570,16587.50
2026-08-22T00:00:00Z,0xsample001248,sample-prediction-market-48,YES,0.580,16600.00
2026-08-22T01:15:00Z,0xsample001249,sample-prediction-market-49,YES,0.590,16612.50
2026-08-22T02:30:00Z,0xsample001250,sample-prediction-market-0,YES,0.600,16625.00
2026-08-22T03:45:00Z,0xsample001251,sample-prediction-market-1,YES,0.610,16637.50
2026-08-22T04:00:00Z,0xsample001252,sample-prediction-market-2,YES,0.620,16650.00
2026-08-22T05:15:00Z,0xsample001253,sample-prediction-market-3,YES,0.630,16662.50
2026-08-22T06:30:00Z,0xsample001254,sample-prediction-market-4,YES,0.640,16675.00
2026-08-22T07:45:00Z,0xsample001255,sample-prediction-market-5,YES,0.650,16687.50
2026-08-22T08:00:00Z,0xsample001256,sample-prediction-market-6,YES,0.660,16700.00
2026-08-22T09:15:00Z,0xsample001257,sample-prediction-market-7,YES,0.670,16712.50
2026-08-22T10:30:00Z,0xsample001258,sample-prediction-market-8,YES,0.680,16725.00
2026-08-22T11:45:00Z,0xsample001259,sample-prediction-market-9,YES,0.690,16737.50
2026-08-22T12:00:00Z,0xsample001260,sample-prediction-market-10,YES,0.700,16750.00
2026-08-22T13:15:00Z,0xsample001261,sample-prediction-market-11,YES,0.710,16762.50
2026-08-22T14:30:00Z,0xsample001262,sample-prediction-market-12,YES,0.720,16775.00
2026-08-22T15:45:00Z,0xsample001263,sample-prediction-market-13,YES,0.730,16787.50
2026-08-22T16:00:00Z,0xsample001264,sample-prediction-market-14,YES,0.740,16800.00
2026-08-22T17:15:00Z,0xsample001265,sample-prediction-market-15,YES,0.750,16812.50
2026-08-22T18:30:00Z,0xsample001266,sample-prediction-market-16,YES,0.760,16825.00
2026-08-22T19:45:00Z,0xsample001267,sample-prediction-market-17,YES,0.770,16837.50
2026-08-22T20:00:00Z,0xsample001268,sample-prediction-market-18,YES,0.780,16850.00
2026-08-22T21:15:00Z,0xsample001269,sample-prediction-market-19,YES,0.790,16862.50
2026-08-22T22:30:00Z,0xsample001270,sample-prediction-market-20,YES,0.800,16875.00
2026-08-22T23:45:00Z,0xsample001271,sample-prediction-market-21,YES,0.810,16887.50
2026-08-22T00:00:00Z,0xsample001272,sample-prediction-market-22,YES,0.820,16900.00
2026-08-22T01:15:00Z,0xsample001273,sample-prediction-market-23,YES,0.830,16912.50
2026-08-22T02:30:00Z,0xsample001274,sample-prediction-market-24,YES,0.840,16925.00
2026-08-22T03:45:00Z,0xsample001275,sample-prediction-market-25,YES,0.850,16937.50
2026-08-22T04:00:00Z,0xsample001276,sample-prediction-market-26,YES,0.860,16950.00
2026-08-22T05:15:00Z,0xsample001277,sample-prediction-market-27,YES,0.870,16962.50
2026-08-22T06:30:00Z,0xsample001278,sample-prediction-market-28,YES,0.880,16975.00
2026-08-22T07:45:00Z,0xsample001279,sample-prediction-market-29,YES,0.890,16987.50
2026-08-22T08:00:00Z,0xsample001280,sample-prediction-market-30,YES,0.500,17000.00
2026-08-22T09:15:00Z,0xsample001281,sample-prediction-market-31,YES,0.510,17012.50
2026-08-22T10:30:00Z,0xsample001282,sample-prediction-market-32,YES,0.520,17025.00
2026-08-22T11:45:00Z,0xsample001283,sample-prediction-market-33,YES,0.530,17037.50
2026-08-22T12:00:00Z,0xsample001284,sample-prediction-market-34,YES,0.540,17050.00
2026-08-22T13:15:00Z,0xsample001285,sample-prediction-market-35,YES,0.550,17062.50
2026-08-22T14:30:00Z,0xsample001286,sample-prediction-market-36,YES,0.560,17075.00
2026-08-22T15:45:00Z,0xsample001287,sample-prediction-market-37,YES,0.570,17087.50
2026-08-22T16:00:00Z,0xsample001288,sample-prediction-market-38,YES,0.580,17100.00
2026-08-22T17:15:00Z,0xsample001289,sample-prediction-market-39,YES,0.590,17112.50
2026-08-22T18:30:00Z,0xsample001290,sample-prediction-market-40,YES,0.600,17125.00
2026-08-22T19:45:00Z,0xsample001291,sample-prediction-market-41,YES,0.610,17137.50
2026-08-22T20:00:00Z,0xsample001292,sample-prediction-market-42,YES,0.620,17150.00
2026-08-22T21:15:00Z,0xsample001293,sample-prediction-market-43,YES,0.630,17162.50
2026-08-22T22:30:00Z,0xsample001294,sample-prediction-market-44,YES,0.640,17175.00
2026-08-22T23:45:00Z,0xsample001295,sample-prediction-market-45,YES,0.650,17187.50
2026-08-22T00:00:00Z,0xsample001296,sample-prediction-market-46,YES,0.660,17200.00
2026-08-22T01:15:00Z,0xsample001297,sample-prediction-market-47,YES,0.670,17212.50
2026-08-22T02:30:00Z,0xsample001298,sample-prediction-market-48,YES,0.680,17225.00
2026-08-22T03:45:00Z,0xsample001299,sample-prediction-market-49,YES,0.690,17237.50
2026-08-22T04:00:00Z,0xsample001300,sample-prediction-market-0,YES,0.700,17250.00
2026-08-22T05:15:00Z,0xsample001301,sample-prediction-market-1,YES,0.710,17262.50
2026-08-22T06:30:00Z,0xsample001302,sample-prediction-market-2,YES,0.720,17275.00
2026-08-22T07:45:00Z,0xsample001303,sample-prediction-market-3,YES,0.730,17287.50
2026-08-22T08:00:00Z,0xsample001304,sample-prediction-market-4,YES,0.740,17300.00
2026-08-22T09:15:00Z,0xsample001305,sample-prediction-market-5,YES,0.750,17312.50
2026-08-22T10:30:00Z,0xsample001306,sample-prediction-market-6,YES,0.760,17325.00
2026-08-22T11:45:00Z,0xsample001307,sample-prediction-market-7,YES,0.770,17337.50
2026-08-22T12:00:00Z,0xsample001308,sample-prediction-market-8,YES,0.780,17350.00
2026-08-22T13:15:00Z,0xsample001309,sample-prediction-market-9,YES,0.790,17362.50
2026-08-22T14:30:00Z,0xsample001310,sample-prediction-market-10,YES,0.800,17375.00
2026-08-22T15:45:00Z,0xsample001311,sample-prediction-market-11,YES,0.810,17387.50
2026-08-22T16:00:00Z,0xsample001312,sample-prediction-market-12,YES,0.820,17400.00
2026-08-22T17:15:00Z,0xsample001313,sample-prediction-market-13,YES,0.830,17412.50
2026-08-22T18:30:00Z,0xsample001314,sample-prediction-market-14,YES,0.840,17425.00
2026-08-22T19:45:00Z,0xsample001315,sample-prediction-market-15,YES,0.850,17437.50
2026-08-22T20:00:00Z,0xsample001316,sample-prediction-market-16,YES,0.860,17450.00
2026-08-22T21:15:00Z,0xsample001317,sample-prediction-market-17,YES,0.870,17462.50
2026-08-22T22:30:00Z,0xsample001318,sample-prediction-market-18,YES,0.880,17475.00
2026-08-22T23:45:00Z,0xsample001319,sample-prediction-market-19,YES,0.890,17487.50
2026-08-22T00:00:00Z,0xsample001320,sample-prediction-market-20,YES,0.500,17500.00
2026-08-22T01:15:00Z,0xsample001321,sample-prediction-market-21,YES,0.510,17512.50
2026-08-22T02:30:00Z,0xsample001322,sample-prediction-market-22,YES,0.520,17525.00
2026-08-22T03:45:00Z,0xsample001323,sample-prediction-market-23,YES,0.530,17537.50
2026-08-22T04:00:00Z,0xsample001324,sample-prediction-market-24,YES,0.540,17550.00
2026-08-22T05:15:00Z,0xsample001325,sample-prediction-market-25,YES,0.550,17562.50
2026-08-22T06:30:00Z,0xsample001326,sample-prediction-market-26,YES,0.560,17575.00
2026-08-22T07:45:00Z,0xsample001327,sample-prediction-market-27,YES,0.570,17587.50
2026-08-22T08:00:00Z,0xsample001328,sample-prediction-market-28,YES,0.580,17600.00
2026-08-22T09:15:00Z,0xsample001329,sample-prediction-market-29,YES,0.590,17612.50
2026-08-22T10:30:00Z,0xsample001330,sample-prediction-market-30,YES,0.600,17625.00
2026-08-22T11:45:00Z,0xsample001331,sample-prediction-market-31,YES,0.610,17637.50
2026-08-22T12:00:00Z,0xsample001332,sample-prediction-market-32,YES,0.620,17650.00
2026-08-22T13:15:00Z,0xsample001333,sample-prediction-market-33,YES,0.630,17662.50
2026-08-22T14:30:00Z,0xsample001334,sample-prediction-market-34,YES,0.640,17675.00
2026-08-22T15:45:00Z,0xsample001335,sample-prediction-market-35,YES,0.650,17687.50
2026-08-22T16:00:00Z,0xsample001336,sample-prediction-market-36,YES,0.660,17700.00
2026-08-22T17:15:00Z,0xsample001337,sample-prediction-market-37,YES,0.670,17712.50
2026-08-22T18:30:00Z,0xsample001338,sample-prediction-market-38,YES,0.680,17725.00
2026-08-22T19:45:00Z,0xsample001339,sample-prediction-market-39,YES,0.690,17737.50
2026-08-22T20:00:00Z,0xsample001340,sample-prediction-market-40,YES,0.700,17750.00
2026-08-22T21:15:00Z,0xsample001341,sample-prediction-market-41,YES,0.710,17762.50
2026-08-22T22:30:00Z,0xsample001342,sample-prediction-market-42,YES,0.720,17775.00
2026-08-22T23:45:00Z,0xsample001343,sample-prediction-market-43,YES,0.730,17787.50
2026-08-22T00:00:00Z,0xsample001344,sample-prediction-market-44,YES,0.740,17800.00
2026-08-22T01:15:00Z,0xsample001345,sample-prediction-market-45,YES,0.750,17812.50
2026-08-22T02:30:00Z,0xsample001346,sample-prediction-market-46,YES,0.760,17825.00
2026-08-22T03:45:00Z,0xsample001347,sample-prediction-market-47,YES,0.770,17837.50
2026-08-22T04:00:00Z,0xsample001348,sample-prediction-market-48,YES,0.780,17850.00
2026-08-22T05:15:00Z,0xsample001349,sample-prediction-market-49,YES,0.790,17862.50
2026-08-22T06:30:00Z,0xsample001350,sample-prediction-market-0,YES,0.800,17875.00
2026-08-22T07:45:00Z,0xsample001351,sample-prediction-market-1,YES,0.810,17887.50
2026-08-22T08:00:00Z,0xsample001352,sample-prediction-market-2,YES,0.820,17900.00
2026-08-22T09:15:00Z,0xsample001353,sample-prediction-market-3,YES,0.830,17912.50
2026-08-22T10:30:00Z,0xsample001354,sample-prediction-market-4,YES,0.840,17925.00
2026-08-22T11:45:00Z,0xsample001355,sample-prediction-market-5,YES,0.850,17937.50
2026-08-22T12:00:00Z,0xsample001356,sample-prediction-market-6,YES,0.860,17950.00
2026-08-22T13:15:00Z,0xsample001357,sample-prediction-market-7,YES,0.870,17962.50
2026-08-22T14:30:00Z,0xsample001358,sample-prediction-market-8,YES,0.880,17975.00
2026-08-22T15:45:00Z,0xsample001359,sample-prediction-market-9,YES,0.890,17987.50
2026-08-22T16:00:00Z,0xsample001360,sample-prediction-market-10,YES,0.500,18000.00
2026-08-22T17:15:00Z,0xsample001361,sample-prediction-market-11,YES,0.510,18012.50
2026-08-22T18:30:00Z,0xsample001362,sample-prediction-market-12,YES,0.520,18025.00
2026-08-22T19:45:00Z,0xsample001363,sample-prediction-market-13,YES,0.530,18037.50
2026-08-22T20:00:00Z,0xsample001364,sample-prediction-market-14,YES,0.540,18050.00
2026-08-22T21:15:00Z,0xsample001365,sample-prediction-market-15,YES,0.550,18062.50
2026-08-22T22:30:00Z,0xsample001366,sample-prediction-market-16,YES,0.560,18075.00
2026-08-22T23:45:00Z,0xsample001367,sample-prediction-market-17,YES,0.570,18087.50
2026-08-22T00:00:00Z,0xsample001368,sample-prediction-market-18,YES,0.580,18100.00
2026-08-22T01:15:00Z,0xsample001369,sample-prediction-market-19,YES,0.590,18112.50
2026-08-22T02:30:00Z,0xsample001370,sample-prediction-market-20,YES,0.600,18125.00
2026-08-22T03:45:00Z,0xsample001371,sample-prediction-market-21,YES,0.610,18137.50
2026-08-22T04:00:00Z,0xsample001372,sample-prediction-market-22,YES,0.620,18150.00
2026-08-22T05:15:00Z,0xsample001373,sample-prediction-market-23,YES,0.630,18162.50
2026-08-22T06:30:00Z,0xsample001374,sample-prediction-market-24,YES,0.640,18175.00
2026-08-22T07:45:00Z,0xsample001375,sample-prediction-market-25,YES,0.650,18187.50
2026-08-22T08:00:00Z,0xsample001376,sample-prediction-market-26,YES,0.660,18200.00
2026-08-22T09:15:00Z,0xsample001377,sample-prediction-market-27,YES,0.670,18212.50
2026-08-22T10:30:00Z,0xsample001378,sample-prediction-market-28,YES,0.680,18225.00
2026-08-22T11:45:00Z,0xsample001379,sample-prediction-market-29,YES,0.690,18237.50
2026-08-22T12:00:00Z,0xsample001380,sample-prediction-market-30,YES,0.700,18250.00
2026-08-22T13:15:00Z,0xsample001381,sample-prediction-market-31,YES,0.710,18262.50
2026-08-22T14:30:00Z,0xsample001382,sample-prediction-market-32,YES,0.720,18275.00
2026-08-22T15:45:00Z,0xsample001383,sample-prediction-market-33,YES,0.730,18287.50
2026-08-22T16:00:00Z,0xsample001384,sample-prediction-market-34,YES,0.740,18300.00
2026-08-22T17:15:00Z,0xsample001385,sample-prediction-market-35,YES,0.750,18312.50
2026-08-22T18:30:00Z,0xsample001386,sample-prediction-market-36,YES,0.760,18325.00
2026-08-22T19:45:00Z,0xsample001387,sample-prediction-market-37,YES,0.770,18337.50
2026-08-22T20:00:00Z,0xsample001388,sample-prediction-market-38,YES,0.780,18350.00
2026-08-22T21:15:00Z,0xsample001389,sample-prediction-market-39,YES,0.790,18362.50
2026-08-22T22:30:00Z,0xsample001390,sample-prediction-market-40,YES,0.800,18375.00
2026-08-22T23:45:00Z,0xsample001391,sample-prediction-market-41,YES,0.810,18387.50
2026-08-22T00:00:00Z,0xsample001392,sample-prediction-market-42,YES,0.820,18400.00
2026-08-22T01:15:00Z,0xsample001393,sample-prediction-market-43,YES,0.830,18412.50
2026-08-22T02:30:00Z,0xsample001394,sample-prediction-market-44,YES,0.840,18425.00
2026-08-22T03:45:00Z,0xsample001395,sample-prediction-market-45,YES,0.850,18437.50
2026-08-22T04:00:00Z,0xsample001396,sample-prediction-market-46,YES,0.860,18450.00
2026-08-22T05:15:00Z,0xsample001397,sample-prediction-market-47,YES,0.870,18462.50
2026-08-22T06:30:00Z,0xsample001398,sample-prediction-market-48,YES,0.880,18475.00
2026-08-22T07:45:00Z,0xsample001399,sample-prediction-market-49,YES,0.890,18487.50
2026-08-22T08:00:00Z,0xsample001400,sample-prediction-market-0,YES,0.500,18500.00
2026-08-22T09:15:00Z,0xsample001401,sample-prediction-market-1,YES,0.510,18512.50
2026-08-22T10:30:00Z,0xsample001402,sample-prediction-market-2,YES,0.520,18525.00
2026-08-22T11:45:00Z,0xsample001403,sample-prediction-market-3,YES,0.530,18537.50
2026-08-22T12:00:00Z,0xsample001404,sample-prediction-market-4,YES,0.540,18550.00
2026-08-22T13:15:00Z,0xsample001405,sample-prediction-market-5,YES,0.550,18562.50
2026-08-22T14:30:00Z,0xsample001406,sample-prediction-market-6,YES,0.560,18575.00
2026-08-22T15:45:00Z,0xsample001407,sample-prediction-market-7,YES,0.570,18587.50
2026-08-22T16:00:00Z,0xsample001408,sample-prediction-market-8,YES,0.580,18600.00
2026-08-22T17:15:00Z,0xsample001409,sample-prediction-market-9,YES,0.590,18612.50
2026-08-22T18:30:00Z,0xsample001410,sample-prediction-market-10,YES,0.600,18625.00
2026-08-22T19:45:00Z,0xsample001411,sample-prediction-market-11,YES,0.610,18637.50
2026-08-22T20:00:00Z,0xsample001412,sample-prediction-market-12,YES,0.620,18650.00
2026-08-22T21:15:00Z,0xsample001413,sample-prediction-market-13,YES,0.630,18662.50
2026-08-22T22:30:00Z,0xsample001414,sample-prediction-market-14,YES,0.640,18675.00
2026-08-22T23:45:00Z,0xsample001415,sample-prediction-market-15,YES,0.650,18687.50
2026-08-22T00:00:00Z,0xsample001416,sample-prediction-market-16,YES,0.660,18700.00
2026-08-22T01:15:00Z,0xsample001417,sample-prediction-market-17,YES,0.670,18712.50
2026-08-22T02:30:00Z,0xsample001418,sample-prediction-market-18,YES,0.680,18725.00
2026-08-22T03:45:00Z,0xsample001419,sample-prediction-market-19,YES,0.690,18737.50
2026-08-22T04:00:00Z,0xsample001420,sample-prediction-market-20,YES,0.700,18750.00
2026-08-22T05:15:00Z,0xsample001421,sample-prediction-market-21,YES,0.710,18762.50
2026-08-22T06:30:00Z,0xsample001422,sample-prediction-market-22,YES,0.720,18775.00
2026-08-22T07:45:00Z,0xsample001423,sample-prediction-market-23,YES,0.730,18787.50
2026-08-22T08:00:00Z,0xsample001424,sample-prediction-market-24,YES,0.740,18800.00
2026-08-22T09:15:00Z,0xsample001425,sample-prediction-market-25,YES,0.750,18812.50
2026-08-22T10:30:00Z,0xsample001426,sample-prediction-market-26,YES,0.760,18825.00
2026-08-22T11:45:00Z,0xsample001427,sample-prediction-market-27,YES,0.770,18837.50
2026-08-22T12:00:00Z,0xsample001428,sample-prediction-market-28,YES,0.780,18850.00
2026-08-22T13:15:00Z,0xsample001429,sample-prediction-market-29,YES,0.790,18862.50
2026-08-22T14:30:00Z,0xsample001430,sample-prediction-market-30,YES,0.800,18875.00
2026-08-22T15:45:00Z,0xsample001431,sample-prediction-market-31,YES,0.810,18887.50
2026-08-22T16:00:00Z,0xsample001432,sample-prediction-market-32,YES,0.820,18900.00
2026-08-22T17:15:00Z,0xsample001433,sample-prediction-market-33,YES,0.830,18912.50
2026-08-22T18:30:00Z,0xsample001434,sample-prediction-market-34,YES,0.840,18925.00
2026-08-22T19:45:00Z,0xsample001435,sample-prediction-market-35,YES,0.850,18937.50
2026-08-22T20:00:00Z,0xsample001436,sample-prediction-market-36,YES,0.860,18950.00
2026-08-22T21:15:00Z,0xsample001437,sample-prediction-market-37,YES,0.870,18962.50
2026-08-22T22:30:00Z,0xsample001438,sample-prediction-market-38,YES,0.880,18975.00
2026-08-22T23:45:00Z,0xsample001439,sample-prediction-market-39,YES,0.890,18987.50
2026-08-22T00:00:00Z,0xsample001440,sample-prediction-market-40,YES,0.500,19000.00
2026-08-22T01:15:00Z,0xsample001441,sample-prediction-market-41,YES,0.510,19012.50
2026-08-22T02:30:00Z,0xsample001442,sample-prediction-market-42,YES,0.520,19025.00
2026-08-22T03:45:00Z,0xsample001443,sample-prediction-market-43,YES,0.530,19037.50
2026-08-22T04:00:00Z,0xsample001444,sample-prediction-market-44,YES,0.540,19050.00
2026-08-22T05:15:00Z,0xsample001445,sample-prediction-market-45,YES,0.550,19062.50
2026-08-22T06:30:00Z,0xsample001446,sample-prediction-market-46,YES,0.560,19075.00
2026-08-22T07:45:00Z,0xsample001447,sample-prediction-market-47,YES,0.570,19087.50
2026-08-22T08:00:00Z,0xsample001448,sample-prediction-market-48,YES,0.580,19100.00
2026-08-22T09:15:00Z,0xsample001449,sample-prediction-market-49,YES,0.590,19112.50
2026-08-22T10:30:00Z,0xsample001450,sample-prediction-market-0,YES,0.600,19125.00
2026-08-22T11:45:00Z,0xsample001451,sample-prediction-market-1,YES,0.610,19137.50
2026-08-22T12:00:00Z,0xsample001452,sample-prediction-market-2,YES,0.620,19150.00
2026-08-22T13:15:00Z,0xsample001453,sample-prediction-market-3,YES,0.630,19162.50
2026-08-22T14:30:00Z,0xsample001454,sample-prediction-market-4,YES,0.640,19175.00
2026-08-22T15:45:00Z,0xsample001455,sample-prediction-market-5,YES,0.650,19187.50
2026-08-22T16:00:00Z,0xsample001456,sample-prediction-market-6,YES,0.660,19200.00
2026-08-22T17:15:00Z,0xsample001457,sample-prediction-market-7,YES,0.670,19212.50
2026-08-22T18:30:00Z,0xsample001458,sample-prediction-market-8,YES,0.680,19225.00
2026-08-22T19:45:00Z,0xsample001459,sample-prediction-market-9,YES,0.690,19237.50
2026-08-22T20:00:00Z,0xsample001460,sample-prediction-market-10,YES,0.700,19250.00
2026-08-22T21:15:00Z,0xsample001461,sample-prediction-market-11,YES,0.710,19262.50
2026-08-22T22:30:00Z,0xsample001462,sample-prediction-market-12,YES,0.720,19275.00
2026-08-22T23:45:00Z,0xsample001463,sample-prediction-market-13,YES,0.730,19287.50
2026-08-22T00:00:00Z,0xsample001464,sample-prediction-market-14,YES,0.740,19300.00
2026-08-22T01:15:00Z,0xsample001465,sample-prediction-market-15,YES,0.750,19312.50
2026-08-22T02:30:00Z,0xsample001466,sample-prediction-market-16,YES,0.760,19325.00
2026-08-22T03:45:00Z,0xsample001467,sample-prediction-market-17,YES,0.770,19337.50
2026-08-22T04:00:00Z,0xsample001468,sample-prediction-market-18,YES,0.780,19350.00
2026-08-22T05:15:00Z,0xsample001469,sample-prediction-market-19,YES,0.790,19362.50
2026-08-22T06:30:00Z,0xsample001470,sample-prediction-market-20,YES,0.800,19375.00
2026-08-22T07:45:00Z,0xsample001471,sample-prediction-market-21,YES,0.810,19387.50
2026-08-22T08:00:00Z,0xsample001472,sample-prediction-market-22,YES,0.820,19400.00
2026-08-22T09:15:00Z,0xsample001473,sample-prediction-market-23,YES,0.830,19412.50
2026-08-22T10:30:00Z,0xsample001474,sample-prediction-market-24,YES,0.840,19425.00
2026-08-22T11:45:00Z,0xsample001475,sample-prediction-market-25,YES,0.850,19437.50
2026-08-22T12:00:00Z,0xsample001476,sample-prediction-market-26,YES,0.860,19450.00
2026-08-22T13:15:00Z,0xsample001477,sample-prediction-market-27,YES,0.870,19462.50
2026-08-22T14:30:00Z,0xsample001478,sample-prediction-market-28,YES,0.880,19475.00
2026-08-22T15:45:00Z,0xsample001479,sample-prediction-market-29,YES,0.890,19487.50
2026-08-22T16:00:00Z,0xsample001480,sample-prediction-market-30,YES,0.500,19500.00
2026-08-22T17:15:00Z,0xsample001481,sample-prediction-market-31,YES,0.510,19512.50
2026-08-22T18:30:00Z,0xsample001482,sample-prediction-market-32,YES,0.520,19525.00
2026-08-22T19:45:00Z,0xsample001483,sample-prediction-market-33,YES,0.530,19537.50
2026-08-22T20:00:00Z,0xsample001484,sample-prediction-market-34,YES,0.540,19550.00
2026-08-22T21:15:00Z,0xsample001485,sample-prediction-market-35,YES,0.550,19562.50
2026-08-22T22:30:00Z,0xsample001486,sample-prediction-market-36,YES,0.560,19575.00
2026-08-22T23:45:00Z,0xsample001487,sample-prediction-market-37,YES,0.570,19587.50
2026-08-22T00:00:00Z,0xsample001488,sample-prediction-market-38,YES,0.580,19600.00
2026-08-22T01:15:00Z,0xsample001489,sample-prediction-market-39,YES,0.590,19612.50
2026-08-22T02:30:00Z,0xsample001490,sample-prediction-market-40,YES,0.600,19625.00
2026-08-22T03:45:00Z,0xsample001491,sample-prediction-market-41,YES,0.610,19637.50
2026-08-22T04:00:00Z,0xsample001492,sample-prediction-market-42,YES,0.620,19650.00
2026-08-22T05:15:00Z,0xsample001493,sample-prediction-market-43,YES,0.630,19662.50
2026-08-22T06:30:00Z,0xsample001494,sample-prediction-market-44,YES,0.640,19675.00
2026-08-22T07:45:00Z,0xsample001495,sample-prediction-market-45,YES,0.650,19687.50
2026-08-22T08:00:00Z,0xsample001496,sample-prediction-market-46,YES,0.660,19700.00
2026-08-22T09:15:00Z,0xsample001497,sample-prediction-market-47,YES,0.670,19712.50
2026-08-22T10:30:00Z,0xsample001498,sample-prediction-market-48,YES,0.680,19725.00
2026-08-22T11:45:00Z,0xsample001499,sample-prediction-market-49,YES,0.690,19737.50
2026-08-22T12:00:00Z,0xsample001500,sample-prediction-market-0,YES,0.700,19750.00
2026-08-22T13:15:00Z,0xsample001501,sample-prediction-market-1,YES,0.710,19762.50
2026-08-22T14:30:00Z,0xsample001502,sample-prediction-market-2,YES,0.720,19775.00
2026-08-22T15:45:00Z,0xsample001503,sample-prediction-market-3,YES,0.730,19787.50
2026-08-22T16:00:00Z,0xsample001504,sample-prediction-market-4,YES,0.740,19800.00
2026-08-22T17:15:00Z,0xsample001505,sample-prediction-market-5,YES,0.750,19812.50
2026-08-22T18:30:00Z,0xsample001506,sample-prediction-market-6,YES,0.760,19825.00
2026-08-22T19:45:00Z,0xsample001507,sample-prediction-market-7,YES,0.770,19837.50
2026-08-22T20:00:00Z,0xsample001508,sample-prediction-market-8,YES,0.780,19850.00
2026-08-22T21:15:00Z,0xsample001509,sample-prediction-market-9,YES,0.790,19862.50
2026-08-22T22:30:00Z,0xsample001510,sample-prediction-market-10,YES,0.800,19875.00
2026-08-22T23:45:00Z,0xsample001511,sample-prediction-market-11,YES,0.810,19887.50
2026-08-22T00:00:00Z,0xsample001512,sample-prediction-market-12,YES,0.820,19900.00
2026-08-22T01:15:00Z,0xsample001513,sample-prediction-market-13,YES,0.830,19912.50
2026-08-22T02:30:00Z,0xsample001514,sample-prediction-market-14,YES,0.840,19925.00
2026-08-22T03:45:00Z,0xsample001515,sample-prediction-market-15,YES,0.850,19937.50
2026-08-22T04:00:00Z,0xsample001516,sample-prediction-market-16,YES,0.860,19950.00
2026-08-22T05:15:00Z,0xsample001517,sample-prediction-market-17,YES,0.870,19962.50
2026-08-22T06:30:00Z,0xsample001518,sample-prediction-market-18,YES,0.880,19975.00
2026-08-22T07:45:00Z,0xsample001519,sample-prediction-market-19,YES,0.890,19987.50
2026-08-22T08:00:00Z,0xsample001520,sample-prediction-market-20,YES,0.500,20000.00
2026-08-22T09:15:00Z,0xsample001521,sample-prediction-market-21,YES,0.510,20012.50
2026-08-22T10:30:00Z,0xsample001522,sample-prediction-market-22,YES,0.520,20025.00
2026-08-22T11:45:00Z,0xsample001523,sample-prediction-market-23,YES,0.530,20037.50
2026-08-22T12:00:00Z,0xsample001524,sample-prediction-market-24,YES,0.540,20050.00
2026-08-22T13:15:00Z,0xsample001525,sample-prediction-market-25,YES,0.550,20062.50
2026-08-22T14:30:00Z,0xsample001526,sample-prediction-market-26,YES,0.560,20075.00
2026-08-22T15:45:00Z,0xsample001527,sample-prediction-market-27,YES,0.570,20087.50
2026-08-22T16:00:00Z,0xsample001528,sample-prediction-market-28,YES,0.580,20100.00
2026-08-22T17:15:00Z,0xsample001529,sample-prediction-market-29,YES,0.590,20112.50
2026-08-22T18:30:00Z,0xsample001530,sample-prediction-market-30,YES,0.600,20125.00
2026-08-22T19:45:00Z,0xsample001531,sample-prediction-market-31,YES,0.610,20137.50
2026-08-22T20:00:00Z,0xsample001532,sample-prediction-market-32,YES,0.620,20150.00
2026-08-22T21:15:00Z,0xsample001533,sample-prediction-market-33,YES,0.630,20162.50
2026-08-22T22:30:00Z,0xsample001534,sample-prediction-market-34,YES,0.640,20175.00
2026-08-22T23:45:00Z,0xsample001535,sample-prediction-market-35,YES,0.650,20187.50
2026-08-22T00:00:00Z,0xsample001536,sample-prediction-market-36,YES,0.660,20200.00
2026-08-22T01:15:00Z,0xsample001537,sample-prediction-market-37,YES,0.670,20212.50
2026-08-22T02:30:00Z,0xsample001538,sample-prediction-market-38,YES,0.680,20225.00
2026-08-22T03:45:00Z,0xsample001539,sample-prediction-market-39,YES,0.690,20237.50
2026-08-22T04:00:00Z,0xsample001540,sample-prediction-market-40,YES,0.700,20250.00
2026-08-22T05:15:00Z,0xsample001541,sample-prediction-market-41,YES,0.710,20262.50
2026-08-22T06:30:00Z,0xsample001542,sample-prediction-market-42,YES,0.720,20275.00
2026-08-22T07:45:00Z,0xsample001543,sample-prediction-market-43,YES,0.730,20287.50
2026-08-22T08:00:00Z,0xsample001544,sample-prediction-market-44,YES,0.740,20300.00
2026-08-22T09:15:00Z,0xsample001545,sample-prediction-market-45,YES,0.750,20312.50
2026-08-22T10:30:00Z,0xsample001546,sample-prediction-market-46,YES,0.760,20325.00
2026-08-22T11:45:00Z,0xsample001547,sample-prediction-market-47,YES,0.770,20337.50
2026-08-22T12:00:00Z,0xsample001548,sample-prediction-market-48,YES,0.780,20350.00
2026-08-22T13:15:00Z,0xsample001549,sample-prediction-market-49,YES,0.790,20362.50
2026-08-22T14:30:00Z,0xsample001550,sample-prediction-market-0,YES,0.800,20375.00
2026-08-22T15:45:00Z,0xsample001551,sample-prediction-market-1,YES,0.810,20387.50
2026-08-22T16:00:00Z,0xsample001552,sample-prediction-market-2,YES,0.820,20400.00
2026-08-22T17:15:00Z,0xsample001553,sample-prediction-market-3,YES,0.830,20412.50
2026-08-22T18:30:00Z,0xsample001554,sample-prediction-market-4,YES,0.840,20425.00
2026-08-22T19:45:00Z,0xsample001555,sample-prediction-market-5,YES,0.850,20437.50
2026-08-22T20:00:00Z,0xsample001556,sample-prediction-market-6,YES,0.860,20450.00
2026-08-22T21:15:00Z,0xsample001557,sample-prediction-market-7,YES,0.870,20462.50
2026-08-22T22:30:00Z,0xsample001558,sample-prediction-market-8,YES,0.880,20475.00
2026-08-22T23:45:00Z,0xsample001559,sample-prediction-market-9,YES,0.890,20487.50
2026-08-22T00:00:00Z,0xsample001560,sample-prediction-market-10,YES,0.500,20500.00
2026-08-22T01:15:00Z,0xsample001561,sample-prediction-market-11,YES,0.510,20512.50
2026-08-22T02:30:00Z,0xsample001562,sample-prediction-market-12,YES,0.520,20525.00
2026-08-22T03:45:00Z,0xsample001563,sample-prediction-market-13,YES,0.530,20537.50
2026-08-22T04:00:00Z,0xsample001564,sample-prediction-market-14,YES,0.540,20550.00
2026-08-22T05:15:00Z,0xsample001565,sample-prediction-market-15,YES,0.550,20562.50
2026-08-22T06:30:00Z,0xsample001566,sample-prediction-market-16,YES,0.560,20575.00
2026-08-22T07:45:00Z,0xsample001567,sample-prediction-market-17,YES,0.570,20587.50
2026-08-22T08:00:00Z,0xsample001568,sample-prediction-market-18,YES,0.580,20600.00
2026-08-22T09:15:00Z,0xsample001569,sample-prediction-market-19,YES,0.590,20612.50
2026-08-22T10:30:00Z,0xsample001570,sample-prediction-market-20,YES,0.600,20625.00
2026-08-22T11:45:00Z,0xsample001571,sample-prediction-market-21,YES,0.610,20637.50
2026-08-22T12:00:00Z,0xsample001572,sample-prediction-market-22,YES,0.620,20650.00
2026-08-22T13:15:00Z,0xsample001573,sample-prediction-market-23,YES,0.630,20662.50
2026-08-22T14:30:00Z,0xsample001574,sample-prediction-market-24,YES,0.640,20675.00
2026-08-22T15:45:00Z,0xsample001575,sample-prediction-market-25,YES,0.650,20687.50
2026-08-22T16:00:00Z,0xsample001576,sample-prediction-market-26,YES,0.660,20700.00
2026-08-22T17:15:00Z,0xsample001577,sample-prediction-market-27,YES,0.670,20712.50
2026-08-22T18:30:00Z,0xsample001578,sample-prediction-market-28,YES,0.680,20725.00
2026-08-22T19:45:00Z,0xsample001579,sample-prediction-market-29,YES,0.690,20737.50
2026-08-22T20:00:00Z,0xsample001580,sample-prediction-market-30,YES,0.700,20750.00
2026-08-22T21:15:00Z,0xsample001581,sample-prediction-market-31,YES,0.710,20762.50
2026-08-22T22:30:00Z,0xsample001582,sample-prediction-market-32,YES,0.720,20775.00
2026-08-22T23:45:00Z,0xsample001583,sample-prediction-market-33,YES,0.730,20787.50
2026-08-22T00:00:00Z,0xsample001584,sample-prediction-market-34,YES,0.740,20800.00
2026-08-22T01:15:00Z,0xsample001585,sample-prediction-market-35,YES,0.750,20812.50
2026-08-22T02:30:00Z,0xsample001586,sample-prediction-market-36,YES,0.760,20825.00
2026-08-22T03:45:00Z,0xsample001587,sample-prediction-market-37,YES,0.770,20837.50
2026-08-22T04:00:00Z,0xsample001588,sample-prediction-market-38,YES,0.780,20850.00
2026-08-22T05:15:00Z,0xsample001589,sample-prediction-market-39,YES,0.790,20862.50
2026-08-22T06:30:00Z,0xsample001590,sample-prediction-market-40,YES,0.800,20875.00
2026-08-22T07:45:00Z,0xsample001591,sample-prediction-market-41,YES,0.810,20887.50
2026-08-22T08:00:00Z,0xsample001592,sample-prediction-market-42,YES,0.820,20900.00
2026-08-22T09:15:00Z,0xsample001593,sample-prediction-market-43,YES,0.830,20912.50
2026-08-22T10:30:00Z,0xsample001594,sample-prediction-market-44,YES,0.840,20925.00
2026-08-22T11:45:00Z,0xsample001595,sample-prediction-market-45,YES,0.850,20937.50
2026-08-22T12:00:00Z,0xsample001596,sample-prediction-market-46,YES,0.860,20950.00
2026-08-22T13:15:00Z,0xsample001597,sample-prediction-market-47,YES,0.870,20962.50
2026-08-22T14:30:00Z,0xsample001598,sample-prediction-market-48,YES,0.880,20975.00
2026-08-22T15:45:00Z,0xsample001599,sample-prediction-market-49,YES,0.890,20987.50
2026-08-22T16:00:00Z,0xsample001600,sample-prediction-market-0,YES,0.500,21000.00
2026-08-22T17:15:00Z,0xsample001601,sample-prediction-market-1,YES,0.510,21012.50
2026-08-22T18:30:00Z,0xsample001602,sample-prediction-market-2,YES,0.520,21025.00
2026-08-22T19:45:00Z,0xsample001603,sample-prediction-market-3,YES,0.530,21037.50
2026-08-22T20:00:00Z,0xsample001604,sample-prediction-market-4,YES,0.540,21050.00
2026-08-22T21:15:00Z,0xsample001605,sample-prediction-market-5,YES,0.550,21062.50
2026-08-22T22:30:00Z,0xsample001606,sample-prediction-market-6,YES,0.560,21075.00
2026-08-22T23:45:00Z,0xsample001607,sample-prediction-market-7,YES,0.570,21087.50
2026-08-22T00:00:00Z,0xsample001608,sample-prediction-market-8,YES,0.580,21100.00
2026-08-22T01:15:00Z,0xsample001609,sample-prediction-market-9,YES,0.590,21112.50
2026-08-22T02:30:00Z,0xsample001610,sample-prediction-market-10,YES,0.600,21125.00
2026-08-22T03:45:00Z,0xsample001611,sample-prediction-market-11,YES,0.610,21137.50
2026-08-22T04:00:00Z,0xsample001612,sample-prediction-market-12,YES,0.620,21150.00
2026-08-22T05:15:00Z,0xsample001613,sample-prediction-market-13,YES,0.630,21162.50
2026-08-22T06:30:00Z,0xsample001614,sample-prediction-market-14,YES,0.640,21175.00
2026-08-22T07:45:00Z,0xsample001615,sample-prediction-market-15,YES,0.650,21187.50
2026-08-22T08:00:00Z,0xsample001616,sample-prediction-market-16,YES,0.660,21200.00
2026-08-22T09:15:00Z,0xsample001617,sample-prediction-market-17,YES,0.670,21212.50
2026-08-22T10:30:00Z,0xsample001618,sample-prediction-market-18,YES,0.680,21225.00
2026-08-22T11:45:00Z,0xsample001619,sample-prediction-market-19,YES,0.690,21237.50
2026-08-22T12:00:00Z,0xsample001620,sample-prediction-market-20,YES,0.700,21250.00
2026-08-22T13:15:00Z,0xsample001621,sample-prediction-market-21,YES,0.710,21262.50
2026-08-22T14:30:00Z,0xsample001622,sample-prediction-market-22,YES,0.720,21275.00
2026-08-22T15:45:00Z,0xsample001623,sample-prediction-market-23,YES,0.730,21287.50
2026-08-22T16:00:00Z,0xsample001624,sample-prediction-market-24,YES,0.740,21300.00
2026-08-22T17:15:00Z,0xsample001625,sample-prediction-market-25,YES,0.750,21312.50
2026-08-22T18:30:00Z,0xsample001626,sample-prediction-market-26,YES,0.760,21325.00
2026-08-22T19:45:00Z,0xsample001627,sample-prediction-market-27,YES,0.770,21337.50
2026-08-22T20:00:00Z,0xsample001628,sample-prediction-market-28,YES,0.780,21350.00
2026-08-22T21:15:00Z,0xsample001629,sample-prediction-market-29,YES,0.790,21362.50
2026-08-22T22:30:00Z,0xsample001630,sample-prediction-market-30,YES,0.800,21375.00
2026-08-22T23:45:00Z,0xsample001631,sample-prediction-market-31,YES,0.810,21387.50
2026-08-22T00:00:00Z,0xsample001632,sample-prediction-market-32,YES,0.820,21400.00
2026-08-22T01:15:00Z,0xsample001633,sample-prediction-market-33,YES,0.830,21412.50
2026-08-22T02:30:00Z,0xsample001634,sample-prediction-market-34,YES,0.840,21425.00
2026-08-22T03:45:00Z,0xsample001635,sample-prediction-market-35,YES,0.850,21437.50
2026-08-22T04:00:00Z,0xsample001636,sample-prediction-market-36,YES,0.860,21450.00
2026-08-22T05:15:00Z,0xsample001637,sample-prediction-market-37,YES,0.870,21462.50
2026-08-22T06:30:00Z,0xsample001638,sample-prediction-market-38,YES,0.880,21475.00
2026-08-22T07:45:00Z,0xsample001639,sample-prediction-market-39,YES,0.890,21487.50
2026-08-22T08:00:00Z,0xsample001640,sample-prediction-market-40,YES,0.500,21500.00
2026-08-22T09:15:00Z,0xsample001641,sample-prediction-market-41,YES,0.510,21512.50
2026-08-22T10:30:00Z,0xsample001642,sample-prediction-market-42,YES,0.520,21525.00
2026-08-22T11:45:00Z,0xsample001643,sample-prediction-market-43,YES,0.530,21537.50
2026-08-22T12:00:00Z,0xsample001644,sample-prediction-market-44,YES,0.540,21550.00
2026-08-22T13:15:00Z,0xsample001645,sample-prediction-market-45,YES,0.550,21562.50
2026-08-22T14:30:00Z,0xsample001646,sample-prediction-market-46,YES,0.560,21575.00
2026-08-22T15:45:00Z,0xsample001647,sample-prediction-market-47,YES,0.570,21587.50
2026-08-22T16:00:00Z,0xsample001648,sample-prediction-market-48,YES,0.580,21600.00
2026-08-22T17:15:00Z,0xsample001649,sample-prediction-market-49,YES,0.590,21612.50
2026-08-22T18:30:00Z,0xsample001650,sample-prediction-market-0,YES,0.600,21625.00
2026-08-22T19:45:00Z,0xsample001651,sample-prediction-market-1,YES,0.610,21637.50
2026-08-22T20:00:00Z,0xsample001652,sample-prediction-market-2,YES,0.620,21650.00
2026-08-22T21:15:00Z,0xsample001653,sample-prediction-market-3,YES,0.630,21662.50
2026-08-22T22:30:00Z,0xsample001654,sample-prediction-market-4,YES,0.640,21675.00
2026-08-22T23:45:00Z,0xsample001655,sample-prediction-market-5,YES,0.650,21687.50
2026-08-22T00:00:00Z,0xsample001656,sample-prediction-market-6,YES,0.660,21700.00
2026-08-22T01:15:00Z,0xsample001657,sample-prediction-market-7,YES,0.670,21712.50
2026-08-22T02:30:00Z,0xsample001658,sample-prediction-market-8,YES,0.680,21725.00
2026-08-22T03:45:00Z,0xsample001659,sample-prediction-market-9,YES,0.690,21737.50
2026-08-22T04:00:00Z,0xsample001660,sample-prediction-market-10,YES,0.700,21750.00
2026-08-22T05:15:00Z,0xsample001661,sample-prediction-market-11,YES,0.710,21762.50
2026-08-22T06:30:00Z,0xsample001662,sample-prediction-market-12,YES,0.720,21775.00
2026-08-22T07:45:00Z,0xsample001663,sample-prediction-market-13,YES,0.730,21787.50
2026-08-22T08:00:00Z,0xsample001664,sample-prediction-market-14,YES,0.740,21800.00
2026-08-22T09:15:00Z,0xsample001665,sample-prediction-market-15,YES,0.750,21812.50
2026-08-22T10:30:00Z,0xsample001666,sample-prediction-market-16,YES,0.760,21825.00
2026-08-22T11:45:00Z,0xsample001667,sample-prediction-market-17,YES,0.770,21837.50
2026-08-22T12:00:00Z,0xsample001668,sample-prediction-market-18,YES,0.780,21850.00
2026-08-22T13:15:00Z,0xsample001669,sample-prediction-market-19,YES,0.790,21862.50
2026-08-22T14:30:00Z,0xsample001670,sample-prediction-market-20,YES,0.800,21875.00
2026-08-22T15:45:00Z,0xsample001671,sample-prediction-market-21,YES,0.810,21887.50
2026-08-22T16:00:00Z,0xsample001672,sample-prediction-market-22,YES,0.820,21900.00
2026-08-22T17:15:00Z,0xsample001673,sample-prediction-market-23,YES,0.830,21912.50
2026-08-22T18:30:00Z,0xsample001674,sample-prediction-market-24,YES,0.840,21925.00
2026-08-22T19:45:00Z,0xsample001675,sample-prediction-market-25,YES,0.850,21937.50
2026-08-22T20:00:00Z,0xsample001676,sample-prediction-market-26,YES,0.860,21950.00
2026-08-22T21:15:00Z,0xsample001677,sample-prediction-market-27,YES,0.870,21962.50
2026-08-22T22:30:00Z,0xsample001678,sample-prediction-market-28,YES,0.880,21975.00
2026-08-22T23:45:00Z,0xsample001679,sample-prediction-market-29,YES,0.890,21987.50
2026-08-22T00:00:00Z,0xsample001680,sample-prediction-market-30,YES,0.500,22000.00
2026-08-22T01:15:00Z,0xsample001681,sample-prediction-market-31,YES,0.510,22012.50
2026-08-22T02:30:00Z,0xsample001682,sample-prediction-market-32,YES,0.520,22025.00
2026-08-22T03:45:00Z,0xsample001683,sample-prediction-market-33,YES,0.530,22037.50
2026-08-22T04:00:00Z,0xsample001684,sample-prediction-market-34,YES,0.540,22050.00
2026-08-22T05:15:00Z,0xsample001685,sample-prediction-market-35,YES,0.550,22062.50
2026-08-22T06:30:00Z,0xsample001686,sample-prediction-market-36,YES,0.560,22075.00
2026-08-22T07:45:00Z,0xsample001687,sample-prediction-market-37,YES,0.570,22087.50
2026-08-22T08:00:00Z,0xsample001688,sample-prediction-market-38,YES,0.580,22100.00
2026-08-22T09:15:00Z,0xsample001689,sample-prediction-market-39,YES,0.590,22112.50
2026-08-22T10:30:00Z,0xsample001690,sample-prediction-market-40,YES,0.600,22125.00
2026-08-22T11:45:00Z,0xsample001691,sample-prediction-market-41,YES,0.610,22137.50
2026-08-22T12:00:00Z,0xsample001692,sample-prediction-market-42,YES,0.620,22150.00
2026-08-22T13:15:00Z,0xsample001693,sample-prediction-market-43,YES,0.630,22162.50
2026-08-22T14:30:00Z,0xsample001694,sample-prediction-market-44,YES,0.640,22175.00
2026-08-22T15:45:00Z,0xsample001695,sample-prediction-market-45,YES,0.650,22187.50
2026-08-22T16:00:00Z,0xsample001696,sample-prediction-market-46,YES,0.660,22200.00
2026-08-22T17:15:00Z,0xsample001697,sample-prediction-market-47,YES,0.670,22212.50
2026-08-22T18:30:00Z,0xsample001698,sample-prediction-market-48,YES,0.680,22225.00
2026-08-22T19:45:00Z,0xsample001699,sample-prediction-market-49,YES,0.690,22237.50
2026-08-22T20:00:00Z,0xsample001700,sample-prediction-market-0,YES,0.700,22250.00
2026-08-22T21:15:00Z,0xsample001701,sample-prediction-market-1,YES,0.710,22262.50
2026-08-22T22:30:00Z,0xsample001702,sample-prediction-market-2,YES,0.720,22275.00
2026-08-22T23:45:00Z,0xsample001703,sample-prediction-market-3,YES,0.730,22287.50
2026-08-22T00:00:00Z,0xsample001704,sample-prediction-market-4,YES,0.740,22300.00
2026-08-22T01:15:00Z,0xsample001705,sample-prediction-market-5,YES,0.750,22312.50
2026-08-22T02:30:00Z,0xsample001706,sample-prediction-market-6,YES,0.760,22325.00
2026-08-22T03:45:00Z,0xsample001707,sample-prediction-market-7,YES,0.770,22337.50
2026-08-22T04:00:00Z,0xsample001708,sample-prediction-market-8,YES,0.780,22350.00
2026-08-22T05:15:00Z,0xsample001709,sample-prediction-market-9,YES,0.790,22362.50
2026-08-22T06:30:00Z,0xsample001710,sample-prediction-market-10,YES,0.800,22375.00
2026-08-22T07:45:00Z,0xsample001711,sample-prediction-market-11,YES,0.810,22387.50
2026-08-22T08:00:00Z,0xsample001712,sample-prediction-market-12,YES,0.820,22400.00
2026-08-22T09:15:00Z,0xsample001713,sample-prediction-market-13,YES,0.830,22412.50
2026-08-22T10:30:00Z,0xsample001714,sample-prediction-market-14,YES,0.840,22425.00
2026-08-22T11:45:00Z,0xsample001715,sample-prediction-market-15,YES,0.850,22437.50
2026-08-22T12:00:00Z,0xsample001716,sample-prediction-market-16,YES,0.860,22450.00
2026-08-22T13:15:00Z,0xsample001717,sample-prediction-market-17,YES,0.870,22462.50
2026-08-22T14:30:00Z,0xsample001718,sample-prediction-market-18,YES,0.880,22475.00
2026-08-22T15:45:00Z,0xsample001719,sample-prediction-market-19,YES,0.890,22487.50
2026-08-22T16:00:00Z,0xsample001720,sample-prediction-market-20,YES,0.500,22500.00
2026-08-22T17:15:00Z,0xsample001721,sample-prediction-market-21,YES,0.510,22512.50
2026-08-22T18:30:00Z,0xsample001722,sample-prediction-market-22,YES,0.520,22525.00
2026-08-22T19:45:00Z,0xsample001723,sample-prediction-market-23,YES,0.530,22537.50
2026-08-22T20:00:00Z,0xsample001724,sample-prediction-market-24,YES,0.540,22550.00
2026-08-22T21:15:00Z,0xsample001725,sample-prediction-market-25,YES,0.550,22562.50
2026-08-22T22:30:00Z,0xsample001726,sample-prediction-market-26,YES,0.560,22575.00
2026-08-22T23:45:00Z,0xsample001727,sample-prediction-market-27,YES,0.570,22587.50
2026-08-22T00:00:00Z,0xsample001728,sample-prediction-market-28,YES,0.580,22600.00
2026-08-22T01:15:00Z,0xsample001729,sample-prediction-market-29,YES,0.590,22612.50
2026-08-22T02:30:00Z,0xsample001730,sample-prediction-market-30,YES,0.600,22625.00
2026-08-22T03:45:00Z,0xsample001731,sample-prediction-market-31,YES,0.610,22637.50
2026-08-22T04:00:00Z,0xsample001732,sample-prediction-market-32,YES,0.620,22650.00
2026-08-22T05:15:00Z,0xsample001733,sample-prediction-market-33,YES,0.630,22662.50
2026-08-22T06:30:00Z,0xsample001734,sample-prediction-market-34,YES,0.640,22675.00
2026-08-22T07:45:00Z,0xsample001735,sample-prediction-market-35,YES,0.650,22687.50
2026-08-22T08:00:00Z,0xsample001736,sample-prediction-market-36,YES,0.660,22700.00
2026-08-22T09:15:00Z,0xsample001737,sample-prediction-market-37,YES,0.670,22712.50
2026-08-22T10:30:00Z,0xsample001738,sample-prediction-market-38,YES,0.680,22725.00
2026-08-22T11:45:00Z,0xsample001739,sample-prediction-market-39,YES,0.690,22737.50
2026-08-22T12:00:00Z,0xsample001740,sample-prediction-market-40,YES,0.700,22750.00
2026-08-22T13:15:00Z,0xsample001741,sample-prediction-market-41,YES,0.710,22762.50
2026-08-22T14:30:00Z,0xsample001742,sample-prediction-market-42,YES,0.720,22775.00
2026-08-22T15:45:00Z,0xsample001743,sample-prediction-market-43,YES,0.730,22787.50
2026-08-22T16:00:00Z,0xsample001744,sample-prediction-market-44,YES,0.740,22800.00
2026-08-22T17:15:00Z,0xsample001745,sample-prediction-market-45,YES,0.750,22812.50
2026-08-22T18:30:00Z,0xsample001746,sample-prediction-market-46,YES,0.760,22825.00
2026-08-22T19:45:00Z,0xsample001747,sample-prediction-market-47,YES,0.770,22837.50
2026-08-22T20:00:00Z,0xsample001748,sample-prediction-market-48,YES,0.780,22850.00
2026-08-22T21:15:00Z,0xsample001749,sample-prediction-market-49,YES,0.790,22862.50
2026-08-22T22:30:00Z,0xsample001750,sample-prediction-market-0,YES,0.800,22875.00
2026-08-22T23:45:00Z,0xsample001751,sample-prediction-market-1,YES,0.810,22887.50
2026-08-22T00:00:00Z,0xsample001752,sample-prediction-market-2,YES,0.820,22900.00
2026-08-22T01:15:00Z,0xsample001753,sample-prediction-market-3,YES,0.830,22912.50
2026-08-22T02:30:00Z,0xsample001754,sample-prediction-market-4,YES,0.840,22925.00
2026-08-22T03:45:00Z,0xsample001755,sample-prediction-market-5,YES,0.850,22937.50
2026-08-22T04:00:00Z,0xsample001756,sample-prediction-market-6,YES,0.860,22950.00
2026-08-22T05:15:00Z,0xsample001757,sample-prediction-market-7,YES,0.870,22962.50
2026-08-22T06:30:00Z,0xsample001758,sample-prediction-market-8,YES,0.880,22975.00
2026-08-22T07:45:00Z,0xsample001759,sample-prediction-market-9,YES,0.890,22987.50
2026-08-22T08:00:00Z,0xsample001760,sample-prediction-market-10,YES,0.500,23000.00
2026-08-22T09:15:00Z,0xsample001761,sample-prediction-market-11,YES,0.510,23012.50
2026-08-22T10:30:00Z,0xsample001762,sample-prediction-market-12,YES,0.520,23025.00
2026-08-22T11:45:00Z,0xsample001763,sample-prediction-market-13,YES,0.530,23037.50
2026-08-22T12:00:00Z,0xsample001764,sample-prediction-market-14,YES,0.540,23050.00
2026-08-22T13:15:00Z,0xsample001765,sample-prediction-market-15,YES,0.550,23062.50
2026-08-22T14:30:00Z,0xsample001766,sample-prediction-market-16,YES,0.560,23075.00
2026-08-22T15:45:00Z,0xsample001767,sample-prediction-market-17,YES,0.570,23087.50
2026-08-22T16:00:00Z,0xsample001768,sample-prediction-market-18,YES,0.580,23100.00
2026-08-22T17:15:00Z,0xsample001769,sample-prediction-market-19,YES,0.590,23112.50
2026-08-22T18:30:00Z,0xsample001770,sample-prediction-market-20,YES,0.600,23125.00
2026-08-22T19:45:00Z,0xsample001771,sample-prediction-market-21,YES,0.610,23137.50
2026-08-22T20:00:00Z,0xsample001772,sample-prediction-market-22,YES,0.620,23150.00
2026-08-22T21:15:00Z,0xsample001773,sample-prediction-market-23,YES,0.630,23162.50
2026-08-22T22:30:00Z,0xsample001774,sample-prediction-market-24,YES,0.640,23175.00
2026-08-22T23:45:00Z,0xsample001775,sample-prediction-market-25,YES,0.650,23187.50
2026-08-22T00:00:00Z,0xsample001776,sample-prediction-market-26,YES,0.660,23200.00
2026-08-22T01:15:00Z,0xsample001777,sample-prediction-market-27,YES,0.670,23212.50
2026-08-22T02:30:00Z,0xsample001778,sample-prediction-market-28,YES,0.680,23225.00
2026-08-22T03:45:00Z,0xsample001779,sample-prediction-market-29,YES,0.690,23237.50
2026-08-22T04:00:00Z,0xsample001780,sample-prediction-market-30,YES,0.700,23250.00
2026-08-22T05:15:00Z,0xsample001781,sample-prediction-market-31,YES,0.710,23262.50
2026-08-22T06:30:00Z,0xsample001782,sample-prediction-market-32,YES,0.720,23275.00
2026-08-22T07:45:00Z,0xsample001783,sample-prediction-market-33,YES,0.730,23287.50
2026-08-22T08:00:00Z,0xsample001784,sample-prediction-market-34,YES,0.740,23300.00
2026-08-22T09:15:00Z,0xsample001785,sample-prediction-market-35,YES,0.750,23312.50
2026-08-22T10:30:00Z,0xsample001786,sample-prediction-market-36,YES,0.760,23325.00
2026-08-22T11:45:00Z,0xsample001787,sample-prediction-market-37,YES,0.770,23337.50
2026-08-22T12:00:00Z,0xsample001788,sample-prediction-market-38,YES,0.780,23350.00
2026-08-22T13:15:00Z,0xsample001789,sample-prediction-market-39,YES,0.790,23362.50
2026-08-22T14:30:00Z,0xsample001790,sample-prediction-market-40,YES,0.800,23375.00
2026-08-22T15:45:00Z,0xsample001791,sample-prediction-market-41,YES,0.810,23387.50
2026-08-22T16:00:00Z,0xsample001792,sample-prediction-market-42,YES,0.820,23400.00
2026-08-22T17:15:00Z,0xsample001793,sample-prediction-market-43,YES,0.830,23412.50
2026-08-22T18:30:00Z,0xsample001794,sample-prediction-market-44,YES,0.840,23425.00
2026-08-22T19:45:00Z,0xsample001795,sample-prediction-market-45,YES,0.850,23437.50
2026-08-22T20:00:00Z,0xsample001796,sample-prediction-market-46,YES,0.860,23450.00
2026-08-22T21:15:00Z,0xsample001797,sample-prediction-market-47,YES,0.870,23462.50
2026-08-22T22:30:00Z,0xsample001798,sample-prediction-market-48,YES,0.880,23475.00
2026-08-22T23:45:00Z,0xsample001799,sample-prediction-market-49,YES,0.890,23487.50
2026-08-22T00:00:00Z,0xsample001800,sample-prediction-market-0,YES,0.500,23500.00
2026-08-22T01:15:00Z,0xsample001801,sample-prediction-market-1,YES,0.510,23512.50
2026-08-22T02:30:00Z,0xsample001802,sample-prediction-market-2,YES,0.520,23525.00
2026-08-22T03:45:00Z,0xsample001803,sample-prediction-market-3,YES,0.530,23537.50
2026-08-22T04:00:00Z,0xsample001804,sample-prediction-market-4,YES,0.540,23550.00
2026-08-22T05:15:00Z,0xsample001805,sample-prediction-market-5,YES,0.550,23562.50
2026-08-22T06:30:00Z,0xsample001806,sample-prediction-market-6,YES,0.560,23575.00
2026-08-22T07:45:00Z,0xsample001807,sample-prediction-market-7,YES,0.570,23587.50
2026-08-22T08:00:00Z,0xsample001808,sample-prediction-market-8,YES,0.580,23600.00
2026-08-22T09:15:00Z,0xsample001809,sample-prediction-market-9,YES,0.590,23612.50
2026-08-22T10:30:00Z,0xsample001810,sample-prediction-market-10,YES,0.600,23625.00
2026-08-22T11:45:00Z,0xsample001811,sample-prediction-market-11,YES,0.610,23637.50
2026-08-22T12:00:00Z,0xsample001812,sample-prediction-market-12,YES,0.620,23650.00
2026-08-22T13:15:00Z,0xsample001813,sample-prediction-market-13,YES,0.630,23662.50
2026-08-22T14:30:00Z,0xsample001814,sample-prediction-market-14,YES,0.640,23675.00
2026-08-22T15:45:00Z,0xsample001815,sample-prediction-market-15,YES,0.650,23687.50
2026-08-22T16:00:00Z,0xsample001816,sample-prediction-market-16,YES,0.660,23700.00
2026-08-22T17:15:00Z,0xsample001817,sample-prediction-market-17,YES,0.670,23712.50
2026-08-22T18:30:00Z,0xsample001818,sample-prediction-market-18,YES,0.680,23725.00
2026-08-22T19:45:00Z,0xsample001819,sample-prediction-market-19,YES,0.690,23737.50
2026-08-22T20:00:00Z,0xsample001820,sample-prediction-market-20,YES,0.700,23750.00
2026-08-22T21:15:00Z,0xsample001821,sample-prediction-market-21,YES,0.710,23762.50
2026-08-22T22:30:00Z,0xsample001822,sample-prediction-market-22,YES,0.720,23775.00
2026-08-22T23:45:00Z,0xsample001823,sample-prediction-market-23,YES,0.730,23787.50
2026-08-22T00:00:00Z,0xsample001824,sample-prediction-market-24,YES,0.740,23800.00
2026-08-22T01:15:00Z,0xsample001825,sample-prediction-market-25,YES,0.750,23812.50
2026-08-22T02:30:00Z,0xsample001826,sample-prediction-market-26,YES,0.760,23825.00
2026-08-22T03:45:00Z,0xsample001827,sample-prediction-market-27,YES,0.770,23837.50
2026-08-22T04:00:00Z,0xsample001828,sample-prediction-market-28,YES,0.780,23850.00
2026-08-22T05:15:00Z,0xsample001829,sample-prediction-market-29,YES,0.790,23862.50
2026-08-22T06:30:00Z,0xsample001830,sample-prediction-market-30,YES,0.800,23875.00
2026-08-22T07:45:00Z,0xsample001831,sample-prediction-market-31,YES,0.810,23887.50
2026-08-22T08:00:00Z,0xsample001832,sample-prediction-market-32,YES,0.820,23900.00
2026-08-22T09:15:00Z,0xsample001833,sample-prediction-market-33,YES,0.830,23912.50
2026-08-22T10:30:00Z,0xsample001834,sample-prediction-market-34,YES,0.840,23925.00
2026-08-22T11:45:00Z,0xsample001835,sample-prediction-market-35,YES,0.850,23937.50
2026-08-22T12:00:00Z,0xsample001836,sample-prediction-market-36,YES,0.860,23950.00
2026-08-22T13:15:00Z,0xsample001837,sample-prediction-market-37,YES,0.870,23962.50
2026-08-22T14:30:00Z,0xsample001838,sample-prediction-market-38,YES,0.880,23975.00
2026-08-22T15:45:00Z,0xsample001839,sample-prediction-market-39,YES,0.890,23987.50
2026-08-22T16:00:00Z,0xsample001840,sample-prediction-market-40,YES,0.500,24000.00
2026-08-22T17:15:00Z,0xsample001841,sample-prediction-market-41,YES,0.510,24012.50
2026-08-22T18:30:00Z,0xsample001842,sample-prediction-market-42,YES,0.520,24025.00
2026-08-22T19:45:00Z,0xsample001843,sample-prediction-market-43,YES,0.530,24037.50
2026-08-22T20:00:00Z,0xsample001844,sample-prediction-market-44,YES,0.540,24050.00
2026-08-22T21:15:00Z,0xsample001845,sample-prediction-market-45,YES,0.550,24062.50
2026-08-22T22:30:00Z,0xsample001846,sample-prediction-market-46,YES,0.560,24075.00
2026-08-22T23:45:00Z,0xsample001847,sample-prediction-market-47,YES,0.570,24087.50
2026-08-22T00:00:00Z,0xsample001848,sample-prediction-market-48,YES,0.580,24100.00
2026-08-22T01:15:00Z,0xsample001849,sample-prediction-market-49,YES,0.590,24112.50
2026-08-22T02:30:00Z,0xsample001850,sample-prediction-market-0,YES,0.600,24125.00
2026-08-22T03:45:00Z,0xsample001851,sample-prediction-market-1,YES,0.610,24137.50
2026-08-22T04:00:00Z,0xsample001852,sample-prediction-market-2,YES,0.620,24150.00
2026-08-22T05:15:00Z,0xsample001853,sample-prediction-market-3,YES,0.630,24162.50
2026-08-22T06:30:00Z,0xsample001854,sample-prediction-market-4,YES,0.640,24175.00
2026-08-22T07:45:00Z,0xsample001855,sample-prediction-market-5,YES,0.650,24187.50
2026-08-22T08:00:00Z,0xsample001856,sample-prediction-market-6,YES,0.660,24200.00
2026-08-22T09:15:00Z,0xsample001857,sample-prediction-market-7,YES,0.670,24212.50
2026-08-22T10:30:00Z,0xsample001858,sample-prediction-market-8,YES,0.680,24225.00
2026-08-22T11:45:00Z,0xsample001859,sample-prediction-market-9,YES,0.690,24237.50
2026-08-22T12:00:00Z,0xsample001860,sample-prediction-market-10,YES,0.700,24250.00
2026-08-22T13:15:00Z,0xsample001861,sample-prediction-market-11,YES,0.710,24262.50
2026-08-22T14:30:00Z,0xsample001862,sample-prediction-market-12,YES,0.720,24275.00
2026-08-22T15:45:00Z,0xsample001863,sample-prediction-market-13,YES,0.730,24287.50
2026-08-22T16:00:00Z,0xsample001864,sample-prediction-market-14,YES,0.740,24300.00
2026-08-22T17:15:00Z,0xsample001865,sample-prediction-market-15,YES,0.750,24312.50
2026-08-22T18:30:00Z,0xsample001866,sample-prediction-market-16,YES,0.760,24325.00
2026-08-22T19:45:00Z,0xsample001867,sample-prediction-market-17,YES,0.770,24337.50
2026-08-22T20:00:00Z,0xsample001868,sample-prediction-market-18,YES,0.780,24350.00
2026-08-22T21:15:00Z,0xsample001869,sample-prediction-market-19,YES,0.790,24362.50
2026-08-22T22:30:00Z,0xsample001870,sample-prediction-market-20,YES,0.800,24375.00
2026-08-22T23:45:00Z,0xsample001871,sample-prediction-market-21,YES,0.810,24387.50
2026-08-22T00:00:00Z,0xsample001872,sample-prediction-market-22,YES,0.820,24400.00
2026-08-22T01:15:00Z,0xsample001873,sample-prediction-market-23,YES,0.830,24412.50
2026-08-22T02:30:00Z,0xsample001874,sample-prediction-market-24,YES,0.840,24425.00
2026-08-22T03:45:00Z,0xsample001875,sample-prediction-market-25,YES,0.850,24437.50
2026-08-22T04:00:00Z,0xsample001876,sample-prediction-market-26,YES,0.860,24450.00
2026-08-22T05:15:00Z,0xsample001877,sample-prediction-market-27,YES,0.870,24462.50
2026-08-22T06:30:00Z,0xsample001878,sample-prediction-market-28,YES,0.880,24475.00
2026-08-22T07:45:00Z,0xsample001879,sample-prediction-market-29,YES,0.890,24487.50
2026-08-22T08:00:00Z,0xsample001880,sample-prediction-market-30,YES,0.500,24500.00
2026-08-22T09:15:00Z,0xsample001881,sample-prediction-market-31,YES,0.510,24512.50
2026-08-22T10:30:00Z,0xsample001882,sample-prediction-market-32,YES,0.520,24525.00
2026-08-22T11:45:00Z,0xsample001883,sample-prediction-market-33,YES,0.530,24537.50
2026-08-22T12:00:00Z,0xsample001884,sample-prediction-market-34,YES,0.540,24550.00
2026-08-22T13:15:00Z,0xsample001885,sample-prediction-market-35,YES,0.550,24562.50
2026-08-22T14:30:00Z,0xsample001886,sample-prediction-market-36,YES,0.560,24575.00
2026-08-22T15:45:00Z,0xsample001887,sample-prediction-market-37,YES,0.570,24587.50
2026-08-22T16:00:00Z,0xsample001888,sample-prediction-market-38,YES,0.580,24600.00
2026-08-22T17:15:00Z,0xsample001889,sample-prediction-market-39,YES,0.590,24612.50
2026-08-22T18:30:00Z,0xsample001890,sample-prediction-market-40,YES,0.600,24625.00
2026-08-22T19:45:00Z,0xsample001891,sample-prediction-market-41,YES,0.610,24637.50
2026-08-22T20:00:00Z,0xsample001892,sample-prediction-market-42,YES,0.620,24650.00
2026-08-22T21:15:00Z,0xsample001893,sample-prediction-market-43,YES,0.630,24662.50
2026-08-22T22:30:00Z,0xsample001894,sample-prediction-market-44,YES,0.640,24675.00
2026-08-22T23:45:00Z,0xsample001895,sample-prediction-market-45,YES,0.650,24687.50
2026-08-22T00:00:00Z,0xsample001896,sample-prediction-market-46,YES,0.660,24700.00
2026-08-22T01:15:00Z,0xsample001897,sample-prediction-market-47,YES,0.670,24712.50
2026-08-22T02:30:00Z,0xsample001898,sample-prediction-market-48,YES,0.680,24725.00
2026-08-22T03:45:00Z,0xsample001899,sample-prediction-market-49,YES,0.690,24737.50
2026-08-22T04:00:00Z,0xsample001900,sample-prediction-market-0,YES,0.700,24750.00
2026-08-22T05:15:00Z,0xsample001901,sample-prediction-market-1,YES,0.710,24762.50
2026-08-22T06:30:00Z,0xsample001902,sample-prediction-market-2,YES,0.720,24775.00
2026-08-22T07:45:00Z,0xsample001903,sample-prediction-market-3,YES,0.730,24787.50
2026-08-22T08:00:00Z,0xsample001904,sample-prediction-market-4,YES,0.740,24800.00
2026-08-22T09:15:00Z,0xsample001905,sample-prediction-market-5,YES,0.750,24812.50
2026-08-22T10:30:00Z,0xsample001906,sample-prediction-market-6,YES,0.760,24825.00
2026-08-22T11:45:00Z,0xsample001907,sample-prediction-market-7,YES,0.770,24837.50
2026-08-22T12:00:00Z,0xsample001908,sample-prediction-market-8,YES,0.780,24850.00
2026-08-22T13:15:00Z,0xsample001909,sample-prediction-market-9,YES,0.790,24862.50
2026-08-22T14:30:00Z,0xsample001910,sample-prediction-market-10,YES,0.800,24875.00
2026-08-22T15:45:00Z,0xsample001911,sample-prediction-market-11,YES,0.810,24887.50
2026-08-22T16:00:00Z,0xsample001912,sample-prediction-market-12,YES,0.820,24900.00
2026-08-22T17:15:00Z,0xsample001913,sample-prediction-market-13,YES,0.830,24912.50
2026-08-22T18:30:00Z,0xsample001914,sample-prediction-market-14,YES,0.840,24925.00
2026-08-22T19:45:00Z,0xsample001915,sample-prediction-market-15,YES,0.850,24937.50
2026-08-22T20:00:00Z,0xsample001916,sample-prediction-market-16,YES,0.860,24950.00
2026-08-22T21:15:00Z,0xsample001917,sample-prediction-market-17,YES,0.870,24962.50
2026-08-22T22:30:00Z,0xsample001918,sample-prediction-market-18,YES,0.880,24975.00
2026-08-22T23:45:00Z,0xsample001919,sample-prediction-market-19,YES,0.890,24987.50
2026-08-22T00:00:00Z,0xsample001920,sample-prediction-market-20,YES,0.500,25000.00
2026-08-22T01:15:00Z,0xsample001921,sample-prediction-market-21,YES,0.510,25012.50
2026-08-22T02:30:00Z,0xsample001922,sample-prediction-market-22,YES,0.520,25025.00
2026-08-22T03:45:00Z,0xsample001923,sample-prediction-market-23,YES,0.530,25037.50
2026-08-22T04:00:00Z,0xsample001924,sample-prediction-market-24,YES,0.540,25050.00
2026-08-22T05:15:00Z,0xsample001925,sample-prediction-market-25,YES,0.550,25062.50
2026-08-22T06:30:00Z,0xsample001926,sample-prediction-market-26,YES,0.560,25075.00
2026-08-22T07:45:00Z,0xsample001927,sample-prediction-market-27,YES,0.570,25087.50
2026-08-22T08:00:00Z,0xsample001928,sample-prediction-market-28,YES,0.580,25100.00
2026-08-22T09:15:00Z,0xsample001929,sample-prediction-market-29,YES,0.590,25112.50
2026-08-22T10:30:00Z,0xsample001930,sample-prediction-market-30,YES,0.600,25125.00
2026-08-22T11:45:00Z,0xsample001931,sample-prediction-market-31,YES,0.610,25137.50
2026-08-22T12:00:00Z,0xsample001932,sample-prediction-market-32,YES,0.620,25150.00
2026-08-22T13:15:00Z,0xsample001933,sample-prediction-market-33,YES,0.630,25162.50
2026-08-22T14:30:00Z,0xsample001934,sample-prediction-market-34,YES,0.640,25175.00
2026-08-22T15:45:00Z,0xsample001935,sample-prediction-market-35,YES,0.650,25187.50
2026-08-22T16:00:00Z,0xsample001936,sample-prediction-market-36,YES,0.660,25200.00
2026-08-22T17:15:00Z,0xsample001937,sample-prediction-market-37,YES,0.670,25212.50
2026-08-22T18:30:00Z,0xsample001938,sample-prediction-market-38,YES,0.680,25225.00
2026-08-22T19:45:00Z,0xsample001939,sample-prediction-market-39,YES,0.690,25237.50
2026-08-22T20:00:00Z,0xsample001940,sample-prediction-market-40,YES,0.700,25250.00
2026-08-22T21:15:00Z,0xsample001941,sample-prediction-market-41,YES,0.710,25262.50
2026-08-22T22:30:00Z,0xsample001942,sample-prediction-market-42,YES,0.720,25275.00
2026-08-22T23:45:00Z,0xsample001943,sample-prediction-market-43,YES,0.730,25287.50
2026-08-22T00:00:00Z,0xsample001944,sample-prediction-market-44,YES,0.740,25300.00
2026-08-22T01:15:00Z,0xsample001945,sample-prediction-market-45,YES,0.750,25312.50
2026-08-22T02:30:00Z,0xsample001946,sample-prediction-market-46,YES,0.760,25325.00
2026-08-22T03:45:00Z,0xsample001947,sample-prediction-market-47,YES,0.770,25337.50
2026-08-22T04:00:00Z,0xsample001948,sample-prediction-market-48,YES,0.780,25350.00
2026-08-22T05:15:00Z,0xsample001949,sample-prediction-market-49,YES,0.790,25362.50
2026-08-22T06:30:00Z,0xsample001950,sample-prediction-market-0,YES,0.800,25375.00
2026-08-22T07:45:00Z,0xsample001951,sample-prediction-market-1,YES,0.810,25387.50
2026-08-22T08:00:00Z,0xsample001952,sample-prediction-market-2,YES,0.820,25400.00
2026-08-22T09:15:00Z,0xsample001953,sample-prediction-market-3,YES,0.830,25412.50
2026-08-22T10:30:00Z,0xsample001954,sample-prediction-market-4,YES,0.840,25425.00
2026-08-22T11:45:00Z,0xsample001955,sample-prediction-market-5,YES,0.850,25437.50
2026-08-22T12:00:00Z,0xsample001956,sample-prediction-market-6,YES,0.860,25450.00
2026-08-22T13:15:00Z,0xsample001957,sample-prediction-market-7,YES,0.870,25462.50
2026-08-22T14:30:00Z,0xsample001958,sample-prediction-market-8,YES,0.880,25475.00
2026-08-22T15:45:00Z,0xsample001959,sample-prediction-market-9,YES,0.890,25487.50
2026-08-22T16:00:00Z,0xsample001960,sample-prediction-market-10,YES,0.500,25500.00
2026-08-22T17:15:00Z,0xsample001961,sample-prediction-market-11,YES,0.510,25512.50
2026-08-22T18:30:00Z,0xsample001962,sample-prediction-market-12,YES,0.520,25525.00
2026-08-22T19:45:00Z,0xsample001963,sample-prediction-market-13,YES,0.530,25537.50
2026-08-22T20:00:00Z,0xsample001964,sample-prediction-market-14,YES,0.540,25550.00
2026-08-22T21:15:00Z,0xsample001965,sample-prediction-market-15,YES,0.550,25562.50
2026-08-22T22:30:00Z,0xsample001966,sample-prediction-market-16,YES,0.560,25575.00
2026-08-22T23:45:00Z,0xsample001967,sample-prediction-market-17,YES,0.570,25587.50
2026-08-22T00:00:00Z,0xsample001968,sample-prediction-market-18,YES,0.580,25600.00
2026-08-22T01:15:00Z,0xsample001969,sample-prediction-market-19,YES,0.590,25612.50
2026-08-22T02:30:00Z,0xsample001970,sample-prediction-market-20,YES,0.600,25625.00
2026-08-22T03:45:00Z,0xsample001971,sample-prediction-market-21,YES,0.610,25637.50
2026-08-22T04:00:00Z,0xsample001972,sample-prediction-market-22,YES,0.620,25650.00
2026-08-22T05:15:00Z,0xsample001973,sample-prediction-market-23,YES,0.630,25662.50
2026-08-22T06:30:00Z,0xsample001974,sample-prediction-market-24,YES,0.640,25675.00
2026-08-22T07:45:00Z,0xsample001975,sample-prediction-market-25,YES,0.650,25687.50
2026-08-22T08:00:00Z,0xsample001976,sample-prediction-market-26,YES,0.660,25700.00
2026-08-22T09:15:00Z,0xsample001977,sample-prediction-market-27,YES,0.670,25712.50
2026-08-22T10:30:00Z,0xsample001978,sample-prediction-market-28,YES,0.680,25725.00
2026-08-22T11:45:00Z,0xsample001979,sample-prediction-market-29,YES,0.690,25737.50
2026-08-22T12:00:00Z,0xsample001980,sample-prediction-market-30,YES,0.700,25750.00
2026-08-22T13:15:00Z,0xsample001981,sample-prediction-market-31,YES,0.710,25762.50
2026-08-22T14:30:00Z,0xsample001982,sample-prediction-market-32,YES,0.720,25775.00
2026-08-22T15:45:00Z,0xsample001983,sample-prediction-market-33,YES,0.730,25787.50
2026-08-22T16:00:00Z,0xsample001984,sample-prediction-market-34,YES,0.740,25800.00
2026-08-22T17:15:00Z,0xsample001985,sample-prediction-market-35,YES,0.750,25812.50
2026-08-22T18:30:00Z,0xsample001986,sample-prediction-market-36,YES,0.760,25825.00
2026-08-22T19:45:00Z,0xsample001987,sample-prediction-market-37,YES,0.770,25837.50
2026-08-22T20:00:00Z,0xsample001988,sample-prediction-market-38,YES,0.780,25850.00
2026-08-22T21:15:00Z,0xsample001989,sample-prediction-market-39,YES,0.790,25862.50
2026-08-22T22:30:00Z,0xsample001990,sample-prediction-market-40,YES,0.800,25875.00
2026-08-22T23:45:00Z,0xsample001991,sample-prediction-market-41,YES,0.810,25887.50
2026-08-22T00:00:00Z,0xsample001992,sample-prediction-market-42,YES,0.820,25900.00
2026-08-22T01:15:00Z,0xsample001993,sample-prediction-market-43,YES,0.830,25912.50
2026-08-22T02:30:00Z,0xsample001994,sample-prediction-market-44,YES,0.840,25925.00
2026-08-22T03:45:00Z,0xsample001995,sample-prediction-market-45,YES,0.850,25937.50
2026-08-22T04:00:00Z,0xsample001996,sample-prediction-market-46,YES,0.860,25950.00
2026-08-22T05:15:00Z,0xsample001997,sample-prediction-market-47,YES,0.870,25962.50
2026-08-22T06:30:00Z,0xsample001998,sample-prediction-market-48,YES,0.880,25975.00
2026-08-22T07:45:00Z,0xsample001999,sample-prediction-market-49,YES,0.890,25987.50
2026-08-22T08:00:00Z,0xsample002000,sample-prediction-market-0,YES,0.500,26000.00
2026-08-22T09:15:00Z,0xsample002001,sample-prediction-market-1,YES,0.510,26012.50
2026-08-22T10:30:00Z,0xsample002002,sample-prediction-market-2,YES,0.520,26025.00
2026-08-22T11:45:00Z,0xsample002003,sample-prediction-market-3,YES,0.530,26037.50
2026-08-22T12:00:00Z,0xsample002004,sample-prediction-market-4,YES,0.540,26050.00
2026-08-22T13:15:00Z,0xsample002005,sample-prediction-market-5,YES,0.550,26062.50
2026-08-22T14:30:00Z,0xsample002006,sample-prediction-market-6,YES,0.560,26075.00
2026-08-22T15:45:00Z,0xsample002007,sample-prediction-market-7,YES,0.570,26087.50
2026-08-22T16:00:00Z,0xsample002008,sample-prediction-market-8,YES,0.580,26100.00
2026-08-22T17:15:00Z,0xsample002009,sample-prediction-market-9,YES,0.590,26112.50
2026-08-22T18:30:00Z,0xsample002010,sample-prediction-market-10,YES,0.600,26125.00
2026-08-22T19:45:00Z,0xsample002011,sample-prediction-market-11,YES,0.610,26137.50
2026-08-22T20:00:00Z,0xsample002012,sample-prediction-market-12,YES,0.620,26150.00
2026-08-22T21:15:00Z,0xsample002013,sample-prediction-market-13,YES,0.630,26162.50
2026-08-22T22:30:00Z,0xsample002014,sample-prediction-market-14,YES,0.640,26175.00
2026-08-22T23:45:00Z,0xsample002015,sample-prediction-market-15,YES,0.650,26187.50
2026-08-22T00:00:00Z,0xsample002016,sample-prediction-market-16,YES,0.660,26200.00
2026-08-22T01:15:00Z,0xsample002017,sample-prediction-market-17,YES,0.670,26212.50
2026-08-22T02:30:00Z,0xsample002018,sample-prediction-market-18,YES,0.680,26225.00
2026-08-22T03:45:00Z,0xsample002019,sample-prediction-market-19,YES,0.690,26237.50
2026-08-22T04:00:00Z,0xsample002020,sample-prediction-market-20,YES,0.700,26250.00
2026-08-22T05:15:00Z,0xsample002021,sample-prediction-market-21,YES,0.710,26262.50
2026-08-22T06:30:00Z,0xsample002022,sample-prediction-market-22,YES,0.720,26275.00
2026-08-22T07:45:00Z,0xsample002023,sample-prediction-market-23,YES,0.730,26287.50
2026-08-22T08:00:00Z,0xsample002024,sample-prediction-market-24,YES,0.740,26300.00
2026-08-22T09:15:00Z,0xsample002025,sample-prediction-market-25,YES,0.750,26312.50
2026-08-22T10:30:00Z,0xsample002026,sample-prediction-market-26,YES,0.760,26325.00
2026-08-22T11:45:00Z,0xsample002027,sample-prediction-market-27,YES,0.770,26337.50
2026-08-22T12:00:00Z,0xsample002028,sample-prediction-market-28,YES,0.780,26350.00
2026-08-22T13:15:00Z,0xsample002029,sample-prediction-market-29,YES,0.790,26362.50
2026-08-22T14:30:00Z,0xsample002030,sample-prediction-market-30,YES,0.800,26375.00
2026-08-22T15:45:00Z,0xsample002031,sample-prediction-market-31,YES,0.810,26387.50
2026-08-22T16:00:00Z,0xsample002032,sample-prediction-market-32,YES,0.820,26400.00
2026-08-22T17:15:00Z,0xsample002033,sample-prediction-market-33,YES,0.830,26412.50
2026-08-22T18:30:00Z,0xsample002034,sample-prediction-market-34,YES,0.840,26425.00
2026-08-22T19:45:00Z,0xsample002035,sample-prediction-market-35,YES,0.850,26437.50
2026-08-22T20:00:00Z,0xsample002036,sample-prediction-market-36,YES,0.860,26450.00
2026-08-22T21:15:00Z,0xsample002037,sample-prediction-market-37,YES,0.870,26462.50
2026-08-22T22:30:00Z,0xsample002038,sample-prediction-market-38,YES,0.880,26475.00
2026-08-22T23:45:00Z,0xsample002039,sample-prediction-market-39,YES,0.890,26487.50
2026-08-22T00:00:00Z,0xsample002040,sample-prediction-market-40,YES,0.500,26500.00
2026-08-22T01:15:00Z,0xsample002041,sample-prediction-market-41,YES,0.510,26512.50
2026-08-22T02:30:00Z,0xsample002042,sample-prediction-market-42,YES,0.520,26525.00
2026-08-22T03:45:00Z,0xsample002043,sample-prediction-market-43,YES,0.530,26537.50
2026-08-22T04:00:00Z,0xsample002044,sample-prediction-market-44,YES,0.540,26550.00
2026-08-22T05:15:00Z,0xsample002045,sample-prediction-market-45,YES,0.550,26562.50
2026-08-22T06:30:00Z,0xsample002046,sample-prediction-market-46,YES,0.560,26575.00
2026-08-22T07:45:00Z,0xsample002047,sample-prediction-market-47,YES,0.570,26587.50
2026-08-22T08:00:00Z,0xsample002048,sample-prediction-market-48,YES,0.580,26600.00
2026-08-22T09:15:00Z,0xsample002049,sample-prediction-market-49,YES,0.590,26612.50
2026-08-22T10:30:00Z,0xsample002050,sample-prediction-market-0,YES,0.600,26625.00
2026-08-22T11:45:00Z,0xsample002051,sample-prediction-market-1,YES,0.610,26637.50
2026-08-22T12:00:00Z,0xsample002052,sample-prediction-market-2,YES,0.620,26650.00
2026-08-22T13:15:00Z,0xsample002053,sample-prediction-market-3,YES,0.630,26662.50
2026-08-22T14:30:00Z,0xsample002054,sample-prediction-market-4,YES,0.640,26675.00
2026-08-22T15:45:00Z,0xsample002055,sample-prediction-market-5,YES,0.650,26687.50
2026-08-22T16:00:00Z,0xsample002056,sample-prediction-market-6,YES,0.660,26700.00
2026-08-22T17:15:00Z,0xsample002057,sample-prediction-market-7,YES,0.670,26712.50
2026-08-22T18:30:00Z,0xsample002058,sample-prediction-market-8,YES,0.680,26725.00
2026-08-22T19:45:00Z,0xsample002059,sample-prediction-market-9,YES,0.690,26737.50
2026-08-22T20:00:00Z,0xsample002060,sample-prediction-market-10,YES,0.700,26750.00
2026-08-22T21:15:00Z,0xsample002061,sample-prediction-market-11,YES,0.710,26762.50
2026-08-22T22:30:00Z,0xsample002062,sample-prediction-market-12,YES,0.720,26775.00
2026-08-22T23:45:00Z,0xsample002063,sample-prediction-market-13,YES,0.730,26787.50
2026-08-22T00:00:00Z,0xsample002064,sample-prediction-market-14,YES,0.740,26800.00
2026-08-22T01:15:00Z,0xsample002065,sample-prediction-market-15,YES,0.750,26812.50
2026-08-22T02:30:00Z,0xsample002066,sample-prediction-market-16,YES,0.760,26825.00
2026-08-22T03:45:00Z,0xsample002067,sample-prediction-market-17,YES,0.770,26837.50
2026-08-22T04:00:00Z,0xsample002068,sample-prediction-market-18,YES,0.780,26850.00
2026-08-22T05:15:00Z,0xsample002069,sample-prediction-market-19,YES,0.790,26862.50
2026-08-22T06:30:00Z,0xsample002070,sample-prediction-market-20,YES,0.800,26875.00
2026-08-22T07:45:00Z,0xsample002071,sample-prediction-market-21,YES,0.810,26887.50
2026-08-22T08:00:00Z,0xsample002072,sample-prediction-market-22,YES,0.820,26900.00
2026-08-22T09:15:00Z,0xsample002073,sample-prediction-market-23,YES,0.830,26912.50
2026-08-22T10:30:00Z,0xsample002074,sample-prediction-market-24,YES,0.840,26925.00
2026-08-22T11:45:00Z,0xsample002075,sample-prediction-market-25,YES,0.850,26937.50
2026-08-22T12:00:00Z,0xsample002076,sample-prediction-market-26,YES,0.860,26950.00
2026-08-22T13:15:00Z,0xsample002077,sample-prediction-market-27,YES,0.870,26962.50
2026-08-22T14:30:00Z,0xsample002078,sample-prediction-market-28,YES,0.880,26975.00
2026-08-22T15:45:00Z,0xsample002079,sample-prediction-market-29,YES,0.890,26987.50
2026-08-22T16:00:00Z,0xsample002080,sample-prediction-market-30,YES,0.500,27000.00
2026-08-22T17:15:00Z,0xsample002081,sample-prediction-market-31,YES,0.510,27012.50
2026-08-22T18:30:00Z,0xsample002082,sample-prediction-market-32,YES,0.520,27025.00
2026-08-22T19:45:00Z,0xsample002083,sample-prediction-market-33,YES,0.530,27037.50
2026-08-22T20:00:00Z,0xsample002084,sample-prediction-market-34,YES,0.540,27050.00
2026-08-22T21:15:00Z,0xsample002085,sample-prediction-market-35,YES,0.550,27062.50
2026-08-22T22:30:00Z,0xsample002086,sample-prediction-market-36,YES,0.560,27075.00
2026-08-22T23:45:00Z,0xsample002087,sample-prediction-market-37,YES,0.570,27087.50
2026-08-22T00:00:00Z,0xsample002088,sample-prediction-market-38,YES,0.580,27100.00
2026-08-22T01:15:00Z,0xsample002089,sample-prediction-market-39,YES,0.590,27112.50
2026-08-22T02:30:00Z,0xsample002090,sample-prediction-market-40,YES,0.600,27125.00
2026-08-22T03:45:00Z,0xsample002091,sample-prediction-market-41,YES,0.610,27137.50
2026-08-22T04:00:00Z,0xsample002092,sample-prediction-market-42,YES,0.620,27150.00
2026-08-22T05:15:00Z,0xsample002093,sample-prediction-market-43,YES,0.630,27162.50
2026-08-22T06:30:00Z,0xsample002094,sample-prediction-market-44,YES,0.640,27175.00
2026-08-22T07:45:00Z,0xsample002095,sample-prediction-market-45,YES,0.650,27187.50
2026-08-22T08:00:00Z,0xsample002096,sample-prediction-market-46,YES,0.660,27200.00
2026-08-22T09:15:00Z,0xsample002097,sample-prediction-market-47,YES,0.670,27212.50
2026-08-22T10:30:00Z,0xsample002098,sample-prediction-market-48,YES,0.680,27225.00
2026-08-22T11:45:00Z,0xsample002099,sample-prediction-market-49,YES,0.690,27237.50
2026-08-22T12:00:00Z,0xsample002100,sample-prediction-market-0,YES,0.700,27250.00
2026-08-22T13:15:00Z,0xsample002101,sample-prediction-market-1,YES,0.710,27262.50
2026-08-22T14:30:00Z,0xsample002102,sample-prediction-market-2,YES,0.720,27275.00
2026-08-22T15:45:00Z,0xsample002103,sample-prediction-market-3,YES,0.730,27287.50
2026-08-22T16:00:00Z,0xsample002104,sample-prediction-market-4,YES,0.740,27300.00
2026-08-22T17:15:00Z,0xsample002105,sample-prediction-market-5,YES,0.750,27312.50
2026-08-22T18:30:00Z,0xsample002106,sample-prediction-market-6,YES,0.760,27325.00
2026-08-22T19:45:00Z,0xsample002107,sample-prediction-market-7,YES,0.770,27337.50
2026-08-22T20:00:00Z,0xsample002108,sample-prediction-market-8,YES,0.780,27350.00
2026-08-22T21:15:00Z,0xsample002109,sample-prediction-market-9,YES,0.790,27362.50
2026-08-22T22:30:00Z,0xsample002110,sample-prediction-market-10,YES,0.800,27375.00
2026-08-22T23:45:00Z,0xsample002111,sample-prediction-market-11,YES,0.810,27387.50
2026-08-22T00:00:00Z,0xsample002112,sample-prediction-market-12,YES,0.820,27400.00
2026-08-22T01:15:00Z,0xsample002113,sample-prediction-market-13,YES,0.830,27412.50
2026-08-22T02:30:00Z,0xsample002114,sample-prediction-market-14,YES,0.840,27425.00
2026-08-22T03:45:00Z,0xsample002115,sample-prediction-market-15,YES,0.850,27437.50
2026-08-22T04:00:00Z,0xsample002116,sample-prediction-market-16,YES,0.860,27450.00
2026-08-22T05:15:00Z,0xsample002117,sample-prediction-market-17,YES,0.870,27462.50
2026-08-22T06:30:00Z,0xsample002118,sample-prediction-market-18,YES,0.880,27475.00
2026-08-22T07:45:00Z,0xsample002119,sample-prediction-market-19,YES,0.890,27487.50
2026-08-22T08:00:00Z,0xsample002120,sample-prediction-market-20,YES,0.500,27500.00
2026-08-22T09:15:00Z,0xsample002121,sample-prediction-market-21,YES,0.510,27512.50
2026-08-22T10:30:00Z,0xsample002122,sample-prediction-market-22,YES,0.520,27525.00
2026-08-22T11:45:00Z,0xsample002123,sample-prediction-market-23,YES,0.530,27537.50
2026-08-22T12:00:00Z,0xsample002124,sample-prediction-market-24,YES,0.540,27550.00
2026-08-22T13:15:00Z,0xsample002125,sample-prediction-market-25,YES,0.550,27562.50
2026-08-22T14:30:00Z,0xsample002126,sample-prediction-market-26,YES,0.560,27575.00
2026-08-22T15:45:00Z,0xsample002127,sample-prediction-market-27,YES,0.570,27587.50
2026-08-22T16:00:00Z,0xsample002128,sample-prediction-market-28,YES,0.580,27600.00
2026-08-22T17:15:00Z,0xsample002129,sample-prediction-market-29,YES,0.590,27612.50
2026-08-22T18:30:00Z,0xsample002130,sample-prediction-market-30,YES,0.600,27625.00
2026-08-22T19:45:00Z,0xsample002131,sample-prediction-market-31,YES,0.610,27637.50
2026-08-22T20:00:00Z,0xsample002132,sample-prediction-market-32,YES,0.620,27650.00
2026-08-22T21:15:00Z,0xsample002133,sample-prediction-market-33,YES,0.630,27662.50
2026-08-22T22:30:00Z,0xsample002134,sample-prediction-market-34,YES,0.640,27675.00
2026-08-22T23:45:00Z,0xsample002135,sample-prediction-market-35,YES,0.650,27687.50
2026-08-22T00:00:00Z,0xsample002136,sample-prediction-market-36,YES,0.660,27700.00
2026-08-22T01:15:00Z,0xsample002137,sample-prediction-market-37,YES,0.670,27712.50
2026-08-22T02:30:00Z,0xsample002138,sample-prediction-market-38,YES,0.680,27725.00
2026-08-22T03:45:00Z,0xsample002139,sample-prediction-market-39,YES,0.690,27737.50
2026-08-22T04:00:00Z,0xsample002140,sample-prediction-market-40,YES,0.700,27750.00
2026-08-22T05:15:00Z,0xsample002141,sample-prediction-market-41,YES,0.710,27762.50
2026-08-22T06:30:00Z,0xsample002142,sample-prediction-market-42,YES,0.720,27775.00
2026-08-22T07:45:00Z,0xsample002143,sample-prediction-market-43,YES,0.730,27787.50
2026-08-22T08:00:00Z,0xsample002144,sample-prediction-market-44,YES,0.740,27800.00
2026-08-22T09:15:00Z,0xsample002145,sample-prediction-market-45,YES,0.750,27812.50
2026-08-22T10:30:00Z,0xsample002146,sample-prediction-market-46,YES,0.760,27825.00
2026-08-22T11:45:00Z,0xsample002147,sample-prediction-market-47,YES,0.770,27837.50
2026-08-22T12:00:00Z,0xsample002148,sample-prediction-market-48,YES,0.780,27850.00
2026-08-22T13:15:00Z,0xsample002149,sample-prediction-market-49,YES,0.790,27862.50
2026-08-22T14:30:00Z,0xsample002150,sample-prediction-market-0,YES,0.800,27875.00
2026-08-22T15:45:00Z,0xsample002151,sample-prediction-market-1,YES,0.810,27887.50
2026-08-22T16:00:00Z,0xsample002152,sample-prediction-market-2,YES,0.820,27900.00
2026-08-22T17:15:00Z,0xsample002153,sample-prediction-market-3,YES,0.830,27912.50
2026-08-22T18:30:00Z,0xsample002154,sample-prediction-market-4,YES,0.840,27925.00
2026-08-22T19:45:00Z,0xsample002155,sample-prediction-market-5,YES,0.850,27937.50
2026-08-22T20:00:00Z,0xsample002156,sample-prediction-market-6,YES,0.860,27950.00
2026-08-22T21:15:00Z,0xsample002157,sample-prediction-market-7,YES,0.870,27962.50
2026-08-22T22:30:00Z,0xsample002158,sample-prediction-market-8,YES,0.880,27975.00
2026-08-22T23:45:00Z,0xsample002159,sample-prediction-market-9,YES,0.890,27987.50
2026-08-22T00:00:00Z,0xsample002160,sample-prediction-market-10,YES,0.500,28000.00
2026-08-22T01:15:00Z,0xsample002161,sample-prediction-market-11,YES,0.510,28012.50
2026-08-22T02:30:00Z,0xsample002162,sample-prediction-market-12,YES,0.520,28025.00
2026-08-22T03:45:00Z,0xsample002163,sample-prediction-market-13,YES,0.530,28037.50
2026-08-22T04:00:00Z,0xsample002164,sample-prediction-market-14,YES,0.540,28050.00
2026-08-22T05:15:00Z,0xsample002165,sample-prediction-market-15,YES,0.550,28062.50
2026-08-22T06:30:00Z,0xsample002166,sample-prediction-market-16,YES,0.560,28075.00
2026-08-22T07:45:00Z,0xsample002167,sample-prediction-market-17,YES,0.570,28087.50
2026-08-22T08:00:00Z,0xsample002168,sample-prediction-market-18,YES,0.580,28100.00
2026-08-22T09:15:00Z,0xsample002169,sample-prediction-market-19,YES,0.590,28112.50
2026-08-22T10:30:00Z,0xsample002170,sample-prediction-market-20,YES,0.600,28125.00
2026-08-22T11:45:00Z,0xsample002171,sample-prediction-market-21,YES,0.610,28137.50
2026-08-22T12:00:00Z,0xsample002172,sample-prediction-market-22,YES,0.620,28150.00
2026-08-22T13:15:00Z,0xsample002173,sample-prediction-market-23,YES,0.630,28162.50
2026-08-22T14:30:00Z,0xsample002174,sample-prediction-market-24,YES,0.640,28175.00
2026-08-22T15:45:00Z,0xsample002175,sample-prediction-market-25,YES,0.650,28187.50
2026-08-22T16:00:00Z,0xsample002176,sample-prediction-market-26,YES,0.660,28200.00
2026-08-22T17:15:00Z,0xsample002177,sample-prediction-market-27,YES,0.670,28212.50
2026-08-22T18:30:00Z,0xsample002178,sample-prediction-market-28,YES,0.680,28225.00
2026-08-22T19:45:00Z,0xsample002179,sample-prediction-market-29,YES,0.690,28237.50
2026-08-22T20:00:00Z,0xsample002180,sample-prediction-market-30,YES,0.700,28250.00
2026-08-22T21:15:00Z,0xsample002181,sample-prediction-market-31,YES,0.710,28262.50
2026-08-22T22:30:00Z,0xsample002182,sample-prediction-market-32,YES,0.720,28275.00
2026-08-22T23:45:00Z,0xsample002183,sample-prediction-market-33,YES,0.730,28287.50
2026-08-22T00:00:00Z,0xsample002184,sample-prediction-market-34,YES,0.740,28300.00
2026-08-22T01:15:00Z,0xsample002185,sample-prediction-market-35,YES,0.750,28312.50
2026-08-22T02:30:00Z,0xsample002186,sample-prediction-market-36,YES,0.760,28325.00
2026-08-22T03:45:00Z,0xsample002187,sample-prediction-market-37,YES,0.770,28337.50
2026-08-22T04:00:00Z,0xsample002188,sample-prediction-market-38,YES,0.780,28350.00
2026-08-22T05:15:00Z,0xsample002189,sample-prediction-market-39,YES,0.790,28362.50
2026-08-22T06:30:00Z,0xsample002190,sample-prediction-market-40,YES,0.800,28375.00
2026-08-22T07:45:00Z,0xsample002191,sample-prediction-market-41,YES,0.810,28387.50
2026-08-22T08:00:00Z,0xsample002192,sample-prediction-market-42,YES,0.820,28400.00
2026-08-22T09:15:00Z,0xsample002193,sample-prediction-market-43,YES,0.830,28412.50
2026-08-22T10:30:00Z,0xsample002194,sample-prediction-market-44,YES,0.840,28425.00
2026-08-22T11:45:00Z,0xsample002195,sample-prediction-market-45,YES,0.850,28437.50
2026-08-22T12:00:00Z,0xsample002196,sample-prediction-market-46,YES,0.860,28450.00
2026-08-22T13:15:00Z,0xsample002197,sample-prediction-market-47,YES,0.870,28462.50
2026-08-22T14:30:00Z,0xsample002198,sample-prediction-market-48,YES,0.880,28475.00
2026-08-22T15:45:00Z,0xsample002199,sample-prediction-market-49,YES,0.890,28487.50
2026-08-22T16:00:00Z,0xsample002200,sample-prediction-market-0,YES,0.500,28500.00
2026-08-22T17:15:00Z,0xsample002201,sample-prediction-market-1,YES,0.510,28512.50
2026-08-22T18:30:00Z,0xsample002202,sample-prediction-market-2,YES,0.520,28525.00
2026-08-22T19:45:00Z,0xsample002203,sample-prediction-market-3,YES,0.530,28537.50
2026-08-22T20:00:00Z,0xsample002204,sample-prediction-market-4,YES,0.540,28550.00
2026-08-22T21:15:00Z,0xsample002205,sample-prediction-market-5,YES,0.550,28562.50
2026-08-22T22:30:00Z,0xsample002206,sample-prediction-market-6,YES,0.560,28575.00
2026-08-22T23:45:00Z,0xsample002207,sample-prediction-market-7,YES,0.570,28587.50
2026-08-22T00:00:00Z,0xsample002208,sample-prediction-market-8,YES,0.580,28600.00
2026-08-22T01:15:00Z,0xsample002209,sample-prediction-market-9,YES,0.590,28612.50
2026-08-22T02:30:00Z,0xsample002210,sample-prediction-market-10,YES,0.600,28625.00
2026-08-22T03:45:00Z,0xsample002211,sample-prediction-market-11,YES,0.610,28637.50
2026-08-22T04:00:00Z,0xsample002212,sample-prediction-market-12,YES,0.620,28650.00
2026-08-22T05:15:00Z,0xsample002213,sample-prediction-market-13,YES,0.630,28662.50
2026-08-22T06:30:00Z,0xsample002214,sample-prediction-market-14,YES,0.640,28675.00
2026-08-22T07:45:00Z,0xsample002215,sample-prediction-market-15,YES,0.650,28687.50
2026-08-22T08:00:00Z,0xsample002216,sample-prediction-market-16,YES,0.660,28700.00
2026-08-22T09:15:00Z,0xsample002217,sample-prediction-market-17,YES,0.670,28712.50
2026-08-22T10:30:00Z,0xsample002218,sample-prediction-market-18,YES,0.680,28725.00
2026-08-22T11:45:00Z,0xsample002219,sample-prediction-market-19,YES,0.690,28737.50
2026-08-22T12:00:00Z,0xsample002220,sample-prediction-market-20,YES,0.700,28750.00
2026-08-22T13:15:00Z,0xsample002221,sample-prediction-market-21,YES,0.710,28762.50
2026-08-22T14:30:00Z,0xsample002222,sample-prediction-market-22,YES,0.720,28775.00
2026-08-22T15:45:00Z,0xsample002223,sample-prediction-market-23,YES,0.730,28787.50
2026-08-22T16:00:00Z,0xsample002224,sample-prediction-market-24,YES,0.740,28800.00
2026-08-22T17:15:00Z,0xsample002225,sample-prediction-market-25,YES,0.750,28812.50
2026-08-22T18:30:00Z,0xsample002226,sample-prediction-market-26,YES,0.760,28825.00
2026-08-22T19:45:00Z,0xsample002227,sample-prediction-market-27,YES,0.770,28837.50
2026-08-22T20:00:00Z,0xsample002228,sample-prediction-market-28,YES,0.780,28850.00
2026-08-22T21:15:00Z,0xsample002229,sample-prediction-market-29,YES,0.790,28862.50
2026-08-22T22:30:00Z,0xsample002230,sample-prediction-market-30,YES,0.800,28875.00
2026-08-22T23:45:00Z,0xsample002231,sample-prediction-market-31,YES,0.810,28887.50
2026-08-22T00:00:00Z,0xsample002232,sample-prediction-market-32,YES,0.820,28900.00
2026-08-22T01:15:00Z,0xsample002233,sample-prediction-market-33,YES,0.830,28912.50
2026-08-22T02:30:00Z,0xsample002234,sample-prediction-market-34,YES,0.840,28925.00
2026-08-22T03:45:00Z,0xsample002235,sample-prediction-market-35,YES,0.850,28937.50
2026-08-22T04:00:00Z,0xsample002236,sample-prediction-market-36,YES,0.860,28950.00
2026-08-22T05:15:00Z,0xsample002237,sample-prediction-market-37,YES,0.870,28962.50
2026-08-22T06:30:00Z,0xsample002238,sample-prediction-market-38,YES,0.880,28975.00
2026-08-22T07:45:00Z,0xsample002239,sample-prediction-market-39,YES,0.890,28987.50
2026-08-22T08:00:00Z,0xsample002240,sample-prediction-market-40,YES,0.500,29000.00
2026-08-22T09:15:00Z,0xsample002241,sample-prediction-market-41,YES,0.510,29012.50
2026-08-22T10:30:00Z,0xsample002242,sample-prediction-market-42,YES,0.520,29025.00
2026-08-22T11:45:00Z,0xsample002243,sample-prediction-market-43,YES,0.530,29037.50
2026-08-22T12:00:00Z,0xsample002244,sample-prediction-market-44,YES,0.540,29050.00
2026-08-22T13:15:00Z,0xsample002245,sample-prediction-market-45,YES,0.550,29062.50
2026-08-22T14:30:00Z,0xsample002246,sample-prediction-market-46,YES,0.560,29075.00
2026-08-22T15:45:00Z,0xsample002247,sample-prediction-market-47,YES,0.570,29087.50
2026-08-22T16:00:00Z,0xsample002248,sample-prediction-market-48,YES,0.580,29100.00
2026-08-22T17:15:00Z,0xsample002249,sample-prediction-market-49,YES,0.590,29112.50
2026-08-22T18:30:00Z,0xsample002250,sample-prediction-market-0,YES,0.600,29125.00
2026-08-22T19:45:00Z,0xsample002251,sample-prediction-market-1,YES,0.610,29137.50
2026-08-22T20:00:00Z,0xsample002252,sample-prediction-market-2,YES,0.620,29150.00
2026-08-22T21:15:00Z,0xsample002253,sample-prediction-market-3,YES,0.630,29162.50
2026-08-22T22:30:00Z,0xsample002254,sample-prediction-market-4,YES,0.640,29175.00
2026-08-22T23:45:00Z,0xsample002255,sample-prediction-market-5,YES,0.650,29187.50
2026-08-22T00:00:00Z,0xsample002256,sample-prediction-market-6,YES,0.660,29200.00
2026-08-22T01:15:00Z,0xsample002257,sample-prediction-market-7,YES,0.670,29212.50
2026-08-22T02:30:00Z,0xsample002258,sample-prediction-market-8,YES,0.680,29225.00
2026-08-22T03:45:00Z,0xsample002259,sample-prediction-market-9,YES,0.690,29237.50
2026-08-22T04:00:00Z,0xsample002260,sample-prediction-market-10,YES,0.700,29250.00
2026-08-22T05:15:00Z,0xsample002261,sample-prediction-market-11,YES,0.710,29262.50
2026-08-22T06:30:00Z,0xsample002262,sample-prediction-market-12,YES,0.720,29275.00
2026-08-22T07:45:00Z,0xsample002263,sample-prediction-market-13,YES,0.730,29287.50
2026-08-22T08:00:00Z,0xsample002264,sample-prediction-market-14,YES,0.740,29300.00
2026-08-22T09:15:00Z,0xsample002265,sample-prediction-market-15,YES,0.750,29312.50
2026-08-22T10:30:00Z,0xsample002266,sample-prediction-market-16,YES,0.760,29325.00
2026-08-22T11:45:00Z,0xsample002267,sample-prediction-market-17,YES,0.770,29337.50
2026-08-22T12:00:00Z,0xsample002268,sample-prediction-market-18,YES,0.780,29350.00
2026-08-22T13:15:00Z,0xsample002269,sample-prediction-market-19,YES,0.790,29362.50
2026-08-22T14:30:00Z,0xsample002270,sample-prediction-market-20,YES,0.800,29375.00
2026-08-22T15:45:00Z,0xsample002271,sample-prediction-market-21,YES,0.810,29387.50
2026-08-22T16:00:00Z,0xsample002272,sample-prediction-market-22,YES,0.820,29400.00
2026-08-22T17:15:00Z,0xsample002273,sample-prediction-market-23,YES,0.830,29412.50
2026-08-22T18:30:00Z,0xsample002274,sample-prediction-market-24,YES,0.840,29425.00
2026-08-22T19:45:00Z,0xsample002275,sample-prediction-market-25,YES,0.850,29437.50
2026-08-22T20:00:00Z,0xsample002276,sample-prediction-market-26,YES,0.860,29450.00
2026-08-22T21:15:00Z,0xsample002277,sample-prediction-market-27,YES,0.870,29462.50
2026-08-22T22:30:00Z,0xsample002278,sample-prediction-market-28,YES,0.880,29475.00
2026-08-22T23:45:00Z,0xsample002279,sample-prediction-market-29,YES,0.890,29487.50
2026-08-22T00:00:00Z,0xsample002280,sample-prediction-market-30,YES,0.500,29500.00
2026-08-22T01:15:00Z,0xsample002281,sample-prediction-market-31,YES,0.510,29512.50
2026-08-22T02:30:00Z,0xsample002282,sample-prediction-market-32,YES,0.520,29525.00
2026-08-22T03:45:00Z,0xsample002283,sample-prediction-market-33,YES,0.530,29537.50
2026-08-22T04:00:00Z,0xsample002284,sample-prediction-market-34,YES,0.540,29550.00
2026-08-22T05:15:00Z,0xsample002285,sample-prediction-market-35,YES,0.550,29562.50
2026-08-22T06:30:00Z,0xsample002286,sample-prediction-market-36,YES,0.560,29575.00
2026-08-22T07:45:00Z,0xsample002287,sample-prediction-market-37,YES,0.570,29587.50
2026-08-22T08:00:00Z,0xsample002288,sample-prediction-market-38,YES,0.580,29600.00
2026-08-22T09:15:00Z,0xsample002289,sample-prediction-market-39,YES,0.590,29612.50
2026-08-22T10:30:00Z,0xsample002290,sample-prediction-market-40,YES,0.600,29625.00
2026-08-22T11:45:00Z,0xsample002291,sample-prediction-market-41,YES,0.610,29637.50
2026-08-22T12:00:00Z,0xsample002292,sample-prediction-market-42,YES,0.620,29650.00
2026-08-22T13:15:00Z,0xsample002293,sample-prediction-market-43,YES,0.630,29662.50
2026-08-22T14:30:00Z,0xsample002294,sample-prediction-market-44,YES,0.640,29675.00
2026-08-22T15:45:00Z,0xsample002295,sample-prediction-market-45,YES,0.650,29687.50
2026-08-22T16:00:00Z,0xsample002296,sample-prediction-market-46,YES,0.660,29700.00
2026-08-22T17:15:00Z,0xsample002297,sample-prediction-market-47,YES,0.670,29712.50
2026-08-22T18:30:00Z,0xsample002298,sample-prediction-market-48,YES,0.680,29725.00
2026-08-22T19:45:00Z,0xsample002299,sample-prediction-market-49,YES,0.690,29737.50
2026-08-22T20:00:00Z,0xsample002300,sample-prediction-market-0,YES,0.700,29750.00
2026-08-22T21:15:00Z,0xsample002301,sample-prediction-market-1,YES,0.710,29762.50
2026-08-22T22:30:00Z,0xsample002302,sample-prediction-market-2,YES,0.720,29775.00
2026-08-22T23:45:00Z,0xsample002303,sample-prediction-market-3,YES,0.730,29787.50
2026-08-22T00:00:00Z,0xsample002304,sample-prediction-market-4,YES,0.740,29800.00
2026-08-22T01:15:00Z,0xsample002305,sample-prediction-market-5,YES,0.750,29812.50
2026-08-22T02:30:00Z,0xsample002306,sample-prediction-market-6,YES,0.760,29825.00
2026-08-22T03:45:00Z,0xsample002307,sample-prediction-market-7,YES,0.770,29837.50
2026-08-22T04:00:00Z,0xsample002308,sample-prediction-market-8,YES,0.780,29850.00
2026-08-22T05:15:00Z,0xsample002309,sample-prediction-market-9,YES,0.790,29862.50
2026-08-22T06:30:00Z,0xsample002310,sample-prediction-market-10,YES,0.800,29875.00
2026-08-22T07:45:00Z,0xsample002311,sample-prediction-market-11,YES,0.810,29887.50
2026-08-22T08:00:00Z,0xsample002312,sample-prediction-market-12,YES,0.820,29900.00
2026-08-22T09:15:00Z,0xsample002313,sample-prediction-market-13,YES,0.830,29912.50
2026-08-22T10:30:00Z,0xsample002314,sample-prediction-market-14,YES,0.840,29925.00
2026-08-22T11:45:00Z,0xsample002315,sample-prediction-market-15,YES,0.850,29937.50
2026-08-22T12:00:00Z,0xsample002316,sample-prediction-market-16,YES,0.860,29950.00
2026-08-22T13:15:00Z,0xsample002317,sample-prediction-market-17,YES,0.870,29962.50
2026-08-22T14:30:00Z,0xsample002318,sample-prediction-market-18,YES,0.880,29975.00
2026-08-22T15:45:00Z,0xsample002319,sample-prediction-market-19,YES,0.890,29987.50
2026-08-22T16:00:00Z,0xsample002320,sample-prediction-market-20,YES,0.500,30000.00
2026-08-22T17:15:00Z,0xsample002321,sample-prediction-market-21,YES,0.510,30012.50
2026-08-22T18:30:00Z,0xsample002322,sample-prediction-market-22,YES,0.520,30025.00
2026-08-22T19:45:00Z,0xsample002323,sample-prediction-market-23,YES,0.530,30037.50
2026-08-22T20:00:00Z,0xsample002324,sample-prediction-market-24,YES,0.540,30050.00
2026-08-22T21:15:00Z,0xsample002325,sample-prediction-market-25,YES,0.550,30062.50
2026-08-22T22:30:00Z,0xsample002326,sample-prediction-market-26,YES,0.560,30075.00
2026-08-22T23:45:00Z,0xsample002327,sample-prediction-market-27,YES,0.570,30087.50
2026-08-22T00:00:00Z,0xsample002328,sample-prediction-market-28,YES,0.580,30100.00
2026-08-22T01:15:00Z,0xsample002329,sample-prediction-market-29,YES,0.590,30112.50
2026-08-22T02:30:00Z,0xsample002330,sample-prediction-market-30,YES,0.600,30125.00
2026-08-22T03:45:00Z,0xsample002331,sample-prediction-market-31,YES,0.610,30137.50
2026-08-22T04:00:00Z,0xsample002332,sample-prediction-market-32,YES,0.620,30150.00
2026-08-22T05:15:00Z,0xsample002333,sample-prediction-market-33,YES,0.630,30162.50
2026-08-22T06:30:00Z,0xsample002334,sample-prediction-market-34,YES,0.640,30175.00
2026-08-22T07:45:00Z,0xsample002335,sample-prediction-market-35,YES,0.650,30187.50
2026-08-22T08:00:00Z,0xsample002336,sample-prediction-market-36,YES,0.660,30200.00
2026-08-22T09:15:00Z,0xsample002337,sample-prediction-market-37,YES,0.670,30212.50
2026-08-22T10:30:00Z,0xsample002338,sample-prediction-market-38,YES,0.680,30225.00
2026-08-22T11:45:00Z,0xsample002339,sample-prediction-market-39,YES,0.690,30237.50
2026-08-22T12:00:00Z,0xsample002340,sample-prediction-market-40,YES,0.700,30250.00
2026-08-22T13:15:00Z,0xsample002341,sample-prediction-market-41,YES,0.710,30262.50
2026-08-22T14:30:00Z,0xsample002342,sample-prediction-market-42,YES,0.720,30275.00
2026-08-22T15:45:00Z,0xsample002343,sample-prediction-market-43,YES,0.730,30287.50
2026-08-22T16:00:00Z,0xsample002344,sample-prediction-market-44,YES,0.740,30300.00
2026-08-22T17:15:00Z,0xsample002345,sample-prediction-market-45,YES,0.750,30312.50
2026-08-22T18:30:00Z,0xsample002346,sample-prediction-market-46,YES,0.760,30325.00
2026-08-22T19:45:00Z,0xsample002347,sample-prediction-market-47,YES,0.770,30337.50
2026-08-22T20:00:00Z,0xsample002348,sample-prediction-market-48,YES,0.780,30350.00
2026-08-22T21:15:00Z,0xsample002349,sample-prediction-market-49,YES,0.790,30362.50
2026-08-22T22:30:00Z,0xsample002350,sample-prediction-market-0,YES,0.800,30375.00
2026-08-22T23:45:00Z,0xsample002351,sample-prediction-market-1,YES,0.810,30387.50
2026-08-22T00:00:00Z,0xsample002352,sample-prediction-market-2,YES,0.820,30400.00
2026-08-22T01:15:00Z,0xsample002353,sample-prediction-market-3,YES,0.830,30412.50
2026-08-22T02:30:00Z,0xsample002354,sample-prediction-market-4,YES,0.840,30425.00
2026-08-22T03:45:00Z,0xsample002355,sample-prediction-market-5,YES,0.850,30437.50
2026-08-22T04:00:00Z,0xsample002356,sample-prediction-market-6,YES,0.860,30450.00
2026-08-22T05:15:00Z,0xsample002357,sample-prediction-market-7,YES,0.870,30462.50
2026-08-22T06:30:00Z,0xsample002358,sample-prediction-market-8,YES,0.880,30475.00
2026-08-22T07:45:00Z,0xsample002359,sample-prediction-market-9,YES,0.890,30487.50
2026-08-22T08:00:00Z,0xsample002360,sample-prediction-market-10,YES,0.500,30500.00
2026-08-22T09:15:00Z,0xsample002361,sample-prediction-market-11,YES,0.510,30512.50
2026-08-22T10:30:00Z,0xsample002362,sample-prediction-market-12,YES,0.520,30525.00
2026-08-22T11:45:00Z,0xsample002363,sample-prediction-market-13,YES,0.530,30537.50
2026-08-22T12:00:00Z,0xsample002364,sample-prediction-market-14,YES,0.540,30550.00
2026-08-22T13:15:00Z,0xsample002365,sample-prediction-market-15,YES,0.550,30562.50
2026-08-22T14:30:00Z,0xsample002366,sample-prediction-market-16,YES,0.560,30575.00
2026-08-22T15:45:00Z,0xsample002367,sample-prediction-market-17,YES,0.570,30587.50
2026-08-22T16:00:00Z,0xsample002368,sample-prediction-market-18,YES,0.580,30600.00
2026-08-22T17:15:00Z,0xsample002369,sample-prediction-market-19,YES,0.590,30612.50
2026-08-22T18:30:00Z,0xsample002370,sample-prediction-market-20,YES,0.600,30625.00
2026-08-22T19:45:00Z,0xsample002371,sample-prediction-market-21,YES,0.610,30637.50
2026-08-22T20:00:00Z,0xsample002372,sample-prediction-market-22,YES,0.620,30650.00
2026-08-22T21:15:00Z,0xsample002373,sample-prediction-market-23,YES,0.630,30662.50
2026-08-22T22:30:00Z,0xsample002374,sample-prediction-market-24,YES,0.640,30675.00
2026-08-22T23:45:00Z,0xsample002375,sample-prediction-market-25,YES,0.650,30687.50
2026-08-22T00:00:00Z,0xsample002376,sample-prediction-market-26,YES,0.660,30700.00
2026-08-22T01:15:00Z,0xsample002377,sample-prediction-market-27,YES,0.670,30712.50
2026-08-22T02:30:00Z,0xsample002378,sample-prediction-market-28,YES,0.680,30725.00
2026-08-22T03:45:00Z,0xsample002379,sample-prediction-market-29,YES,0.690,30737.50
2026-08-22T04:00:00Z,0xsample002380,sample-prediction-market-30,YES,0.700,30750.00
2026-08-22T05:15:00Z,0xsample002381,sample-prediction-market-31,YES,0.710,30762.50
2026-08-22T06:30:00Z,0xsample002382,sample-prediction-market-32,YES,0.720,30775.00
2026-08-22T07:45:00Z,0xsample002383,sample-prediction-market-33,YES,0.730,30787.50
2026-08-22T08:00:00Z,0xsample002384,sample-prediction-market-34,YES,0.740,30800.00
2026-08-22T09:15:00Z,0xsample002385,sample-prediction-market-35,YES,0.750,30812.50
2026-08-22T10:30:00Z,0xsample002386,sample-prediction-market-36,YES,0.760,30825.00
2026-08-22T11:45:00Z,0xsample002387,sample-prediction-market-37,YES,0.770,30837.50
2026-08-22T12:00:00Z,0xsample002388,sample-prediction-market-38,YES,0.780,30850.00
2026-08-22T13:15:00Z,0xsample002389,sample-prediction-market-39,YES,0.790,30862.50
2026-08-22T14:30:00Z,0xsample002390,sample-prediction-market-40,YES,0.800,30875.00
2026-08-22T15:45:00Z,0xsample002391,sample-prediction-market-41,YES,0.810,30887.50
2026-08-22T16:00:00Z,0xsample002392,sample-prediction-market-42,YES,0.820,30900.00
2026-08-22T17:15:00Z,0xsample002393,sample-prediction-market-43,YES,0.830,30912.50
2026-08-22T18:30:00Z,0xsample002394,sample-prediction-market-44,YES,0.840,30925.00
2026-08-22T19:45:00Z,0xsample002395,sample-prediction-market-45,YES,0.850,30937.50
2026-08-22T20:00:00Z,0xsample002396,sample-prediction-market-46,YES,0.860,30950.00
2026-08-22T21:15:00Z,0xsample002397,sample-prediction-market-47,YES,0.870,30962.50
2026-08-22T22:30:00Z,0xsample002398,sample-prediction-market-48,YES,0.880,30975.00
2026-08-22T23:45:00Z,0xsample002399,sample-prediction-market-49,YES,0.890,30987.50
2026-08-22T00:00:00Z,0xsample002400,sample-prediction-market-0,YES,0.500,31000.00
2026-08-22T01:15:00Z,0xsample002401,sample-prediction-market-1,YES,0.510,31012.50
2026-08-22T02:30:00Z,0xsample002402,sample-prediction-market-2,YES,0.520,31025.00
2026-08-22T03:45:00Z,0xsample002403,sample-prediction-market-3,YES,0.530,31037.50
2026-08-22T04:00:00Z,0xsample002404,sample-prediction-market-4,YES,0.540,31050.00
2026-08-22T05:15:00Z,0xsample002405,sample-prediction-market-5,YES,0.550,31062.50
2026-08-22T06:30:00Z,0xsample002406,sample-prediction-market-6,YES,0.560,31075.00
2026-08-22T07:45:00Z,0xsample002407,sample-prediction-market-7,YES,0.570,31087.50
2026-08-22T08:00:00Z,0xsample002408,sample-prediction-market-8,YES,0.580,31100.00
2026-08-22T09:15:00Z,0xsample002409,sample-prediction-market-9,YES,0.590,31112.50
2026-08-22T10:30:00Z,0xsample002410,sample-prediction-market-10,YES,0.600,31125.00
2026-08-22T11:45:00Z,0xsample002411,sample-prediction-market-11,YES,0.610,31137.50
2026-08-22T12:00:00Z,0xsample002412,sample-prediction-market-12,YES,0.620,31150.00
2026-08-22T13:15:00Z,0xsample002413,sample-prediction-market-13,YES,0.630,31162.50
2026-08-22T14:30:00Z,0xsample002414,sample-prediction-market-14,YES,0.640,31175.00
2026-08-22T15:45:00Z,0xsample002415,sample-prediction-market-15,YES,0.650,31187.50
2026-08-22T16:00:00Z,0xsample002416,sample-prediction-market-16,YES,0.660,31200.00
2026-08-22T17:15:00Z,0xsample002417,sample-prediction-market-17,YES,0.670,31212.50
2026-08-22T18:30:00Z,0xsample002418,sample-prediction-market-18,YES,0.680,31225.00
2026-08-22T19:45:00Z,0xsample002419,sample-prediction-market-19,YES,0.690,31237.50
2026-08-22T20:00:00Z,0xsample002420,sample-prediction-market-20,YES,0.700,31250.00
2026-08-22T21:15:00Z,0xsample002421,sample-prediction-market-21,YES,0.710,31262.50
2026-08-22T22:30:00Z,0xsample002422,sample-prediction-market-22,YES,0.720,31275.00
2026-08-22T23:45:00Z,0xsample002423,sample-prediction-market-23,YES,0.730,31287.50
2026-08-22T00:00:00Z,0xsample002424,sample-prediction-market-24,YES,0.740,31300.00
2026-08-22T01:15:00Z,0xsample002425,sample-prediction-market-25,YES,0.750,31312.50
2026-08-22T02:30:00Z,0xsample002426,sample-prediction-market-26,YES,0.760,31325.00
2026-08-22T03:45:00Z,0xsample002427,sample-prediction-market-27,YES,0.770,31337.50
2026-08-22T04:00:00Z,0xsample002428,sample-prediction-market-28,YES,0.780,31350.00
2026-08-22T05:15:00Z,0xsample002429,sample-prediction-market-29,YES,0.790,31362.50
2026-08-22T06:30:00Z,0xsample002430,sample-prediction-market-30,YES,0.800,31375.00
2026-08-22T07:45:00Z,0xsample002431,sample-prediction-market-31,YES,0.810,31387.50
2026-08-22T08:00:00Z,0xsample002432,sample-prediction-market-32,YES,0.820,31400.00
2026-08-22T09:15:00Z,0xsample002433,sample-prediction-market-33,YES,0.830,31412.50
2026-08-22T10:30:00Z,0xsample002434,sample-prediction-market-34,YES,0.840,31425.00
2026-08-22T11:45:00Z,0xsample002435,sample-prediction-market-35,YES,0.850,31437.50
2026-08-22T12:00:00Z,0xsample002436,sample-prediction-market-36,YES,0.860,31450.00
2026-08-22T13:15:00Z,0xsample002437,sample-prediction-market-37,YES,0.870,31462.50
2026-08-22T14:30:00Z,0xsample002438,sample-prediction-market-38,YES,0.880,31475.00
2026-08-22T15:45:00Z,0xsample002439,sample-prediction-market-39,YES,0.890,31487.50
2026-08-22T16:00:00Z,0xsample002440,sample-prediction-market-40,YES,0.500,31500.00
2026-08-22T17:15:00Z,0xsample002441,sample-prediction-market-41,YES,0.510,31512.50
2026-08-22T18:30:00Z,0xsample002442,sample-prediction-market-42,YES,0.520,31525.00
2026-08-22T19:45:00Z,0xsample002443,sample-prediction-market-43,YES,0.530,31537.50
2026-08-22T20:00:00Z,0xsample002444,sample-prediction-market-44,YES,0.540,31550.00
2026-08-22T21:15:00Z,0xsample002445,sample-prediction-market-45,YES,0.550,31562.50
2026-08-22T22:30:00Z,0xsample002446,sample-prediction-market-46,YES,0.560,31575.00
2026-08-22T23:45:00Z,0xsample002447,sample-prediction-market-47,YES,0.570,31587.50
2026-08-22T00:00:00Z,0xsample002448,sample-prediction-market-48,YES,0.580,31600.00
2026-08-22T01:15:00Z,0xsample002449,sample-prediction-market-49,YES,0.590,31612.50
2026-08-22T02:30:00Z,0xsample002450,sample-prediction-market-0,YES,0.600,31625.00
2026-08-22T03:45:00Z,0xsample002451,sample-prediction-market-1,YES,0.610,31637.50
2026-08-22T04:00:00Z,0xsample002452,sample-prediction-market-2,YES,0.620,31650.00
2026-08-22T05:15:00Z,0xsample002453,sample-prediction-market-3,YES,0.630,31662.50
2026-08-22T06:30:00Z,0xsample002454,sample-prediction-market-4,YES,0.640,31675.00
2026-08-22T07:45:00Z,0xsample002455,sample-prediction-market-5,YES,0.650,31687.50
2026-08-22T08:00:00Z,0xsample002456,sample-prediction-market-6,YES,0.660,31700.00
2026-08-22T09:15:00Z,0xsample002457,sample-prediction-market-7,YES,0.670,31712.50
2026-08-22T10:30:00Z,0xsample002458,sample-prediction-market-8,YES,0.680,31725.00
2026-08-22T11:45:00Z,0xsample002459,sample-prediction-market-9,YES,0.690,31737.50
2026-08-22T12:00:00Z,0xsample002460,sample-prediction-market-10,YES,0.700,31750.00
2026-08-22T13:15:00Z,0xsample002461,sample-prediction-market-11,YES,0.710,31762.50
2026-08-22T14:30:00Z,0xsample002462,sample-prediction-market-12,YES,0.720,31775.00
2026-08-22T15:45:00Z,0xsample002463,sample-prediction-market-13,YES,0.730,31787.50
2026-08-22T16:00:00Z,0xsample002464,sample-prediction-market-14,YES,0.740,31800.00
2026-08-22T17:15:00Z,0xsample002465,sample-prediction-market-15,YES,0.750,31812.50
2026-08-22T18:30:00Z,0xsample002466,sample-prediction-market-16,YES,0.760,31825.00
2026-08-22T19:45:00Z,0xsample002467,sample-prediction-market-17,YES,0.770,31837.50
2026-08-22T20:00:00Z,0xsample002468,sample-prediction-market-18,YES,0.780,31850.00
2026-08-22T21:15:00Z,0xsample002469,sample-prediction-market-19,YES,0.790,31862.50
2026-08-22T22:30:00Z,0xsample002470,sample-prediction-market-20,YES,0.800,31875.00
2026-08-22T23:45:00Z,0xsample002471,sample-prediction-market-21,YES,0.810,31887.50
2026-08-22T00:00:00Z,0xsample002472,sample-prediction-market-22,YES,0.820,31900.00
2026-08-22T01:15:00Z,0xsample002473,sample-prediction-market-23,YES,0.830,31912.50
2026-08-22T02:30:00Z,0xsample002474,sample-prediction-market-24,YES,0.840,31925.00
2026-08-22T03:45:00Z,0xsample002475,sample-prediction-market-25,YES,0.850,31937.50
2026-08-22T04:00:00Z,0xsample002476,sample-prediction-market-26,YES,0.860,31950.00
2026-08-22T05:15:00Z,0xsample002477,sample-prediction-market-27,YES,0.870,31962.50
2026-08-22T06:30:00Z,0xsample002478,sample-prediction-market-28,YES,0.880,31975.00
2026-08-22T07:45:00Z,0xsample002479,sample-prediction-market-29,YES,0.890,31987.50
2026-08-22T08:00:00Z,0xsample002480,sample-prediction-market-30,YES,0.500,32000.00
2026-08-22T09:15:00Z,0xsample002481,sample-prediction-market-31,YES,0.510,32012.50
2026-08-22T10:30:00Z,0xsample002482,sample-prediction-market-32,YES,0.520,32025.00
2026-08-22T11:45:00Z,0xsample002483,sample-prediction-market-33,YES,0.530,32037.50
2026-08-22T12:00:00Z,0xsample002484,sample-prediction-market-34,YES,0.540,32050.00
2026-08-22T13:15:00Z,0xsample002485,sample-prediction-market-35,YES,0.550,32062.50
2026-08-22T14:30:00Z,0xsample002486,sample-prediction-market-36,YES,0.560,32075.00
2026-08-22T15:45:00Z,0xsample002487,sample-prediction-market-37,YES,0.570,32087.50
2026-08-22T16:00:00Z,0xsample002488,sample-prediction-market-38,YES,0.580,32100.00
2026-08-22T17:15:00Z,0xsample002489,sample-prediction-market-39,YES,0.590,32112.50
2026-08-22T18:30:00Z,0xsample002490,sample-prediction-market-40,YES,0.600,32125.00
2026-08-22T19:45:00Z,0xsample002491,sample-prediction-market-41,YES,0.610,32137.50
2026-08-22T20:00:00Z,0xsample002492,sample-prediction-market-42,YES,0.620,32150.00
2026-08-22T21:15:00Z,0xsample002493,sample-prediction-market-43,YES,0.630,32162.50
2026-08-22T22:30:00Z,0xsample002494,sample-prediction-market-44,YES,0.640,32175.00
2026-08-22T23:45:00Z,0xsample002495,sample-prediction-market-45,YES,0.650,32187.50
2026-08-22T00:00:00Z,0xsample002496,sample-prediction-market-46,YES,0.660,32200.00
2026-08-22T01:15:00Z,0xsample002497,sample-prediction-market-47,YES,0.670,32212.50
2026-08-22T02:30:00Z,0xsample002498,sample-prediction-market-48,YES,0.680,32225.00
2026-08-22T03:45:00Z,0xsample002499,sample-prediction-market-49,YES,0.690,32237.50
2026-08-22T04:00:00Z,0xsample002500,sample-prediction-market-0,YES,0.700,32250.00
2026-08-22T05:15:00Z,0xsample002501,sample-prediction-market-1,YES,0.710,32262.50
2026-08-22T06:30:00Z,0xsample002502,sample-prediction-market-2,YES,0.720,32275.00
2026-08-22T07:45:00Z,0xsample002503,sample-prediction-market-3,YES,0.730,32287.50
2026-08-22T08:00:00Z,0xsample002504,sample-prediction-market-4,YES,0.740,32300.00
2026-08-22T09:15:00Z,0xsample002505,sample-prediction-market-5,YES,0.750,32312.50
2026-08-22T10:30:00Z,0xsample002506,sample-prediction-market-6,YES,0.760,32325.00
2026-08-22T11:45:00Z,0xsample002507,sample-prediction-market-7,YES,0.770,32337.50
2026-08-22T12:00:00Z,0xsample002508,sample-prediction-market-8,YES,0.780,32350.00
2026-08-22T13:15:00Z,0xsample002509,sample-prediction-market-9,YES,0.790,32362.50
2026-08-22T14:30:00Z,0xsample002510,sample-prediction-market-10,YES,0.800,32375.00
2026-08-22T15:45:00Z,0xsample002511,sample-prediction-market-11,YES,0.810,32387.50
2026-08-22T16:00:00Z,0xsample002512,sample-prediction-market-12,YES,0.820,32400.00
2026-08-22T17:15:00Z,0xsample002513,sample-prediction-market-13,YES,0.830,32412.50
2026-08-22T18:30:00Z,0xsample002514,sample-prediction-market-14,YES,0.840,32425.00
2026-08-22T19:45:00Z,0xsample002515,sample-prediction-market-15,YES,0.850,32437.50
2026-08-22T20:00:00Z,0xsample002516,sample-prediction-market-16,YES,0.860,32450.00
2026-08-22T21:15:00Z,0xsample002517,sample-prediction-market-17,YES,0.870,32462.50
2026-08-22T22:30:00Z,0xsample002518,sample-prediction-market-18,YES,0.880,32475.00
2026-08-22T23:45:00Z,0xsample002519,sample-prediction-market-19,YES,0.890,32487.50
2026-08-22T00:00:00Z,0xsample002520,sample-prediction-market-20,YES,0.500,32500.00
2026-08-22T01:15:00Z,0xsample002521,sample-prediction-market-21,YES,0.510,32512.50
2026-08-22T02:30:00Z,0xsample002522,sample-prediction-market-22,YES,0.520,32525.00
2026-08-22T03:45:00Z,0xsample002523,sample-prediction-market-23,YES,0.530,32537.50
2026-08-22T04:00:00Z,0xsample002524,sample-prediction-market-24,YES,0.540,32550.00
2026-08-22T05:15:00Z,0xsample002525,sample-prediction-market-25,YES,0.550,32562.50
2026-08-22T06:30:00Z,0xsample002526,sample-prediction-market-26,YES,0.560,32575.00
2026-08-22T07:45:00Z,0xsample002527,sample-prediction-market-27,YES,0.570,32587.50
2026-08-22T08:00:00Z,0xsample002528,sample-prediction-market-28,YES,0.580,32600.00
2026-08-22T09:15:00Z,0xsample002529,sample-prediction-market-29,YES,0.590,32612.50
2026-08-22T10:30:00Z,0xsample002530,sample-prediction-market-30,YES,0.600,32625.00
2026-08-22T11:45:00Z,0xsample002531,sample-prediction-market-31,YES,0.610,32637.50
2026-08-22T12:00:00Z,0xsample002532,sample-prediction-market-32,YES,0.620,32650.00
2026-08-22T13:15:00Z,0xsample002533,sample-prediction-market-33,YES,0.630,32662.50
2026-08-22T14:30:00Z,0xsample002534,sample-prediction-market-34,YES,0.640,32675.00
2026-08-22T15:45:00Z,0xsample002535,sample-prediction-market-35,YES,0.650,32687.50
2026-08-22T16:00:00Z,0xsample002536,sample-prediction-market-36,YES,0.660,32700.00
2026-08-22T17:15:00Z,0xsample002537,sample-prediction-market-37,YES,0.670,32712.50
2026-08-22T18:30:00Z,0xsample002538,sample-prediction-market-38,YES,0.680,32725.00
2026-08-22T19:45:00Z,0xsample002539,sample-prediction-market-39,YES,0.690,32737.50
2026-08-22T20:00:00Z,0xsample002540,sample-prediction-market-40,YES,0.700,32750.00
2026-08-22T21:15:00Z,0xsample002541,sample-prediction-market-41,YES,0.710,32762.50
2026-08-22T22:30:00Z,0xsample002542,sample-prediction-market-42,YES,0.720,32775.00
2026-08-22T23:45:00Z,0xsample002543,sample-prediction-market-43,YES,0.730,32787.50
2026-08-22T00:00:00Z,0xsample002544,sample-prediction-market-44,YES,0.740,32800.00
2026-08-22T01:15:00Z,0xsample002545,sample-prediction-market-45,YES,0.750,32812.50
2026-08-22T02:30:00Z,0xsample002546,sample-prediction-market-46,YES,0.760,32825.00
2026-08-22T03:45:00Z,0xsample002547,sample-prediction-market-47,YES,0.770,32837.50
2026-08-22T04:00:00Z,0xsample002548,sample-prediction-market-48,YES,0.780,32850.00
2026-08-22T05:15:00Z,0xsample002549,sample-prediction-market-49,YES,0.790,32862.50
2026-08-22T06:30:00Z,0xsample002550,sample-prediction-market-0,YES,0.800,32875.00
2026-08-22T07:45:00Z,0xsample002551,sample-prediction-market-1,YES,0.810,32887.50
2026-08-22T08:00:00Z,0xsample002552,sample-prediction-market-2,YES,0.820,32900.00
2026-08-22T09:15:00Z,0xsample002553,sample-prediction-market-3,YES,0.830,32912.50
2026-08-22T10:30:00Z,0xsample002554,sample-prediction-market-4,YES,0.840,32925.00
2026-08-22T11:45:00Z,0xsample002555,sample-prediction-market-5,YES,0.850,32937.50
2026-08-22T12:00:00Z,0xsample002556,sample-prediction-market-6,YES,0.860,32950.00
2026-08-22T13:15:00Z,0xsample002557,sample-prediction-market-7,YES,0.870,32962.50
2026-08-22T14:30:00Z,0xsample002558,sample-prediction-market-8,YES,0.880,32975.00
2026-08-22T15:45:00Z,0xsample002559,sample-prediction-market-9,YES,0.890,32987.50
2026-08-22T16:00:00Z,0xsample002560,sample-prediction-market-10,YES,0.500,33000.00
2026-08-22T17:15:00Z,0xsample002561,sample-prediction-market-11,YES,0.510,33012.50
2026-08-22T18:30:00Z,0xsample002562,sample-prediction-market-12,YES,0.520,33025.00
2026-08-22T19:45:00Z,0xsample002563,sample-prediction-market-13,YES,0.530,33037.50
2026-08-22T20:00:00Z,0xsample002564,sample-prediction-market-14,YES,0.540,33050.00
2026-08-22T21:15:00Z,0xsample002565,sample-prediction-market-15,YES,0.550,33062.50
2026-08-22T22:30:00Z,0xsample002566,sample-prediction-market-16,YES,0.560,33075.00
2026-08-22T23:45:00Z,0xsample002567,sample-prediction-market-17,YES,0.570,33087.50
2026-08-22T00:00:00Z,0xsample002568,sample-prediction-market-18,YES,0.580,33100.00
2026-08-22T01:15:00Z,0xsample002569,sample-prediction-market-19,YES,0.590,33112.50
2026-08-22T02:30:00Z,0xsample002570,sample-prediction-market-20,YES,0.600,33125.00
2026-08-22T03:45:00Z,0xsample002571,sample-prediction-market-21,YES,0.610,33137.50
2026-08-22T04:00:00Z,0xsample002572,sample-prediction-market-22,YES,0.620,33150.00
2026-08-22T05:15:00Z,0xsample002573,sample-prediction-market-23,YES,0.630,33162.50
2026-08-22T06:30:00Z,0xsample002574,sample-prediction-market-24,YES,0.640,33175.00
2026-08-22T07:45:00Z,0xsample002575,sample-prediction-market-25,YES,0.650,33187.50
2026-08-22T08:00:00Z,0xsample002576,sample-prediction-market-26,YES,0.660,33200.00
2026-08-22T09:15:00Z,0xsample002577,sample-prediction-market-27,YES,0.670,33212.50
2026-08-22T10:30:00Z,0xsample002578,sample-prediction-market-28,YES,0.680,33225.00
2026-08-22T11:45:00Z,0xsample002579,sample-prediction-market-29,YES,0.690,33237.50
2026-08-22T12:00:00Z,0xsample002580,sample-prediction-market-30,YES,0.700,33250.00
2026-08-22T13:15:00Z,0xsample002581,sample-prediction-market-31,YES,0.710,33262.50
2026-08-22T14:30:00Z,0xsample002582,sample-prediction-market-32,YES,0.720,33275.00
2026-08-22T15:45:00Z,0xsample002583,sample-prediction-market-33,YES,0.730,33287.50
2026-08-22T16:00:00Z,0xsample002584,sample-prediction-market-34,YES,0.740,33300.00
2026-08-22T17:15:00Z,0xsample002585,sample-prediction-market-35,YES,0.750,33312.50
2026-08-22T18:30:00Z,0xsample002586,sample-prediction-market-36,YES,0.760,33325.00
2026-08-22T19:45:00Z,0xsample002587,sample-prediction-market-37,YES,0.770,33337.50
2026-08-22T20:00:00Z,0xsample002588,sample-prediction-market-38,YES,0.780,33350.00
2026-08-22T21:15:00Z,0xsample002589,sample-prediction-market-39,YES,0.790,33362.50
2026-08-22T22:30:00Z,0xsample002590,sample-prediction-market-40,YES,0.800,33375.00
2026-08-22T23:45:00Z,0xsample002591,sample-prediction-market-41,YES,0.810,33387.50
2026-08-22T00:00:00Z,0xsample002592,sample-prediction-market-42,YES,0.820,33400.00
2026-08-22T01:15:00Z,0xsample002593,sample-prediction-market-43,YES,0.830,33412.50
2026-08-22T02:30:00Z,0xsample002594,sample-prediction-market-44,YES,0.840,33425.00
2026-08-22T03:45:00Z,0xsample002595,sample-prediction-market-45,YES,0.850,33437.50
2026-08-22T04:00:00Z,0xsample002596,sample-prediction-market-46,YES,0.860,33450.00
2026-08-22T05:15:00Z,0xsample002597,sample-prediction-market-47,YES,0.870,33462.50
2026-08-22T06:30:00Z,0xsample002598,sample-prediction-market-48,YES,0.880,33475.00
2026-08-22T07:45:00Z,0xsample002599,sample-prediction-market-49,YES,0.890,33487.50
2026-08-22T08:00:00Z,0xsample002600,sample-prediction-market-0,YES,0.500,33500.00
2026-08-22T09:15:00Z,0xsample002601,sample-prediction-market-1,YES,0.510,33512.50
2026-08-22T10:30:00Z,0xsample002602,sample-prediction-market-2,YES,0.520,33525.00
2026-08-22T11:45:00Z,0xsample002603,sample-prediction-market-3,YES,0.530,33537.50
2026-08-22T12:00:00Z,0xsample002604,sample-prediction-market-4,YES,0.540,33550.00
2026-08-22T13:15:00Z,0xsample002605,sample-prediction-market-5,YES,0.550,33562.50
2026-08-22T14:30:00Z,0xsample002606,sample-prediction-market-6,YES,0.560,33575.00
2026-08-22T15:45:00Z,0xsample002607,sample-prediction-market-7,YES,0.570,33587.50
2026-08-22T16:00:00Z,0xsample002608,sample-prediction-market-8,YES,0.580,33600.00
2026-08-22T17:15:00Z,0xsample002609,sample-prediction-market-9,YES,0.590,33612.50
2026-08-22T18:30:00Z,0xsample002610,sample-prediction-market-10,YES,0.600,33625.00
2026-08-22T19:45:00Z,0xsample002611,sample-prediction-market-11,YES,0.610,33637.50
2026-08-22T20:00:00Z,0xsample002612,sample-prediction-market-12,YES,0.620,33650.00
2026-08-22T21:15:00Z,0xsample002613,sample-prediction-market-13,YES,0.630,33662.50
2026-08-22T22:30:00Z,0xsample002614,sample-prediction-market-14,YES,0.640,33675.00
2026-08-22T23:45:00Z,0xsample002615,sample-prediction-market-15,YES,0.650,33687.50
2026-08-22T00:00:00Z,0xsample002616,sample-prediction-market-16,YES,0.660,33700.00
2026-08-22T01:15:00Z,0xsample002617,sample-prediction-market-17,YES,0.670,33712.50
2026-08-22T02:30:00Z,0xsample002618,sample-prediction-market-18,YES,0.680,33725.00
2026-08-22T03:45:00Z,0xsample002619,sample-prediction-market-19,YES,0.690,33737.50
2026-08-22T04:00:00Z,0xsample002620,sample-prediction-market-20,YES,0.700,33750.00
2026-08-22T05:15:00Z,0xsample002621,sample-prediction-market-21,YES,0.710,33762.50
2026-08-22T06:30:00Z,0xsample002622,sample-prediction-market-22,YES,0.720,33775.00
2026-08-22T07:45:00Z,0xsample002623,sample-prediction-market-23,YES,0.730,33787.50
2026-08-22T08:00:00Z,0xsample002624,sample-prediction-market-24,YES,0.740,33800.00
2026-08-22T09:15:00Z,0xsample002625,sample-prediction-market-25,YES,0.750,33812.50
2026-08-22T10:30:00Z,0xsample002626,sample-prediction-market-26,YES,0.760,33825.00
2026-08-22T11:45:00Z,0xsample002627,sample-prediction-market-27,YES,0.770,33837.50
2026-08-22T12:00:00Z,0xsample002628,sample-prediction-market-28,YES,0.780,33850.00
2026-08-22T13:15:00Z,0xsample002629,sample-prediction-market-29,YES,0.790,33862.50
2026-08-22T14:30:00Z,0xsample002630,sample-prediction-market-30,YES,0.800,33875.00
2026-08-22T15:45:00Z,0xsample002631,sample-prediction-market-31,YES,0.810,33887.50
2026-08-22T16:00:00Z,0xsample002632,sample-prediction-market-32,YES,0.820,33900.00
2026-08-22T17:15:00Z,0xsample002633,sample-prediction-market-33,YES,0.830,33912.50
2026-08-22T18:30:00Z,0xsample002634,sample-prediction-market-34,YES,0.840,33925.00
2026-08-22T19:45:00Z,0xsample002635,sample-prediction-market-35,YES,0.850,33937.50
2026-08-22T20:00:00Z,0xsample002636,sample-prediction-market-36,YES,0.860,33950.00
2026-08-22T21:15:00Z,0xsample002637,sample-prediction-market-37,YES,0.870,33962.50
2026-08-22T22:30:00Z,0xsample002638,sample-prediction-market-38,YES,0.880,33975.00
2026-08-22T23:45:00Z,0xsample002639,sample-prediction-market-39,YES,0.890,33987.50
2026-08-22T00:00:00Z,0xsample002640,sample-prediction-market-40,YES,0.500,34000.00
2026-08-22T01:15:00Z,0xsample002641,sample-prediction-market-41,YES,0.510,34012.50
2026-08-22T02:30:00Z,0xsample002642,sample-prediction-market-42,YES,0.520,34025.00
2026-08-22T03:45:00Z,0xsample002643,sample-prediction-market-43,YES,0.530,34037.50
2026-08-22T04:00:00Z,0xsample002644,sample-prediction-market-44,YES,0.540,34050.00
2026-08-22T05:15:00Z,0xsample002645,sample-prediction-market-45,YES,0.550,34062.50
2026-08-22T06:30:00Z,0xsample002646,sample-prediction-market-46,YES,0.560,34075.00
2026-08-22T07:45:00Z,0xsample002647,sample-prediction-market-47,YES,0.570,34087.50
2026-08-22T08:00:00Z,0xsample002648,sample-prediction-market-48,YES,0.580,34100.00
2026-08-22T09:15:00Z,0xsample002649,sample-prediction-market-49,YES,0.590,34112.50
2026-08-22T10:30:00Z,0xsample002650,sample-prediction-market-0,YES,0.600,34125.00
2026-08-22T11:45:00Z,0xsample002651,sample-prediction-market-1,YES,0.610,34137.50
2026-08-22T12:00:00Z,0xsample002652,sample-prediction-market-2,YES,0.620,34150.00
2026-08-22T13:15:00Z,0xsample002653,sample-prediction-market-3,YES,0.630,34162.50
2026-08-22T14:30:00Z,0xsample002654,sample-prediction-market-4,YES,0.640,34175.00
2026-08-22T15:45:00Z,0xsample002655,sample-prediction-market-5,YES,0.650,34187.50
2026-08-22T16:00:00Z,0xsample002656,sample-prediction-market-6,YES,0.660,34200.00
2026-08-22T17:15:00Z,0xsample002657,sample-prediction-market-7,YES,0.670,34212.50
2026-08-22T18:30:00Z,0xsample002658,sample-prediction-market-8,YES,0.680,34225.00
2026-08-22T19:45:00Z,0xsample002659,sample-prediction-market-9,YES,0.690,34237.50
2026-08-22T20:00:00Z,0xsample002660,sample-prediction-market-10,YES,0.700,34250.00
2026-08-22T21:15:00Z,0xsample002661,sample-prediction-market-11,YES,0.710,34262.50
2026-08-22T22:30:00Z,0xsample002662,sample-prediction-market-12,YES,0.720,34275.00
2026-08-22T23:45:00Z,0xsample002663,sample-prediction-market-13,YES,0.730,34287.50
2026-08-22T00:00:00Z,0xsample002664,sample-prediction-market-14,YES,0.740,34300.00
2026-08-22T01:15:00Z,0xsample002665,sample-prediction-market-15,YES,0.750,34312.50
2026-08-22T02:30:00Z,0xsample002666,sample-prediction-market-16,YES,0.760,34325.00
2026-08-22T03:45:00Z,0xsample002667,sample-prediction-market-17,YES,0.770,34337.50
2026-08-22T04:00:00Z,0xsample002668,sample-prediction-market-18,YES,0.780,34350.00
2026-08-22T05:15:00Z,0xsample002669,sample-prediction-market-19,YES,0.790,34362.50
2026-08-22T06:30:00Z,0xsample002670,sample-prediction-market-20,YES,0.800,34375.00
2026-08-22T07:45:00Z,0xsample002671,sample-prediction-market-21,YES,0.810,34387.50
2026-08-22T08:00:00Z,0xsample002672,sample-prediction-market-22,YES,0.820,34400.00
2026-08-22T09:15:00Z,0xsample002673,sample-prediction-market-23,YES,0.830,34412.50
2026-08-22T10:30:00Z,0xsample002674,sample-prediction-market-24,YES,0.840,34425.00
2026-08-22T11:45:00Z,0xsample002675,sample-prediction-market-25,YES,0.850,34437.50
2026-08-22T12:00:00Z,0xsample002676,sample-prediction-market-26,YES,0.860,34450.00
2026-08-22T13:15:00Z,0xsample002677,sample-prediction-market-27,YES,0.870,34462.50
2026-08-22T14:30:00Z,0xsample002678,sample-prediction-market-28,YES,0.880,34475.00
2026-08-22T15:45:00Z,0xsample002679,sample-prediction-market-29,YES,0.890,34487.50
2026-08-22T16:00:00Z,0xsample002680,sample-prediction-market-30,YES,0.500,34500.00
2026-08-22T17:15:00Z,0xsample002681,sample-prediction-market-31,YES,0.510,34512.50
2026-08-22T18:30:00Z,0xsample002682,sample-prediction-market-32,YES,0.520,34525.00
2026-08-22T19:45:00Z,0xsample002683,sample-prediction-market-33,YES,0.530,34537.50
2026-08-22T20:00:00Z,0xsample002684,sample-prediction-market-34,YES,0.540,34550.00
2026-08-22T21:15:00Z,0xsample002685,sample-prediction-market-35,YES,0.550,34562.50
2026-08-22T22:30:00Z,0xsample002686,sample-prediction-market-36,YES,0.560,34575.00
2026-08-22T23:45:00Z,0xsample002687,sample-prediction-market-37,YES,0.570,34587.50
2026-08-22T00:00:00Z,0xsample002688,sample-prediction-market-38,YES,0.580,34600.00
2026-08-22T01:15:00Z,0xsample002689,sample-prediction-market-39,YES,0.590,34612.50
2026-08-22T02:30:00Z,0xsample002690,sample-prediction-market-40,YES,0.600,34625.00
2026-08-22T03:45:00Z,0xsample002691,sample-prediction-market-41,YES,0.610,34637.50
2026-08-22T04:00:00Z,0xsample002692,sample-prediction-market-42,YES,0.620,34650.00
2026-08-22T05:15:00Z,0xsample002693,sample-prediction-market-43,YES,0.630,34662.50
2026-08-22T06:30:00Z,0xsample002694,sample-prediction-market-44,YES,0.640,34675.00
2026-08-22T07:45:00Z,0xsample002695,sample-prediction-market-45,YES,0.650,34687.50
2026-08-22T08:00:00Z,0xsample002696,sample-prediction-market-46,YES,0.660,34700.00
2026-08-22T09:15:00Z,0xsample002697,sample-prediction-market-47,YES,0.670,34712.50
2026-08-22T10:30:00Z,0xsample002698,sample-prediction-market-48,YES,0.680,34725.00
2026-08-22T11:45:00Z,0xsample002699,sample-prediction-market-49,YES,0.690,34737.50
2026-08-22T12:00:00Z,0xsample002700,sample-prediction-market-0,YES,0.700,34750.00
2026-08-22T13:15:00Z,0xsample002701,sample-prediction-market-1,YES,0.710,34762.50
2026-08-22T14:30:00Z,0xsample002702,sample-prediction-market-2,YES,0.720,34775.00
2026-08-22T15:45:00Z,0xsample002703,sample-prediction-market-3,YES,0.730,34787.50
2026-08-22T16:00:00Z,0xsample002704,sample-prediction-market-4,YES,0.740,34800.00
2026-08-22T17:15:00Z,0xsample002705,sample-prediction-market-5,YES,0.750,34812.50
2026-08-22T18:30:00Z,0xsample002706,sample-prediction-market-6,YES,0.760,34825.00
2026-08-22T19:45:00Z,0xsample002707,sample-prediction-market-7,YES,0.770,34837.50
2026-08-22T20:00:00Z,0xsample002708,sample-prediction-market-8,YES,0.780,34850.00
2026-08-22T21:15:00Z,0xsample002709,sample-prediction-market-9,YES,0.790,34862.50
2026-08-22T22:30:00Z,0xsample002710,sample-prediction-market-10,YES,0.800,34875.00
2026-08-22T23:45:00Z,0xsample002711,sample-prediction-market-11,YES,0.810,34887.50
2026-08-22T00:00:00Z,0xsample002712,sample-prediction-market-12,YES,0.820,34900.00
2026-08-22T01:15:00Z,0xsample002713,sample-prediction-market-13,YES,0.830,34912.50
2026-08-22T02:30:00Z,0xsample002714,sample-prediction-market-14,YES,0.840,34925.00
2026-08-22T03:45:00Z,0xsample002715,sample-prediction-market-15,YES,0.850,34937.50
2026-08-22T04:00:00Z,0xsample002716,sample-prediction-market-16,YES,0.860,34950.00
2026-08-22T05:15:00Z,0xsample002717,sample-prediction-market-17,YES,0.870,34962.50
2026-08-22T06:30:00Z,0xsample002718,sample-prediction-market-18,YES,0.880,34975.00
2026-08-22T07:45:00Z,0xsample002719,sample-prediction-market-19,YES,0.890,34987.50
2026-08-22T08:00:00Z,0xsample002720,sample-prediction-market-20,YES,0.500,35000.00
2026-08-22T09:15:00Z,0xsample002721,sample-prediction-market-21,YES,0.510,35012.50
2026-08-22T10:30:00Z,0xsample002722,sample-prediction-market-22,YES,0.520,35025.00
2026-08-22T11:45:00Z,0xsample002723,sample-prediction-market-23,YES,0.530,35037.50
2026-08-22T12:00:00Z,0xsample002724,sample-prediction-market-24,YES,0.540,35050.00
2026-08-22T13:15:00Z,0xsample002725,sample-prediction-market-25,YES,0.550,35062.50
2026-08-22T14:30:00Z,0xsample002726,sample-prediction-market-26,YES,0.560,35075.00
2026-08-22T15:45:00Z,0xsample002727,sample-prediction-market-27,YES,0.570,35087.50
2026-08-22T16:00:00Z,0xsample002728,sample-prediction-market-28,YES,0.580,35100.00
2026-08-22T17:15:00Z,0xsample002729,sample-prediction-market-29,YES,0.590,35112.50
2026-08-22T18:30:00Z,0xsample002730,sample-prediction-market-30,YES,0.600,35125.00
2026-08-22T19:45:00Z,0xsample002731,sample-prediction-market-31,YES,0.610,35137.50
2026-08-22T20:00:00Z,0xsample002732,sample-prediction-market-32,YES,0.620,35150.00
2026-08-22T21:15:00Z,0xsample002733,sample-prediction-market-33,YES,0.630,35162.50
2026-08-22T22:30:00Z,0xsample002734,sample-prediction-market-34,YES,0.640,35175.00
2026-08-22T23:45:00Z,0xsample002735,sample-prediction-market-35,YES,0.650,35187.50
2026-08-22T00:00:00Z,0xsample002736,sample-prediction-market-36,YES,0.660,35200.00
2026-08-22T01:15:00Z,0xsample002737,sample-prediction-market-37,YES,0.670,35212.50
2026-08-22T02:30:00Z,0xsample002738,sample-prediction-market-38,YES,0.680,35225.00
2026-08-22T03:45:00Z,0xsample002739,sample-prediction-market-39,YES,0.690,35237.50
2026-08-22T04:00:00Z,0xsample002740,sample-prediction-market-40,YES,0.700,35250.00
2026-08-22T05:15:00Z,0xsample002741,sample-prediction-market-41,YES,0.710,35262.50
2026-08-22T06:30:00Z,0xsample002742,sample-prediction-market-42,YES,0.720,35275.00
2026-08-22T07:45:00Z,0xsample002743,sample-prediction-market-43,YES,0.730,35287.50
2026-08-22T08:00:00Z,0xsample002744,sample-prediction-market-44,YES,0.740,35300.00
2026-08-22T09:15:00Z,0xsample002745,sample-prediction-market-45,YES,0.750,35312.50
2026-08-22T10:30:00Z,0xsample002746,sample-prediction-market-46,YES,0.760,35325.00
2026-08-22T11:45:00Z,0xsample002747,sample-prediction-market-47,YES,0.770,35337.50
2026-08-22T12:00:00Z,0xsample002748,sample-prediction-market-48,YES,0.780,35350.00
2026-08-22T13:15:00Z,0xsample002749,sample-prediction-market-49,YES,0.790,35362.50
2026-08-22T14:30:00Z,0xsample002750,sample-prediction-market-0,YES,0.800,35375.00
2026-08-22T15:45:00Z,0xsample002751,sample-prediction-market-1,YES,0.810,35387.50
2026-08-22T16:00:00Z,0xsample002752,sample-prediction-market-2,YES,0.820,35400.00
2026-08-22T17:15:00Z,0xsample002753,sample-prediction-market-3,YES,0.830,35412.50
2026-08-22T18:30:00Z,0xsample002754,sample-prediction-market-4,YES,0.840,35425.00
2026-08-22T19:45:00Z,0xsample002755,sample-prediction-market-5,YES,0.850,35437.50
2026-08-22T20:00:00Z,0xsample002756,sample-prediction-market-6,YES,0.860,35450.00
2026-08-22T21:15:00Z,0xsample002757,sample-prediction-market-7,YES,0.870,35462.50
2026-08-22T22:30:00Z,0xsample002758,sample-prediction-market-8,YES,0.880,35475.00
2026-08-22T23:45:00Z,0xsample002759,sample-prediction-market-9,YES,0.890,35487.50
2026-08-22T00:00:00Z,0xsample002760,sample-prediction-market-10,YES,0.500,35500.00
2026-08-22T01:15:00Z,0xsample002761,sample-prediction-market-11,YES,0.510,35512.50
2026-08-22T02:30:00Z,0xsample002762,sample-prediction-market-12,YES,0.520,35525.00
2026-08-22T03:45:00Z,0xsample002763,sample-prediction-market-13,YES,0.530,35537.50
2026-08-22T04:00:00Z,0xsample002764,sample-prediction-market-14,YES,0.540,35550.00
2026-08-22T05:15:00Z,0xsample002765,sample-prediction-market-15,YES,0.550,35562.50
2026-08-22T06:30:00Z,0xsample002766,sample-prediction-market-16,YES,0.560,35575.00
2026-08-22T07:45:00Z,0xsample002767,sample-prediction-market-17,YES,0.570,35587.50
2026-08-22T08:00:00Z,0xsample002768,sample-prediction-market-18,YES,0.580,35600.00
2026-08-22T09:15:00Z,0xsample002769,sample-prediction-market-19,YES,0.590,35612.50
2026-08-22T10:30:00Z,0xsample002770,sample-prediction-market-20,YES,0.600,35625.00
2026-08-22T11:45:00Z,0xsample002771,sample-prediction-market-21,YES,0.610,35637.50
2026-08-22T12:00:00Z,0xsample002772,sample-prediction-market-22,YES,0.620,35650.00
2026-08-22T13:15:00Z,0xsample002773,sample-prediction-market-23,YES,0.630,35662.50
2026-08-22T14:30:00Z,0xsample002774,sample-prediction-market-24,YES,0.640,35675.00
2026-08-22T15:45:00Z,0xsample002775,sample-prediction-market-25,YES,0.650,35687.50
2026-08-22T16:00:00Z,0xsample002776,sample-prediction-market-26,YES,0.660,35700.00
2026-08-22T17:15:00Z,0xsample002777,sample-prediction-market-27,YES,0.670,35712.50
2026-08-22T18:30:00Z,0xsample002778,sample-prediction-market-28,YES,0.680,35725.00
2026-08-22T19:45:00Z,0xsample002779,sample-prediction-market-29,YES,0.690,35737.50
2026-08-22T20:00:00Z,0xsample002780,sample-prediction-market-30,YES,0.700,35750.00
2026-08-22T21:15:00Z,0xsample002781,sample-prediction-market-31,YES,0.710,35762.50
2026-08-22T22:30:00Z,0xsample002782,sample-prediction-market-32,YES,0.720,35775.00
2026-08-22T23:45:00Z,0xsample002783,sample-prediction-market-33,YES,0.730,35787.50
2026-08-22T00:00:00Z,0xsample002784,sample-prediction-market-34,YES,0.740,35800.00
2026-08-22T01:15:00Z,0xsample002785,sample-prediction-market-35,YES,0.750,35812.50
2026-08-22T02:30:00Z,0xsample002786,sample-prediction-market-36,YES,0.760,35825.00
2026-08-22T03:45:00Z,0xsample002787,sample-prediction-market-37,YES,0.770,35837.50
2026-08-22T04:00:00Z,0xsample002788,sample-prediction-market-38,YES,0.780,35850.00
2026-08-22T05:15:00Z,0xsample002789,sample-prediction-market-39,YES,0.790,35862.50
2026-08-22T06:30:00Z,0xsample002790,sample-prediction-market-40,YES,0.800,35875.00
2026-08-22T07:45:00Z,0xsample002791,sample-prediction-market-41,YES,0.810,35887.50
2026-08-22T08:00:00Z,0xsample002792,sample-prediction-market-42,YES,0.820,35900.00
2026-08-22T09:15:00Z,0xsample002793,sample-prediction-market-43,YES,0.830,35912.50
2026-08-22T10:30:00Z,0xsample002794,sample-prediction-market-44,YES,0.840,35925.00
2026-08-22T11:45:00Z,0xsample002795,sample-prediction-market-45,YES,0.850,35937.50
2026-08-22T12:00:00Z,0xsample002796,sample-prediction-market-46,YES,0.860,35950.00
2026-08-22T13:15:00Z,0xsample002797,sample-prediction-market-47,YES,0.870,35962.50
2026-08-22T14:30:00Z,0xsample002798,sample-prediction-market-48,YES,0.880,35975.00
2026-08-22T15:45:00Z,0xsample002799,sample-prediction-market-49,YES,0.890,35987.50
2026-08-22T16:00:00Z,0xsample002800,sample-prediction-market-0,YES,0.500,36000.00
2026-08-22T17:15:00Z,0xsample002801,sample-prediction-market-1,YES,0.510,36012.50
2026-08-22T18:30:00Z,0xsample002802,sample-prediction-market-2,YES,0.520,36025.00
2026-08-22T19:45:00Z,0xsample002803,sample-prediction-market-3,YES,0.530,36037.50
2026-08-22T20:00:00Z,0xsample002804,sample-prediction-market-4,YES,0.540,36050.00
2026-08-22T21:15:00Z,0xsample002805,sample-prediction-market-5,YES,0.550,36062.50
2026-08-22T22:30:00Z,0xsample002806,sample-prediction-market-6,YES,0.560,36075.00
2026-08-22T23:45:00Z,0xsample002807,sample-prediction-market-7,YES,0.570,36087.50
2026-08-22T00:00:00Z,0xsample002808,sample-prediction-market-8,YES,0.580,36100.00
2026-08-22T01:15:00Z,0xsample002809,sample-prediction-market-9,YES,0.590,36112.50
2026-08-22T02:30:00Z,0xsample002810,sample-prediction-market-10,YES,0.600,36125.00
2026-08-22T03:45:00Z,0xsample002811,sample-prediction-market-11,YES,0.610,36137.50
2026-08-22T04:00:00Z,0xsample002812,sample-prediction-market-12,YES,0.620,36150.00
2026-08-22T05:15:00Z,0xsample002813,sample-prediction-market-13,YES,0.630,36162.50
2026-08-22T06:30:00Z,0xsample002814,sample-prediction-market-14,YES,0.640,36175.00
2026-08-22T07:45:00Z,0xsample002815,sample-prediction-market-15,YES,0.650,36187.50
2026-08-22T08:00:00Z,0xsample002816,sample-prediction-market-16,YES,0.660,36200.00
2026-08-22T09:15:00Z,0xsample002817,sample-prediction-market-17,YES,0.670,36212.50
2026-08-22T10:30:00Z,0xsample002818,sample-prediction-market-18,YES,0.680,36225.00
2026-08-22T11:45:00Z,0xsample002819,sample-prediction-market-19,YES,0.690,36237.50
2026-08-22T12:00:00Z,0xsample002820,sample-prediction-market-20,YES,0.700,36250.00
2026-08-22T13:15:00Z,0xsample002821,sample-prediction-market-21,YES,0.710,36262.50
2026-08-22T14:30:00Z,0xsample002822,sample-prediction-market-22,YES,0.720,36275.00
2026-08-22T15:45:00Z,0xsample002823,sample-prediction-market-23,YES,0.730,36287.50
2026-08-22T16:00:00Z,0xsample002824,sample-prediction-market-24,YES,0.740,36300.00
2026-08-22T17:15:00Z,0xsample002825,sample-prediction-market-25,YES,0.750,36312.50
2026-08-22T18:30:00Z,0xsample002826,sample-prediction-market-26,YES,0.760,36325.00
2026-08-22T19:45:00Z,0xsample002827,sample-prediction-market-27,YES,0.770,36337.50
2026-08-22T20:00:00Z,0xsample002828,sample-prediction-market-28,YES,0.780,36350.00
2026-08-22T21:15:00Z,0xsample002829,sample-prediction-market-29,YES,0.790,36362.50
2026-08-22T22:30:00Z,0xsample002830,sample-prediction-market-30,YES,0.800,36375.00
2026-08-22T23:45:00Z,0xsample002831,sample-prediction-market-31,YES,0.810,36387.50
2026-08-22T00:00:00Z,0xsample002832,sample-prediction-market-32,YES,0.820,36400.00
2026-08-22T01:15:00Z,0xsample002833,sample-prediction-market-33,YES,0.830,36412.50
2026-08-22T02:30:00Z,0xsample002834,sample-prediction-market-34,YES,0.840,36425.00
2026-08-22T03:45:00Z,0xsample002835,sample-prediction-market-35,YES,0.850,36437.50
2026-08-22T04:00:00Z,0xsample002836,sample-prediction-market-36,YES,0.860,36450.00
2026-08-22T05:15:00Z,0xsample002837,sample-prediction-market-37,YES,0.870,36462.50
2026-08-22T06:30:00Z,0xsample002838,sample-prediction-market-38,YES,0.880,36475.00
2026-08-22T07:45:00Z,0xsample002839,sample-prediction-market-39,YES,0.890,36487.50
2026-08-22T08:00:00Z,0xsample002840,sample-prediction-market-40,YES,0.500,36500.00
2026-08-22T09:15:00Z,0xsample002841,sample-prediction-market-41,YES,0.510,36512.50
2026-08-22T10:30:00Z,0xsample002842,sample-prediction-market-42,YES,0.520,36525.00
2026-08-22T11:45:00Z,0xsample002843,sample-prediction-market-43,YES,0.530,36537.50
2026-08-22T12:00:00Z,0xsample002844,sample-prediction-market-44,YES,0.540,36550.00
2026-08-22T13:15:00Z,0xsample002845,sample-prediction-market-45,YES,0.550,36562.50
2026-08-22T14:30:00Z,0xsample002846,sample-prediction-market-46,YES,0.560,36575.00
2026-08-22T15:45:00Z,0xsample002847,sample-prediction-market-47,YES,0.570,36587.50
2026-08-22T16:00:00Z,0xsample002848,sample-prediction-market-48,YES,0.580,36600.00
2026-08-22T17:15:00Z,0xsample002849,sample-prediction-market-49,YES,0.590,36612.50
2026-08-22T18:30:00Z,0xsample002850,sample-prediction-market-0,YES,0.600,36625.00
2026-08-22T19:45:00Z,0xsample002851,sample-prediction-market-1,YES,0.610,36637.50
2026-08-22T20:00:00Z,0xsample002852,sample-prediction-market-2,YES,0.620,36650.00
2026-08-22T21:15:00Z,0xsample002853,sample-prediction-market-3,YES,0.630,36662.50
2026-08-22T22:30:00Z,0xsample002854,sample-prediction-market-4,YES,0.640,36675.00
2026-08-22T23:45:00Z,0xsample002855,sample-prediction-market-5,YES,0.650,36687.50
2026-08-22T00:00:00Z,0xsample002856,sample-prediction-market-6,YES,0.660,36700.00
2026-08-22T01:15:00Z,0xsample002857,sample-prediction-market-7,YES,0.670,36712.50
2026-08-22T02:30:00Z,0xsample002858,sample-prediction-market-8,YES,0.680,36725.00
2026-08-22T03:45:00Z,0xsample002859,sample-prediction-market-9,YES,0.690,36737.50
2026-08-22T04:00:00Z,0xsample002860,sample-prediction-market-10,YES,0.700,36750.00
2026-08-22T05:15:00Z,0xsample002861,sample-prediction-market-11,YES,0.710,36762.50
2026-08-22T06:30:00Z,0xsample002862,sample-prediction-market-12,YES,0.720,36775.00
2026-08-22T07:45:00Z,0xsample002863,sample-prediction-market-13,YES,0.730,36787.50
2026-08-22T08:00:00Z,0xsample002864,sample-prediction-market-14,YES,0.740,36800.00
2026-08-22T09:15:00Z,0xsample002865,sample-prediction-market-15,YES,0.750,36812.50
2026-08-22T10:30:00Z,0xsample002866,sample-prediction-market-16,YES,0.760,36825.00
2026-08-22T11:45:00Z,0xsample002867,sample-prediction-market-17,YES,0.770,36837.50
2026-08-22T12:00:00Z,0xsample002868,sample-prediction-market-18,YES,0.780,36850.00
2026-08-22T13:15:00Z,0xsample002869,sample-prediction-market-19,YES,0.790,36862.50
2026-08-22T14:30:00Z,0xsample002870,sample-prediction-market-20,YES,0.800,36875.00
2026-08-22T15:45:00Z,0xsample002871,sample-prediction-market-21,YES,0.810,36887.50
2026-08-22T16:00:00Z,0xsample002872,sample-prediction-market-22,YES,0.820,36900.00
2026-08-22T17:15:00Z,0xsample002873,sample-prediction-market-23,YES,0.830,36912.50
2026-08-22T18:30:00Z,0xsample002874,sample-prediction-market-24,YES,0.840,36925.00
2026-08-22T19:45:00Z,0xsample002875,sample-prediction-market-25,YES,0.850,36937.50
2026-08-22T20:00:00Z,0xsample002876,sample-prediction-market-26,YES,0.860,36950.00
2026-08-22T21:15:00Z,0xsample002877,sample-prediction-market-27,YES,0.870,36962.50
2026-08-22T22:30:00Z,0xsample002878,sample-prediction-market-28,YES,0.880,36975.00
2026-08-22T23:45:00Z,0xsample002879,sample-prediction-market-29,YES,0.890,36987.50
2026-08-22T00:00:00Z,0xsample002880,sample-prediction-market-30,YES,0.500,37000.00
2026-08-22T01:15:00Z,0xsample002881,sample-prediction-market-31,YES,0.510,37012.50
2026-08-22T02:30:00Z,0xsample002882,sample-prediction-market-32,YES,0.520,37025.00
2026-08-22T03:45:00Z,0xsample002883,sample-prediction-market-33,YES,0.530,37037.50
2026-08-22T04:00:00Z,0xsample002884,sample-prediction-market-34,YES,0.540,37050.00
2026-08-22T05:15:00Z,0xsample002885,sample-prediction-market-35,YES,0.550,37062.50
2026-08-22T06:30:00Z,0xsample002886,sample-prediction-market-36,YES,0.560,37075.00
2026-08-22T07:45:00Z,0xsample002887,sample-prediction-market-37,YES,0.570,37087.50
2026-08-22T08:00:00Z,0xsample002888,sample-prediction-market-38,YES,0.580,37100.00
2026-08-22T09:15:00Z,0xsample002889,sample-prediction-market-39,YES,0.590,37112.50
2026-08-22T10:30:00Z,0xsample002890,sample-prediction-market-40,YES,0.600,37125.00
2026-08-22T11:45:00Z,0xsample002891,sample-prediction-market-41,YES,0.610,37137.50
2026-08-22T12:00:00Z,0xsample002892,sample-prediction-market-42,YES,0.620,37150.00
2026-08-22T13:15:00Z,0xsample002893,sample-prediction-market-43,YES,0.630,37162.50
2026-08-22T14:30:00Z,0xsample002894,sample-prediction-market-44,YES,0.640,37175.00
2026-08-22T15:45:00Z,0xsample002895,sample-prediction-market-45,YES,0.650,37187.50
2026-08-22T16:00:00Z,0xsample002896,sample-prediction-market-46,YES,0.660,37200.00
2026-08-22T17:15:00Z,0xsample002897,sample-prediction-market-47,YES,0.670,37212.50
2026-08-22T18:30:00Z,0xsample002898,sample-prediction-market-48,YES,0.680,37225.00
2026-08-22T19:45:00Z,0xsample002899,sample-prediction-market-49,YES,0.690,37237.50
2026-08-22T20:00:00Z,0xsample002900,sample-prediction-market-0,YES,0.700,37250.00
2026-08-22T21:15:00Z,0xsample002901,sample-prediction-market-1,YES,0.710,37262.50
2026-08-22T22:30:00Z,0xsample002902,sample-prediction-market-2,YES,0.720,37275.00
2026-08-22T23:45:00Z,0xsample002903,sample-prediction-market-3,YES,0.730,37287.50
2026-08-22T00:00:00Z,0xsample002904,sample-prediction-market-4,YES,0.740,37300.00
2026-08-22T01:15:00Z,0xsample002905,sample-prediction-market-5,YES,0.750,37312.50
2026-08-22T02:30:00Z,0xsample002906,sample-prediction-market-6,YES,0.760,37325.00
2026-08-22T03:45:00Z,0xsample002907,sample-prediction-market-7,YES,0.770,37337.50
2026-08-22T04:00:00Z,0xsample002908,sample-prediction-market-8,YES,0.780,37350.00
2026-08-22T05:15:00Z,0xsample002909,sample-prediction-market-9,YES,0.790,37362.50
2026-08-22T06:30:00Z,0xsample002910,sample-prediction-market-10,YES,0.800,37375.00
2026-08-22T07:45:00Z,0xsample002911,sample-prediction-market-11,YES,0.810,37387.50
2026-08-22T08:00:00Z,0xsample002912,sample-prediction-market-12,YES,0.820,37400.00
2026-08-22T09:15:00Z,0xsample002913,sample-prediction-market-13,YES,0.830,37412.50
2026-08-22T10:30:00Z,0xsample002914,sample-prediction-market-14,YES,0.840,37425.00
2026-08-22T11:45:00Z,0xsample002915,sample-prediction-market-15,YES,0.850,37437.50
2026-08-22T12:00:00Z,0xsample002916,sample-prediction-market-16,YES,0.860,37450.00
2026-08-22T13:15:00Z,0xsample002917,sample-prediction-market-17,YES,0.870,37462.50
2026-08-22T14:30:00Z,0xsample002918,sample-prediction-market-18,YES,0.880,37475.00
2026-08-22T15:45:00Z,0xsample002919,sample-prediction-market-19,YES,0.890,37487.50
2026-08-22T16:00:00Z,0xsample002920,sample-prediction-market-20,YES,0.500,37500.00
2026-08-22T17:15:00Z,0xsample002921,sample-prediction-market-21,YES,0.510,37512.50
2026-08-22T18:30:00Z,0xsample002922,sample-prediction-market-22,YES,0.520,37525.00
2026-08-22T19:45:00Z,0xsample002923,sample-prediction-market-23,YES,0.530,37537.50
2026-08-22T20:00:00Z,0xsample002924,sample-prediction-market-24,YES,0.540,37550.00
2026-08-22T21:15:00Z,0xsample002925,sample-prediction-market-25,YES,0.550,37562.50
2026-08-22T22:30:00Z,0xsample002926,sample-prediction-market-26,YES,0.560,37575.00
2026-08-22T23:45:00Z,0xsample002927,sample-prediction-market-27,YES,0.570,37587.50
2026-08-22T00:00:00Z,0xsample002928,sample-prediction-market-28,YES,0.580,37600.00
2026-08-22T01:15:00Z,0xsample002929,sample-prediction-market-29,YES,0.590,37612.50
2026-08-22T02:30:00Z,0xsample002930,sample-prediction-market-30,YES,0.600,37625.00
2026-08-22T03:45:00Z,0xsample002931,sample-prediction-market-31,YES,0.610,37637.50
2026-08-22T04:00:00Z,0xsample002932,sample-prediction-market-32,YES,0.620,37650.00
2026-08-22T05:15:00Z,0xsample002933,sample-prediction-market-33,YES,0.630,37662.50
2026-08-22T06:30:00Z,0xsample002934,sample-prediction-market-34,YES,0.640,37675.00
2026-08-22T07:45:00Z,0xsample002935,sample-prediction-market-35,YES,0.650,37687.50
2026-08-22T08:00:00Z,0xsample002936,sample-prediction-market-36,YES,0.660,37700.00
2026-08-22T09:15:00Z,0xsample002937,sample-prediction-market-37,YES,0.670,37712.50
2026-08-22T10:30:00Z,0xsample002938,sample-prediction-market-38,YES,0.680,37725.00
2026-08-22T11:45:00Z,0xsample002939,sample-prediction-market-39,YES,0.690,37737.50
2026-08-22T12:00:00Z,0xsample002940,sample-prediction-market-40,YES,0.700,37750.00
2026-08-22T13:15:00Z,0xsample002941,sample-prediction-market-41,YES,0.710,37762.50
2026-08-22T14:30:00Z,0xsample002942,sample-prediction-market-42,YES,0.720,37775.00
2026-08-22T15:45:00Z,0xsample002943,sample-prediction-market-43,YES,0.730,37787.50
2026-08-22T16:00:00Z,0xsample002944,sample-prediction-market-44,YES,0.740,37800.00
2026-08-22T17:15:00Z,0xsample002945,sample-prediction-market-45,YES,0.750,37812.50
2026-08-22T18:30:00Z,0xsample002946,sample-prediction-market-46,YES,0.760,37825.00
2026-08-22T19:45:00Z,0xsample002947,sample-prediction-market-47,YES,0.770,37837.50
2026-08-22T20:00:00Z,0xsample002948,sample-prediction-market-48,YES,0.780,37850.00
2026-08-22T21:15:00Z,0xsample002949,sample-prediction-market-49,YES,0.790,37862.50
2026-08-22T22:30:00Z,0xsample002950,sample-prediction-market-0,YES,0.800,37875.00
2026-08-22T23:45:00Z,0xsample002951,sample-prediction-market-1,YES,0.810,37887.50
2026-08-22T00:00:00Z,0xsample002952,sample-prediction-market-2,YES,0.820,37900.00
2026-08-22T01:15:00Z,0xsample002953,sample-prediction-market-3,YES,0.830,37912.50
2026-08-22T02:30:00Z,0xsample002954,sample-prediction-market-4,YES,0.840,37925.00
2026-08-22T03:45:00Z,0xsample002955,sample-prediction-market-5,YES,0.850,37937.50
2026-08-22T04:00:00Z,0xsample002956,sample-prediction-market-6,YES,0.860,37950.00
2026-08-22T05:15:00Z,0xsample002957,sample-prediction-market-7,YES,0.870,37962.50
2026-08-22T06:30:00Z,0xsample002958,sample-prediction-market-8,YES,0.880,37975.00
2026-08-22T07:45:00Z,0xsample002959,sample-prediction-market-9,YES,0.890,37987.50
2026-08-22T08:00:00Z,0xsample002960,sample-prediction-market-10,YES,0.500,38000.00
2026-08-22T09:15:00Z,0xsample002961,sample-prediction-market-11,YES,0.510,38012.50
2026-08-22T10:30:00Z,0xsample002962,sample-prediction-market-12,YES,0.520,38025.00
2026-08-22T11:45:00Z,0xsample002963,sample-prediction-market-13,YES,0.530,38037.50
2026-08-22T12:00:00Z,0xsample002964,sample-prediction-market-14,YES,0.540,38050.00
2026-08-22T13:15:00Z,0xsample002965,sample-prediction-market-15,YES,0.550,38062.50
2026-08-22T14:30:00Z,0xsample002966,sample-prediction-market-16,YES,0.560,38075.00
2026-08-22T15:45:00Z,0xsample002967,sample-prediction-market-17,YES,0.570,38087.50
2026-08-22T16:00:00Z,0xsample002968,sample-prediction-market-18,YES,0.580,38100.00
2026-08-22T17:15:00Z,0xsample002969,sample-prediction-market-19,YES,0.590,38112.50
2026-08-22T18:30:00Z,0xsample002970,sample-prediction-market-20,YES,0.600,38125.00
2026-08-22T19:45:00Z,0xsample002971,sample-prediction-market-21,YES,0.610,38137.50
2026-08-22T20:00:00Z,0xsample002972,sample-prediction-market-22,YES,0.620,38150.00
2026-08-22T21:15:00Z,0xsample002973,sample-prediction-market-23,YES,0.630,38162.50
2026-08-22T22:30:00Z,0xsample002974,sample-prediction-market-24,YES,0.640,38175.00
2026-08-22T23:45:00Z,0xsample002975,sample-prediction-market-25,YES,0.650,38187.50
2026-08-22T00:00:00Z,0xsample002976,sample-prediction-market-26,YES,0.660,38200.00
2026-08-22T01:15:00Z,0xsample002977,sample-prediction-market-27,YES,0.670,38212.50
2026-08-22T02:30:00Z,0xsample002978,sample-prediction-market-28,YES,0.680,38225.00
2026-08-22T03:45:00Z,0xsample002979,sample-prediction-market-29,YES,0.690,38237.50
2026-08-22T04:00:00Z,0xsample002980,sample-prediction-market-30,YES,0.700,38250.00
2026-08-22T05:15:00Z,0xsample002981,sample-prediction-market-31,YES,0.710,38262.50
2026-08-22T06:30:00Z,0xsample002982,sample-prediction-market-32,YES,0.720,38275.00
2026-08-22T07:45:00Z,0xsample002983,sample-prediction-market-33,YES,0.730,38287.50
2026-08-22T08:00:00Z,0xsample002984,sample-prediction-market-34,YES,0.740,38300.00
2026-08-22T09:15:00Z,0xsample002985,sample-prediction-market-35,YES,0.750,38312.50
2026-08-22T10:30:00Z,0xsample002986,sample-prediction-market-36,YES,0.760,38325.00
2026-08-22T11:45:00Z,0xsample002987,sample-prediction-market-37,YES,0.770,38337.50
2026-08-22T12:00:00Z,0xsample002988,sample-prediction-market-38,YES,0.780,38350.00
2026-08-22T13:15:00Z,0xsample002989,sample-prediction-market-39,YES,0.790,38362.50
2026-08-22T14:30:00Z,0xsample002990,sample-prediction-market-40,YES,0.800,38375.00
2026-08-22T15:45:00Z,0xsample002991,sample-prediction-market-41,YES,0.810,38387.50
2026-08-22T16:00:00Z,0xsample002992,sample-prediction-market-42,YES,0.820,38400.00
2026-08-22T17:15:00Z,0xsample002993,sample-prediction-market-43,YES,0.830,38412.50
2026-08-22T18:30:00Z,0xsample002994,sample-prediction-market-44,YES,0.840,38425.00
2026-08-22T19:45:00Z,0xsample002995,sample-prediction-market-45,YES,0.850,38437.50
2026-08-22T20:00:00Z,0xsample002996,sample-prediction-market-46,YES,0.860,38450.00
2026-08-22T21:15:00Z,0xsample002997,sample-prediction-market-47,YES,0.870,38462.50
2026-08-22T22:30:00Z,0xsample002998,sample-prediction-market-48,YES,0.880,38475.00
2026-08-22T23:45:00Z,0xsample002999,sample-prediction-market-49,YES,0.890,38487.50
2026-08-22T00:00:00Z,0xsample003000,sample-prediction-market-0,YES,0.500,38500.00
2026-08-22T01:15:00Z,0xsample003001,sample-prediction-market-1,YES,0.510,38512.50
2026-08-22T02:30:00Z,0xsample003002,sample-prediction-market-2,YES,0.520,38525.00
2026-08-22T03:45:00Z,0xsample003003,sample-prediction-market-3,YES,0.530,38537.50
2026-08-22T04:00:00Z,0xsample003004,sample-prediction-market-4,YES,0.540,38550.00
2026-08-22T05:15:00Z,0xsample003005,sample-prediction-market-5,YES,0.550,38562.50
2026-08-22T06:30:00Z,0xsample003006,sample-prediction-market-6,YES,0.560,38575.00
2026-08-22T07:45:00Z,0xsample003007,sample-prediction-market-7,YES,0.570,38587.50
2026-08-22T08:00:00Z,0xsample003008,sample-prediction-market-8,YES,0.580,38600.00
2026-08-22T09:15:00Z,0xsample003009,sample-prediction-market-9,YES,0.590,38612.50
2026-08-22T10:30:00Z,0xsample003010,sample-prediction-market-10,YES,0.600,38625.00
2026-08-22T11:45:00Z,0xsample003011,sample-prediction-market-11,YES,0.610,38637.50
2026-08-22T12:00:00Z,0xsample003012,sample-prediction-market-12,YES,0.620,38650.00
2026-08-22T13:15:00Z,0xsample003013,sample-prediction-market-13,YES,0.630,38662.50
2026-08-22T14:30:00Z,0xsample003014,sample-prediction-market-14,YES,0.640,38675.00
2026-08-22T15:45:00Z,0xsample003015,sample-prediction-market-15,YES,0.650,38687.50
2026-08-22T16:00:00Z,0xsample003016,sample-prediction-market-16,YES,0.660,38700.00
2026-08-22T17:15:00Z,0xsample003017,sample-prediction-market-17,YES,0.670,38712.50
2026-08-22T18:30:00Z,0xsample003018,sample-prediction-market-18,YES,0.680,38725.00
2026-08-22T19:45:00Z,0xsample003019,sample-prediction-market-19,YES,0.690,38737.50
2026-08-22T20:00:00Z,0xsample003020,sample-prediction-market-20,YES,0.700,38750.00
2026-08-22T21:15:00Z,0xsample003021,sample-prediction-market-21,YES,0.710,38762.50
2026-08-22T22:30:00Z,0xsample003022,sample-prediction-market-22,YES,0.720,38775.00
2026-08-22T23:45:00Z,0xsample003023,sample-prediction-market-23,YES,0.730,38787.50
2026-08-22T00:00:00Z,0xsample003024,sample-prediction-market-24,YES,0.740,38800.00
2026-08-22T01:15:00Z,0xsample003025,sample-prediction-market-25,YES,0.750,38812.50
2026-08-22T02:30:00Z,0xsample003026,sample-prediction-market-26,YES,0.760,38825.00
2026-08-22T03:45:00Z,0xsample003027,sample-prediction-market-27,YES,0.770,38837.50
2026-08-22T04:00:00Z,0xsample003028,sample-prediction-market-28,YES,0.780,38850.00
2026-08-22T05:15:00Z,0xsample003029,sample-prediction-market-29,YES,0.790,38862.50
2026-08-22T06:30:00Z,0xsample003030,sample-prediction-market-30,YES,0.800,38875.00
2026-08-22T07:45:00Z,0xsample003031,sample-prediction-market-31,YES,0.810,38887.50
2026-08-22T08:00:00Z,0xsample003032,sample-prediction-market-32,YES,0.820,38900.00
2026-08-22T09:15:00Z,0xsample003033,sample-prediction-market-33,YES,0.830,38912.50
2026-08-22T10:30:00Z,0xsample003034,sample-prediction-market-34,YES,0.840,38925.00
2026-08-22T11:45:00Z,0xsample003035,sample-prediction-market-35,YES,0.850,38937.50
2026-08-22T12:00:00Z,0xsample003036,sample-prediction-market-36,YES,0.860,38950.00
2026-08-22T13:15:00Z,0xsample003037,sample-prediction-market-37,YES,0.870,38962.50
2026-08-22T14:30:00Z,0xsample003038,sample-prediction-market-38,YES,0.880,38975.00
2026-08-22T15:45:00Z,0xsample003039,sample-prediction-market-39,YES,0.890,38987.50
2026-08-22T16:00:00Z,0xsample003040,sample-prediction-market-40,YES,0.500,39000.00
2026-08-22T17:15:00Z,0xsample003041,sample-prediction-market-41,YES,0.510,39012.50
2026-08-22T18:30:00Z,0xsample003042,sample-prediction-market-42,YES,0.520,39025.00
2026-08-22T19:45:00Z,0xsample003043,sample-prediction-market-43,YES,0.530,39037.50
2026-08-22T20:00:00Z,0xsample003044,sample-prediction-market-44,YES,0.540,39050.00
2026-08-22T21:15:00Z,0xsample003045,sample-prediction-market-45,YES,0.550,39062.50
2026-08-22T22:30:00Z,0xsample003046,sample-prediction-market-46,YES,0.560,39075.00
2026-08-22T23:45:00Z,0xsample003047,sample-prediction-market-47,YES,0.570,39087.50
2026-08-22T00:00:00Z,0xsample003048,sample-prediction-market-48,YES,0.580,39100.00
2026-08-22T01:15:00Z,0xsample003049,sample-prediction-market-49,YES,0.590,39112.50
2026-08-22T02:30:00Z,0xsample003050,sample-prediction-market-0,YES,0.600,39125.00
2026-08-22T03:45:00Z,0xsample003051,sample-prediction-market-1,YES,0.610,39137.50
2026-08-22T04:00:00Z,0xsample003052,sample-prediction-market-2,YES,0.620,39150.00
2026-08-22T05:15:00Z,0xsample003053,sample-prediction-market-3,YES,0.630,39162.50
2026-08-22T06:30:00Z,0xsample003054,sample-prediction-market-4,YES,0.640,39175.00
2026-08-22T07:45:00Z,0xsample003055,sample-prediction-market-5,YES,0.650,39187.50
2026-08-22T08:00:00Z,0xsample003056,sample-prediction-market-6,YES,0.660,39200.00
2026-08-22T09:15:00Z,0xsample003057,sample-prediction-market-7,YES,0.670,39212.50
2026-08-22T10:30:00Z,0xsample003058,sample-prediction-market-8,YES,0.680,39225.00
2026-08-22T11:45:00Z,0xsample003059,sample-prediction-market-9,YES,0.690,39237.50
2026-08-22T12:00:00Z,0xsample003060,sample-prediction-market-10,YES,0.700,39250.00
2026-08-22T13:15:00Z,0xsample003061,sample-prediction-market-11,YES,0.710,39262.50
2026-08-22T14:30:00Z,0xsample003062,sample-prediction-market-12,YES,0.720,39275.00
2026-08-22T15:45:00Z,0xsample003063,sample-prediction-market-13,YES,0.730,39287.50
2026-08-22T16:00:00Z,0xsample003064,sample-prediction-market-14,YES,0.740,39300.00
2026-08-22T17:15:00Z,0xsample003065,sample-prediction-market-15,YES,0.750,39312.50
2026-08-22T18:30:00Z,0xsample003066,sample-prediction-market-16,YES,0.760,39325.00
2026-08-22T19:45:00Z,0xsample003067,sample-prediction-market-17,YES,0.770,39337.50
2026-08-22T20:00:00Z,0xsample003068,sample-prediction-market-18,YES,0.780,39350.00
2026-08-22T21:15:00Z,0xsample003069,sample-prediction-market-19,YES,0.790,39362.50
2026-08-22T22:30:00Z,0xsample003070,sample-prediction-market-20,YES,0.800,39375.00
2026-08-22T23:45:00Z,0xsample003071,sample-prediction-market-21,YES,0.810,39387.50
2026-08-22T00:00:00Z,0xsample003072,sample-prediction-market-22,YES,0.820,39400.00
2026-08-22T01:15:00Z,0xsample003073,sample-prediction-market-23,YES,0.830,39412.50
2026-08-22T02:30:00Z,0xsample003074,sample-prediction-market-24,YES,0.840,39425.00
2026-08-22T03:45:00Z,0xsample003075,sample-prediction-market-25,YES,0.850,39437.50
2026-08-22T04:00:00Z,0xsample003076,sample-prediction-market-26,YES,0.860,39450.00
2026-08-22T05:15:00Z,0xsample003077,sample-prediction-market-27,YES,0.870,39462.50
2026-08-22T06:30:00Z,0xsample003078,sample-prediction-market-28,YES,0.880,39475.00
2026-08-22T07:45:00Z,0xsample003079,sample-prediction-market-29,YES,0.890,39487.50
2026-08-22T08:00:00Z,0xsample003080,sample-prediction-market-30,YES,0.500,39500.00
2026-08-22T09:15:00Z,0xsample003081,sample-prediction-market-31,YES,0.510,39512.50
2026-08-22T10:30:00Z,0xsample003082,sample-prediction-market-32,YES,0.520,39525.00
2026-08-22T11:45:00Z,0xsample003083,sample-prediction-market-33,YES,0.530,39537.50
2026-08-22T12:00:00Z,0xsample003084,sample-prediction-market-34,YES,0.540,39550.00
2026-08-22T13:15:00Z,0xsample003085,sample-prediction-market-35,YES,0.550,39562.50
2026-08-22T14:30:00Z,0xsample003086,sample-prediction-market-36,YES,0.560,39575.00
2026-08-22T15:45:00Z,0xsample003087,sample-prediction-market-37,YES,0.570,39587.50
2026-08-22T16:00:00Z,0xsample003088,sample-prediction-market-38,YES,0.580,39600.00
2026-08-22T17:15:00Z,0xsample003089,sample-prediction-market-39,YES,0.590,39612.50
2026-08-22T18:30:00Z,0xsample003090,sample-prediction-market-40,YES,0.600,39625.00
2026-08-22T19:45:00Z,0xsample003091,sample-prediction-market-41,YES,0.610,39637.50
2026-08-22T20:00:00Z,0xsample003092,sample-prediction-market-42,YES,0.620,39650.00
2026-08-22T21:15:00Z,0xsample003093,sample-prediction-market-43,YES,0.630,39662.50
2026-08-22T22:30:00Z,0xsample003094,sample-prediction-market-44,YES,0.640,39675.00
2026-08-22T23:45:00Z,0xsample003095,sample-prediction-market-45,YES,0.650,39687.50
2026-08-22T00:00:00Z,0xsample003096,sample-prediction-market-46,YES,0.660,39700.00
2026-08-22T01:15:00Z,0xsample003097,sample-prediction-market-47,YES,0.670,39712.50
2026-08-22T02:30:00Z,0xsample003098,sample-prediction-market-48,YES,0.680,39725.00
2026-08-22T03:45:00Z,0xsample003099,sample-prediction-market-49,YES,0.690,39737.50
2026-08-22T04:00:00Z,0xsample003100,sample-prediction-market-0,YES,0.700,39750.00
2026-08-22T05:15:00Z,0xsample003101,sample-prediction-market-1,YES,0.710,39762.50
2026-08-22T06:30:00Z,0xsample003102,sample-prediction-market-2,YES,0.720,39775.00
2026-08-22T07:45:00Z,0xsample003103,sample-prediction-market-3,YES,0.730,39787.50
2026-08-22T08:00:00Z,0xsample003104,sample-prediction-market-4,YES,0.740,39800.00
2026-08-22T09:15:00Z,0xsample003105,sample-prediction-market-5,YES,0.750,39812.50
2026-08-22T10:30:00Z,0xsample003106,sample-prediction-market-6,YES,0.760,39825.00
2026-08-22T11:45:00Z,0xsample003107,sample-prediction-market-7,YES,0.770,39837.50
2026-08-22T12:00:00Z,0xsample003108,sample-prediction-market-8,YES,0.780,39850.00
2026-08-22T13:15:00Z,0xsample003109,sample-prediction-market-9,YES,0.790,39862.50
2026-08-22T14:30:00Z,0xsample003110,sample-prediction-market-10,YES,0.800,39875.00
2026-08-22T15:45:00Z,0xsample003111,sample-prediction-market-11,YES,0.810,39887.50
2026-08-22T16:00:00Z,0xsample003112,sample-prediction-market-12,YES,0.820,39900.00
2026-08-22T17:15:00Z,0xsample003113,sample-prediction-market-13,YES,0.830,39912.50
2026-08-22T18:30:00Z,0xsample003114,sample-prediction-market-14,YES,0.840,39925.00
2026-08-22T19:45:00Z,0xsample003115,sample-prediction-market-15,YES,0.850,39937.50
2026-08-22T20:00:00Z,0xsample003116,sample-prediction-market-16,YES,0.860,39950.00
2026-08-22T21:15:00Z,0xsample003117,sample-prediction-market-17,YES,0.870,39962.50
2026-08-22T22:30:00Z,0xsample003118,sample-prediction-market-18,YES,0.880,39975.00
2026-08-22T23:45:00Z,0xsample003119,sample-prediction-market-19,YES,0.890,39987.50
2026-08-22T00:00:00Z,0xsample003120,sample-prediction-market-20,YES,0.500,40000.00
2026-08-22T01:15:00Z,0xsample003121,sample-prediction-market-21,YES,0.510,40012.50
2026-08-22T02:30:00Z,0xsample003122,sample-prediction-market-22,YES,0.520,40025.00
2026-08-22T03:45:00Z,0xsample003123,sample-prediction-market-23,YES,0.530,40037.50
2026-08-22T04:00:00Z,0xsample003124,sample-prediction-market-24,YES,0.540,40050.00
2026-08-22T05:15:00Z,0xsample003125,sample-prediction-market-25,YES,0.550,40062.50
2026-08-22T06:30:00Z,0xsample003126,sample-prediction-market-26,YES,0.560,40075.00
2026-08-22T07:45:00Z,0xsample003127,sample-prediction-market-27,YES,0.570,40087.50
2026-08-22T08:00:00Z,0xsample003128,sample-prediction-market-28,YES,0.580,40100.00
2026-08-22T09:15:00Z,0xsample003129,sample-prediction-market-29,YES,0.590,40112.50
2026-08-22T10:30:00Z,0xsample003130,sample-prediction-market-30,YES,0.600,40125.00
2026-08-22T11:45:00Z,0xsample003131,sample-prediction-market-31,YES,0.610,40137.50
2026-08-22T12:00:00Z,0xsample003132,sample-prediction-market-32,YES,0.620,40150.00
2026-08-22T13:15:00Z,0xsample003133,sample-prediction-market-33,YES,0.630,40162.50
2026-08-22T14:30:00Z,0xsample003134,sample-prediction-market-34,YES,0.640,40175.00
2026-08-22T15:45:00Z,0xsample003135,sample-prediction-market-35,YES,0.650,40187.50
2026-08-22T16:00:00Z,0xsample003136,sample-prediction-market-36,YES,0.660,40200.00
2026-08-22T17:15:00Z,0xsample003137,sample-prediction-market-37,YES,0.670,40212.50
2026-08-22T18:30:00Z,0xsample003138,sample-prediction-market-38,YES,0.680,40225.00
2026-08-22T19:45:00Z,0xsample003139,sample-prediction-market-39,YES,0.690,40237.50
2026-08-22T20:00:00Z,0xsample003140,sample-prediction-market-40,YES,0.700,40250.00
2026-08-22T21:15:00Z,0xsample003141,sample-prediction-market-41,YES,0.710,40262.50
2026-08-22T22:30:00Z,0xsample003142,sample-prediction-market-42,YES,0.720,40275.00
2026-08-22T23:45:00Z,0xsample003143,sample-prediction-market-43,YES,0.730,40287.50
2026-08-22T00:00:00Z,0xsample003144,sample-prediction-market-44,YES,0.740,40300.00
2026-08-22T01:15:00Z,0xsample003145,sample-prediction-market-45,YES,0.750,40312.50
2026-08-22T02:30:00Z,0xsample003146,sample-prediction-market-46,YES,0.760,40325.00
2026-08-22T03:45:00Z,0xsample003147,sample-prediction-market-47,YES,0.770,40337.50
2026-08-22T04:00:00Z,0xsample003148,sample-prediction-market-48,YES,0.780,40350.00
2026-08-22T05:15:00Z,0xsample003149,sample-prediction-market-49,YES,0.790,40362.50
2026-08-22T06:30:00Z,0xsample003150,sample-prediction-market-0,YES,0.800,40375.00
2026-08-22T07:45:00Z,0xsample003151,sample-prediction-market-1,YES,0.810,40387.50
2026-08-22T08:00:00Z,0xsample003152,sample-prediction-market-2,YES,0.820,40400.00
2026-08-22T09:15:00Z,0xsample003153,sample-prediction-market-3,YES,0.830,40412.50
2026-08-22T10:30:00Z,0xsample003154,sample-prediction-market-4,YES,0.840,40425.00
2026-08-22T11:45:00Z,0xsample003155,sample-prediction-market-5,YES,0.850,40437.50
2026-08-22T12:00:00Z,0xsample003156,sample-prediction-market-6,YES,0.860,40450.00
2026-08-22T13:15:00Z,0xsample003157,sample-prediction-market-7,YES,0.870,40462.50
2026-08-22T14:30:00Z,0xsample003158,sample-prediction-market-8,YES,0.880,40475.00
2026-08-22T15:45:00Z,0xsample003159,sample-prediction-market-9,YES,0.890,40487.50
2026-08-22T16:00:00Z,0xsample003160,sample-prediction-market-10,YES,0.500,40500.00
2026-08-22T17:15:00Z,0xsample003161,sample-prediction-market-11,YES,0.510,40512.50
2026-08-22T18:30:00Z,0xsample003162,sample-prediction-market-12,YES,0.520,40525.00
2026-08-22T19:45:00Z,0xsample003163,sample-prediction-market-13,YES,0.530,40537.50
2026-08-22T20:00:00Z,0xsample003164,sample-prediction-market-14,YES,0.540,40550.00
2026-08-22T21:15:00Z,0xsample003165,sample-prediction-market-15,YES,0.550,40562.50
2026-08-22T22:30:00Z,0xsample003166,sample-prediction-market-16,YES,0.560,40575.00
2026-08-22T23:45:00Z,0xsample003167,sample-prediction-market-17,YES,0.570,40587.50
2026-08-22T00:00:00Z,0xsample003168,sample-prediction-market-18,YES,0.580,40600.00
2026-08-22T01:15:00Z,0xsample003169,sample-prediction-market-19,YES,0.590,40612.50
2026-08-22T02:30:00Z,0xsample003170,sample-prediction-market-20,YES,0.600,40625.00
2026-08-22T03:45:00Z,0xsample003171,sample-prediction-market-21,YES,0.610,40637.50
2026-08-22T04:00:00Z,0xsample003172,sample-prediction-market-22,YES,0.620,40650.00
2026-08-22T05:15:00Z,0xsample003173,sample-prediction-market-23,YES,0.630,40662.50
2026-08-22T06:30:00Z,0xsample003174,sample-prediction-market-24,YES,0.640,40675.00
2026-08-22T07:45:00Z,0xsample003175,sample-prediction-market-25,YES,0.650,40687.50
2026-08-22T08:00:00Z,0xsample003176,sample-prediction-market-26,YES,0.660,40700.00
2026-08-22T09:15:00Z,0xsample003177,sample-prediction-market-27,YES,0.670,40712.50
2026-08-22T10:30:00Z,0xsample003178,sample-prediction-market-28,YES,0.680,40725.00
2026-08-22T11:45:00Z,0xsample003179,sample-prediction-market-29,YES,0.690,40737.50
2026-08-22T12:00:00Z,0xsample003180,sample-prediction-market-30,YES,0.700,40750.00
2026-08-22T13:15:00Z,0xsample003181,sample-prediction-market-31,YES,0.710,40762.50
2026-08-22T14:30:00Z,0xsample003182,sample-prediction-market-32,YES,0.720,40775.00
2026-08-22T15:45:00Z,0xsample003183,sample-prediction-market-33,YES,0.730,40787.50
2026-08-22T16:00:00Z,0xsample003184,sample-prediction-market-34,YES,0.740,40800.00
2026-08-22T17:15:00Z,0xsample003185,sample-prediction-market-35,YES,0.750,40812.50
2026-08-22T18:30:00Z,0xsample003186,sample-prediction-market-36,YES,0.760,40825.00
2026-08-22T19:45:00Z,0xsample003187,sample-prediction-market-37,YES,0.770,40837.50
2026-08-22T20:00:00Z,0xsample003188,sample-prediction-market-38,YES,0.780,40850.00
2026-08-22T21:15:00Z,0xsample003189,sample-prediction-market-39,YES,0.790,40862.50
2026-08-22T22:30:00Z,0xsample003190,sample-prediction-market-40,YES,0.800,40875.00
2026-08-22T23:45:00Z,0xsample003191,sample-prediction-market-41,YES,0.810,40887.50
2026-08-22T00:00:00Z,0xsample003192,sample-prediction-market-42,YES,0.820,40900.00
2026-08-22T01:15:00Z,0xsample003193,sample-prediction-market-43,YES,0.830,40912.50
2026-08-22T02:30:00Z,0xsample003194,sample-prediction-market-44,YES,0.840,40925.00
2026-08-22T03:45:00Z,0xsample003195,sample-prediction-market-45,YES,0.850,40937.50
2026-08-22T04:00:00Z,0xsample003196,sample-prediction-market-46,YES,0.860,40950.00
2026-08-22T05:15:00Z,0xsample003197,sample-prediction-market-47,YES,0.870,40962.50
2026-08-22T06:30:00Z,0xsample003198,sample-prediction-market-48,YES,0.880,40975.00
2026-08-22T07:45:00Z,0xsample003199,sample-prediction-market-49,YES,0.890,40987.50
2026-08-22T08:00:00Z,0xsample003200,sample-prediction-market-0,YES,0.500,41000.00
2026-08-22T09:15:00Z,0xsample003201,sample-prediction-market-1,YES,0.510,41012.50
2026-08-22T10:30:00Z,0xsample003202,sample-prediction-market-2,YES,0.520,41025.00
2026-08-22T11:45:00Z,0xsample003203,sample-prediction-market-3,YES,0.530,41037.50
2026-08-22T12:00:00Z,0xsample003204,sample-prediction-market-4,YES,0.540,41050.00
2026-08-22T13:15:00Z,0xsample003205,sample-prediction-market-5,YES,0.550,41062.50
2026-08-22T14:30:00Z,0xsample003206,sample-prediction-market-6,YES,0.560,41075.00
2026-08-22T15:45:00Z,0xsample003207,sample-prediction-market-7,YES,0.570,41087.50
2026-08-22T16:00:00Z,0xsample003208,sample-prediction-market-8,YES,0.580,41100.00
2026-08-22T17:15:00Z,0xsample003209,sample-prediction-market-9,YES,0.590,41112.50
2026-08-22T18:30:00Z,0xsample003210,sample-prediction-market-10,YES,0.600,41125.00
2026-08-22T19:45:00Z,0xsample003211,sample-prediction-market-11,YES,0.610,41137.50
2026-08-22T20:00:00Z,0xsample003212,sample-prediction-market-12,YES,0.620,41150.00
2026-08-22T21:15:00Z,0xsample003213,sample-prediction-market-13,YES,0.630,41162.50
2026-08-22T22:30:00Z,0xsample003214,sample-prediction-market-14,YES,0.640,41175.00
2026-08-22T23:45:00Z,0xsample003215,sample-prediction-market-15,YES,0.650,41187.50
2026-08-22T00:00:00Z,0xsample003216,sample-prediction-market-16,YES,0.660,41200.00
2026-08-22T01:15:00Z,0xsample003217,sample-prediction-market-17,YES,0.670,41212.50
2026-08-22T02:30:00Z,0xsample003218,sample-prediction-market-18,YES,0.680,41225.00
2026-08-22T03:45:00Z,0xsample003219,sample-prediction-market-19,YES,0.690,41237.50
2026-08-22T04:00:00Z,0xsample003220,sample-prediction-market-20,YES,0.700,41250.00
2026-08-22T05:15:00Z,0xsample003221,sample-prediction-market-21,YES,0.710,41262.50
2026-08-22T06:30:00Z,0xsample003222,sample-prediction-market-22,YES,0.720,41275.00
2026-08-22T07:45:00Z,0xsample003223,sample-prediction-market-23,YES,0.730,41287.50
2026-08-22T08:00:00Z,0xsample003224,sample-prediction-market-24,YES,0.740,41300.00
2026-08-22T09:15:00Z,0xsample003225,sample-prediction-market-25,YES,0.750,41312.50
2026-08-22T10:30:00Z,0xsample003226,sample-prediction-market-26,YES,0.760,41325.00
2026-08-22T11:45:00Z,0xsample003227,sample-prediction-market-27,YES,0.770,41337.50
2026-08-22T12:00:00Z,0xsample003228,sample-prediction-market-28,YES,0.780,41350.00
2026-08-22T13:15:00Z,0xsample003229,sample-prediction-market-29,YES,0.790,41362.50
2026-08-22T14:30:00Z,0xsample003230,sample-prediction-market-30,YES,0.800,41375.00
2026-08-22T15:45:00Z,0xsample003231,sample-prediction-market-31,YES,0.810,41387.50
2026-08-22T16:00:00Z,0xsample003232,sample-prediction-market-32,YES,0.820,41400.00
2026-08-22T17:15:00Z,0xsample003233,sample-prediction-market-33,YES,0.830,41412.50
2026-08-22T18:30:00Z,0xsample003234,sample-prediction-market-34,YES,0.840,41425.00
2026-08-22T19:45:00Z,0xsample003235,sample-prediction-market-35,YES,0.850,41437.50
2026-08-22T20:00:00Z,0xsample003236,sample-prediction-market-36,YES,0.860,41450.00
2026-08-22T21:15:00Z,0xsample003237,sample-prediction-market-37,YES,0.870,41462.50
2026-08-22T22:30:00Z,0xsample003238,sample-prediction-market-38,YES,0.880,41475.00
2026-08-22T23:45:00Z,0xsample003239,sample-prediction-market-39,YES,0.890,41487.50
2026-08-22T00:00:00Z,0xsample003240,sample-prediction-market-40,YES,0.500,41500.00
2026-08-22T01:15:00Z,0xsample003241,sample-prediction-market-41,YES,0.510,41512.50
2026-08-22T02:30:00Z,0xsample003242,sample-prediction-market-42,YES,0.520,41525.00
2026-08-22T03:45:00Z,0xsample003243,sample-prediction-market-43,YES,0.530,41537.50
2026-08-22T04:00:00Z,0xsample003244,sample-prediction-market-44,YES,0.540,41550.00
2026-08-22T05:15:00Z,0xsample003245,sample-prediction-market-45,YES,0.550,41562.50
2026-08-22T06:30:00Z,0xsample003246,sample-prediction-market-46,YES,0.560,41575.00
2026-08-22T07:45:00Z,0xsample003247,sample-prediction-market-47,YES,0.570,41587.50
2026-08-22T08:00:00Z,0xsample003248,sample-prediction-market-48,YES,0.580,41600.00
2026-08-22T09:15:00Z,0xsample003249,sample-prediction-market-49,YES,0.590,41612.50
2026-08-22T10:30:00Z,0xsample003250,sample-prediction-market-0,YES,0.600,41625.00
2026-08-22T11:45:00Z,0xsample003251,sample-prediction-market-1,YES,0.610,41637.50
2026-08-22T12:00:00Z,0xsample003252,sample-prediction-market-2,YES,0.620,41650.00
2026-08-22T13:15:00Z,0xsample003253,sample-prediction-market-3,YES,0.630,41662.50
2026-08-22T14:30:00Z,0xsample003254,sample-prediction-market-4,YES,0.640,41675.00
2026-08-22T15:45:00Z,0xsample003255,sample-prediction-market-5,YES,0.650,41687.50
2026-08-22T16:00:00Z,0xsample003256,sample-prediction-market-6,YES,0.660,41700.00
2026-08-22T17:15:00Z,0xsample003257,sample-prediction-market-7,YES,0.670,41712.50
2026-08-22T18:30:00Z,0xsample003258,sample-prediction-market-8,YES,0.680,41725.00
2026-08-22T19:45:00Z,0xsample003259,sample-prediction-market-9,YES,0.690,41737.50
2026-08-22T20:00:00Z,0xsample003260,sample-prediction-market-10,YES,0.700,41750.00
2026-08-22T21:15:00Z,0xsample003261,sample-prediction-market-11,YES,0.710,41762.50
2026-08-22T22:30:00Z,0xsample003262,sample-prediction-market-12,YES,0.720,41775.00
2026-08-22T23:45:00Z,0xsample003263,sample-prediction-market-13,YES,0.730,41787.50
2026-08-22T00:00:00Z,0xsample003264,sample-prediction-market-14,YES,0.740,41800.00
2026-08-22T01:15:00Z,0xsample003265,sample-prediction-market-15,YES,0.750,41812.50
2026-08-22T02:30:00Z,0xsample003266,sample-prediction-market-16,YES,0.760,41825.00
2026-08-22T03:45:00Z,0xsample003267,sample-prediction-market-17,YES,0.770,41837.50
2026-08-22T04:00:00Z,0xsample003268,sample-prediction-market-18,YES,0.780,41850.00
2026-08-22T05:15:00Z,0xsample003269,sample-prediction-market-19,YES,0.790,41862.50
2026-08-22T06:30:00Z,0xsample003270,sample-prediction-market-20,YES,0.800,41875.00
2026-08-22T07:45:00Z,0xsample003271,sample-prediction-market-21,YES,0.810,41887.50
2026-08-22T08:00:00Z,0xsample003272,sample-prediction-market-22,YES,0.820,41900.00
2026-08-22T09:15:00Z,0xsample003273,sample-prediction-market-23,YES,0.830,41912.50
2026-08-22T10:30:00Z,0xsample003274,sample-prediction-market-24,YES,0.840,41925.00
2026-08-22T11:45:00Z,0xsample003275,sample-prediction-market-25,YES,0.850,41937.50
2026-08-22T12:00:00Z,0xsample003276,sample-prediction-market-26,YES,0.860,41950.00
2026-08-22T13:15:00Z,0xsample003277,sample-prediction-market-27,YES,0.870,41962.50
2026-08-22T14:30:00Z,0xsample003278,sample-prediction-market-28,YES,0.880,41975.00
2026-08-22T15:45:00Z,0xsample003279,sample-prediction-market-29,YES,0.890,41987.50
2026-08-22T16:00:00Z,0xsample003280,sample-prediction-market-30,YES,0.500,42000.00
2026-08-22T17:15:00Z,0xsample003281,sample-prediction-market-31,YES,0.510,42012.50
2026-08-22T18:30:00Z,0xsample003282,sample-prediction-market-32,YES,0.520,42025.00
2026-08-22T19:45:00Z,0xsample003283,sample-prediction-market-33,YES,0.530,42037.50
2026-08-22T20:00:00Z,0xsample003284,sample-prediction-market-34,YES,0.540,42050.00
2026-08-22T21:15:00Z,0xsample003285,sample-prediction-market-35,YES,0.550,42062.50
2026-08-22T22:30:00Z,0xsample003286,sample-prediction-market-36,YES,0.560,42075.00
2026-08-22T23:45:00Z,0xsample003287,sample-prediction-market-37,YES,0.570,42087.50
2026-08-22T00:00:00Z,0xsample003288,sample-prediction-market-38,YES,0.580,42100.00
2026-08-22T01:15:00Z,0xsample003289,sample-prediction-market-39,YES,0.590,42112.50
2026-08-22T02:30:00Z,0xsample003290,sample-prediction-market-40,YES,0.600,42125.00
2026-08-22T03:45:00Z,0xsample003291,sample-prediction-market-41,YES,0.610,42137.50
2026-08-22T04:00:00Z,0xsample003292,sample-prediction-market-42,YES,0.620,42150.00
2026-08-22T05:15:00Z,0xsample003293,sample-prediction-market-43,YES,0.630,42162.50
2026-08-22T06:30:00Z,0xsample003294,sample-prediction-market-44,YES,0.640,42175.00
2026-08-22T07:45:00Z,0xsample003295,sample-prediction-market-45,YES,0.650,42187.50
2026-08-22T08:00:00Z,0xsample003296,sample-prediction-market-46,YES,0.660,42200.00
2026-08-22T09:15:00Z,0xsample003297,sample-prediction-market-47,YES,0.670,42212.50
2026-08-22T10:30:00Z,0xsample003298,sample-prediction-market-48,YES,0.680,42225.00
2026-08-22T11:45:00Z,0xsample003299,sample-prediction-market-49,YES,0.690,42237.50
2026-08-22T12:00:00Z,0xsample003300,sample-prediction-market-0,YES,0.700,42250.00
2026-08-22T13:15:00Z,0xsample003301,sample-prediction-market-1,YES,0.710,42262.50
2026-08-22T14:30:00Z,0xsample003302,sample-prediction-market-2,YES,0.720,42275.00
2026-08-22T15:45:00Z,0xsample003303,sample-prediction-market-3,YES,0.730,42287.50
2026-08-22T16:00:00Z,0xsample003304,sample-prediction-market-4,YES,0.740,42300.00
2026-08-22T17:15:00Z,0xsample003305,sample-prediction-market-5,YES,0.750,42312.50
2026-08-22T18:30:00Z,0xsample003306,sample-prediction-market-6,YES,0.760,42325.00
2026-08-22T19:45:00Z,0xsample003307,sample-prediction-market-7,YES,0.770,42337.50
2026-08-22T20:00:00Z,0xsample003308,sample-prediction-market-8,YES,0.780,42350.00
2026-08-22T21:15:00Z,0xsample003309,sample-prediction-market-9,YES,0.790,42362.50
2026-08-22T22:30:00Z,0xsample003310,sample-prediction-market-10,YES,0.800,42375.00
2026-08-22T23:45:00Z,0xsample003311,sample-prediction-market-11,YES,0.810,42387.50
2026-08-22T00:00:00Z,0xsample003312,sample-prediction-market-12,YES,0.820,42400.00
2026-08-22T01:15:00Z,0xsample003313,sample-prediction-market-13,YES,0.830,42412.50
2026-08-22T02:30:00Z,0xsample003314,sample-prediction-market-14,YES,0.840,42425.00
2026-08-22T03:45:00Z,0xsample003315,sample-prediction-market-15,YES,0.850,42437.50
2026-08-22T04:00:00Z,0xsample003316,sample-prediction-market-16,YES,0.860,42450.00
2026-08-22T05:15:00Z,0xsample003317,sample-prediction-market-17,YES,0.870,42462.50
2026-08-22T06:30:00Z,0xsample003318,sample-prediction-market-18,YES,0.880,42475.00
2026-08-22T07:45:00Z,0xsample003319,sample-prediction-market-19,YES,0.890,42487.50
2026-08-22T08:00:00Z,0xsample003320,sample-prediction-market-20,YES,0.500,42500.00
2026-08-22T09:15:00Z,0xsample003321,sample-prediction-market-21,YES,0.510,42512.50
2026-08-22T10:30:00Z,0xsample003322,sample-prediction-market-22,YES,0.520,42525.00
2026-08-22T11:45:00Z,0xsample003323,sample-prediction-market-23,YES,0.530,42537.50
2026-08-22T12:00:00Z,0xsample003324,sample-prediction-market-24,YES,0.540,42550.00
2026-08-22T13:15:00Z,0xsample003325,sample-prediction-market-25,YES,0.550,42562.50
2026-08-22T14:30:00Z,0xsample003326,sample-prediction-market-26,YES,0.560,42575.00
2026-08-22T15:45:00Z,0xsample003327,sample-prediction-market-27,YES,0.570,42587.50
2026-08-22T16:00:00Z,0xsample003328,sample-prediction-market-28,YES,0.580,42600.00
2026-08-22T17:15:00Z,0xsample003329,sample-prediction-market-29,YES,0.590,42612.50
2026-08-22T18:30:00Z,0xsample003330,sample-prediction-market-30,YES,0.600,42625.00
2026-08-22T19:45:00Z,0xsample003331,sample-prediction-market-31,YES,0.610,42637.50
2026-08-22T20:00:00Z,0xsample003332,sample-prediction-market-32,YES,0.620,42650.00
2026-08-22T21:15:00Z,0xsample003333,sample-prediction-market-33,YES,0.630,42662.50
2026-08-22T22:30:00Z,0xsample003334,sample-prediction-market-34,YES,0.640,42675.00
2026-08-22T23:45:00Z,0xsample003335,sample-prediction-market-35,YES,0.650,42687.50
2026-08-22T00:00:00Z,0xsample003336,sample-prediction-market-36,YES,0.660,42700.00
2026-08-22T01:15:00Z,0xsample003337,sample-prediction-market-37,YES,0.670,42712.50
2026-08-22T02:30:00Z,0xsample003338,sample-prediction-market-38,YES,0.680,42725.00
2026-08-22T03:45:00Z,0xsample003339,sample-prediction-market-39,YES,0.690,42737.50
2026-08-22T04:00:00Z,0xsample003340,sample-prediction-market-40,YES,0.700,42750.00
2026-08-22T05:15:00Z,0xsample003341,sample-prediction-market-41,YES,0.710,42762.50
2026-08-22T06:30:00Z,0xsample003342,sample-prediction-market-42,YES,0.720,42775.00
2026-08-22T07:45:00Z,0xsample003343,sample-prediction-market-43,YES,0.730,42787.50
2026-08-22T08:00:00Z,0xsample003344,sample-prediction-market-44,YES,0.740,42800.00
2026-08-22T09:15:00Z,0xsample003345,sample-prediction-market-45,YES,0.750,42812.50
2026-08-22T10:30:00Z,0xsample003346,sample-prediction-market-46,YES,0.760,42825.00
2026-08-22T11:45:00Z,0xsample003347,sample-prediction-market-47,YES,0.770,42837.50
2026-08-22T12:00:00Z,0xsample003348,sample-prediction-market-48,YES,0.780,42850.00
2026-08-22T13:15:00Z,0xsample003349,sample-prediction-market-49,YES,0.790,42862.50
2026-08-22T14:30:00Z,0xsample003350,sample-prediction-market-0,YES,0.800,42875.00
2026-08-22T15:45:00Z,0xsample003351,sample-prediction-market-1,YES,0.810,42887.50
2026-08-22T16:00:00Z,0xsample003352,sample-prediction-market-2,YES,0.820,42900.00
2026-08-22T17:15:00Z,0xsample003353,sample-prediction-market-3,YES,0.830,42912.50
2026-08-22T18:30:00Z,0xsample003354,sample-prediction-market-4,YES,0.840,42925.00
2026-08-22T19:45:00Z,0xsample003355,sample-prediction-market-5,YES,0.850,42937.50
2026-08-22T20:00:00Z,0xsample003356,sample-prediction-market-6,YES,0.860,42950.00
2026-08-22T21:15:00Z,0xsample003357,sample-prediction-market-7,YES,0.870,42962.50
2026-08-22T22:30:00Z,0xsample003358,sample-prediction-market-8,YES,0.880,42975.00
2026-08-22T23:45:00Z,0xsample003359,sample-prediction-market-9,YES,0.890,42987.50
2026-08-22T00:00:00Z,0xsample003360,sample-prediction-market-10,YES,0.500,43000.00
2026-08-22T01:15:00Z,0xsample003361,sample-prediction-market-11,YES,0.510,43012.50
2026-08-22T02:30:00Z,0xsample003362,sample-prediction-market-12,YES,0.520,43025.00
2026-08-22T03:45:00Z,0xsample003363,sample-prediction-market-13,YES,0.530,43037.50
2026-08-22T04:00:00Z,0xsample003364,sample-prediction-market-14,YES,0.540,43050.00
2026-08-22T05:15:00Z,0xsample003365,sample-prediction-market-15,YES,0.550,43062.50
2026-08-22T06:30:00Z,0xsample003366,sample-prediction-market-16,YES,0.560,43075.00
2026-08-22T07:45:00Z,0xsample003367,sample-prediction-market-17,YES,0.570,43087.50
2026-08-22T08:00:00Z,0xsample003368,sample-prediction-market-18,YES,0.580,43100.00
2026-08-22T09:15:00Z,0xsample003369,sample-prediction-market-19,YES,0.590,43112.50
2026-08-22T10:30:00Z,0xsample003370,sample-prediction-market-20,YES,0.600,43125.00
2026-08-22T11:45:00Z,0xsample003371,sample-prediction-market-21,YES,0.610,43137.50
2026-08-22T12:00:00Z,0xsample003372,sample-prediction-market-22,YES,0.620,43150.00
2026-08-22T13:15:00Z,0xsample003373,sample-prediction-market-23,YES,0.630,43162.50
2026-08-22T14:30:00Z,0xsample003374,sample-prediction-market-24,YES,0.640,43175.00
2026-08-22T15:45:00Z,0xsample003375,sample-prediction-market-25,YES,0.650,43187.50
2026-08-22T16:00:00Z,0xsample003376,sample-prediction-market-26,YES,0.660,43200.00
2026-08-22T17:15:00Z,0xsample003377,sample-prediction-market-27,YES,0.670,43212.50
2026-08-22T18:30:00Z,0xsample003378,sample-prediction-market-28,YES,0.680,43225.00
2026-08-22T19:45:00Z,0xsample003379,sample-prediction-market-29,YES,0.690,43237.50
2026-08-22T20:00:00Z,0xsample003380,sample-prediction-market-30,YES,0.700,43250.00
2026-08-22T21:15:00Z,0xsample003381,sample-prediction-market-31,YES,0.710,43262.50
2026-08-22T22:30:00Z,0xsample003382,sample-prediction-market-32,YES,0.720,43275.00
2026-08-22T23:45:00Z,0xsample003383,sample-prediction-market-33,YES,0.730,43287.50
2026-08-22T00:00:00Z,0xsample003384,sample-prediction-market-34,YES,0.740,43300.00
2026-08-22T01:15:00Z,0xsample003385,sample-prediction-market-35,YES,0.750,43312.50
2026-08-22T02:30:00Z,0xsample003386,sample-prediction-market-36,YES,0.760,43325.00
2026-08-22T03:45:00Z,0xsample003387,sample-prediction-market-37,YES,0.770,43337.50
2026-08-22T04:00:00Z,0xsample003388,sample-prediction-market-38,YES,0.780,43350.00
2026-08-22T05:15:00Z,0xsample003389,sample-prediction-market-39,YES,0.790,43362.50
2026-08-22T06:30:00Z,0xsample003390,sample-prediction-market-40,YES,0.800,43375.00
2026-08-22T07:45:00Z,0xsample003391,sample-prediction-market-41,YES,0.810,43387.50
2026-08-22T08:00:00Z,0xsample003392,sample-prediction-market-42,YES,0.820,43400.00
2026-08-22T09:15:00Z,0xsample003393,sample-prediction-market-43,YES,0.830,43412.50
2026-08-22T10:30:00Z,0xsample003394,sample-prediction-market-44,YES,0.840,43425.00
2026-08-22T11:45:00Z,0xsample003395,sample-prediction-market-45,YES,0.850,43437.50
2026-08-22T12:00:00Z,0xsample003396,sample-prediction-market-46,YES,0.860,43450.00
2026-08-22T13:15:00Z,0xsample003397,sample-prediction-market-47,YES,0.870,43462.50
2026-08-22T14:30:00Z,0xsample003398,sample-prediction-market-48,YES,0.880,43475.00
2026-08-22T15:45:00Z,0xsample003399,sample-prediction-market-49,YES,0.890,43487.50
2026-08-22T16:00:00Z,0xsample003400,sample-prediction-market-0,YES,0.500,43500.00
2026-08-22T17:15:00Z,0xsample003401,sample-prediction-market-1,YES,0.510,43512.50
2026-08-22T18:30:00Z,0xsample003402,sample-prediction-market-2,YES,0.520,43525.00
2026-08-22T19:45:00Z,0xsample003403,sample-prediction-market-3,YES,0.530,43537.50
2026-08-22T20:00:00Z,0xsample003404,sample-prediction-market-4,YES,0.540,43550.00
2026-08-22T21:15:00Z,0xsample003405,sample-prediction-market-5,YES,0.550,43562.50
2026-08-22T22:30:00Z,0xsample003406,sample-prediction-market-6,YES,0.560,43575.00
2026-08-22T23:45:00Z,0xsample003407,sample-prediction-market-7,YES,0.570,43587.50
2026-08-22T00:00:00Z,0xsample003408,sample-prediction-market-8,YES,0.580,43600.00
2026-08-22T01:15:00Z,0xsample003409,sample-prediction-market-9,YES,0.590,43612.50
2026-08-22T02:30:00Z,0xsample003410,sample-prediction-market-10,YES,0.600,43625.00
2026-08-22T03:45:00Z,0xsample003411,sample-prediction-market-11,YES,0.610,43637.50
2026-08-22T04:00:00Z,0xsample003412,sample-prediction-market-12,YES,0.620,43650.00
2026-08-22T05:15:00Z,0xsample003413,sample-prediction-market-13,YES,0.630,43662.50
2026-08-22T06:30:00Z,0xsample003414,sample-prediction-market-14,YES,0.640,43675.00
2026-08-22T07:45:00Z,0xsample003415,sample-prediction-market-15,YES,0.650,43687.50
2026-08-22T08:00:00Z,0xsample003416,sample-prediction-market-16,YES,0.660,43700.00
2026-08-22T09:15:00Z,0xsample003417,sample-prediction-market-17,YES,0.670,43712.50
2026-08-22T10:30:00Z,0xsample003418,sample-prediction-market-18,YES,0.680,43725.00
2026-08-22T11:45:00Z,0xsample003419,sample-prediction-market-19,YES,0.690,43737.50
2026-08-22T12:00:00Z,0xsample003420,sample-prediction-market-20,YES,0.700,43750.00
2026-08-22T13:15:00Z,0xsample003421,sample-prediction-market-21,YES,0.710,43762.50
2026-08-22T14:30:00Z,0xsample003422,sample-prediction-market-22,YES,0.720,43775.00
2026-08-22T15:45:00Z,0xsample003423,sample-prediction-market-23,YES,0.730,43787.50
2026-08-22T16:00:00Z,0xsample003424,sample-prediction-market-24,YES,0.740,43800.00
2026-08-22T17:15:00Z,0xsample003425,sample-prediction-market-25,YES,0.750,43812.50
2026-08-22T18:30:00Z,0xsample003426,sample-prediction-market-26,YES,0.760,43825.00
2026-08-22T19:45:00Z,0xsample003427,sample-prediction-market-27,YES,0.770,43837.50
2026-08-22T20:00:00Z,0xsample003428,sample-prediction-market-28,YES,0.780,43850.00
2026-08-22T21:15:00Z,0xsample003429,sample-prediction-market-29,YES,0.790,43862.50
2026-08-22T22:30:00Z,0xsample003430,sample-prediction-market-30,YES,0.800,43875.00
2026-08-22T23:45:00Z,0xsample003431,sample-prediction-market-31,YES,0.810,43887.50
2026-08-22T00:00:00Z,0xsample003432,sample-prediction-market-32,YES,0.820,43900.00
2026-08-22T01:15:00Z,0xsample003433,sample-prediction-market-33,YES,0.830,43912.50
2026-08-22T02:30:00Z,0xsample003434,sample-prediction-market-34,YES,0.840,43925.00
2026-08-22T03:45:00Z,0xsample003435,sample-prediction-market-35,YES,0.850,43937.50
2026-08-22T04:00:00Z,0xsample003436,sample-prediction-market-36,YES,0.860,43950.00
2026-08-22T05:15:00Z,0xsample003437,sample-prediction-market-37,YES,0.870,43962.50
2026-08-22T06:30:00Z,0xsample003438,sample-prediction-market-38,YES,0.880,43975.00
2026-08-22T07:45:00Z,0xsample003439,sample-prediction-market-39,YES,0.890,43987.50
2026-08-22T08:00:00Z,0xsample003440,sample-prediction-market-40,YES,0.500,44000.00
2026-08-22T09:15:00Z,0xsample003441,sample-prediction-market-41,YES,0.510,44012.50
2026-08-22T10:30:00Z,0xsample003442,sample-prediction-market-42,YES,0.520,44025.00
2026-08-22T11:45:00Z,0xsample003443,sample-prediction-market-43,YES,0.530,44037.50
2026-08-22T12:00:00Z,0xsample003444,sample-prediction-market-44,YES,0.540,44050.00
2026-08-22T13:15:00Z,0xsample003445,sample-prediction-market-45,YES,0.550,44062.50
2026-08-22T14:30:00Z,0xsample003446,sample-prediction-market-46,YES,0.560,44075.00
2026-08-22T15:45:00Z,0xsample003447,sample-prediction-market-47,YES,0.570,44087.50
2026-08-22T16:00:00Z,0xsample003448,sample-prediction-market-48,YES,0.580,44100.00
2026-08-22T17:15:00Z,0xsample003449,sample-prediction-market-49,YES,0.590,44112.50
2026-08-22T18:30:00Z,0xsample003450,sample-prediction-market-0,YES,0.600,44125.00
2026-08-22T19:45:00Z,0xsample003451,sample-prediction-market-1,YES,0.610,44137.50
2026-08-22T20:00:00Z,0xsample003452,sample-prediction-market-2,YES,0.620,44150.00
2026-08-22T21:15:00Z,0xsample003453,sample-prediction-market-3,YES,0.630,44162.50
2026-08-22T22:30:00Z,0xsample003454,sample-prediction-market-4,YES,0.640,44175.00
2026-08-22T23:45:00Z,0xsample003455,sample-prediction-market-5,YES,0.650,44187.50
2026-08-22T00:00:00Z,0xsample003456,sample-prediction-market-6,YES,0.660,44200.00
2026-08-22T01:15:00Z,0xsample003457,sample-prediction-market-7,YES,0.670,44212.50
2026-08-22T02:30:00Z,0xsample003458,sample-prediction-market-8,YES,0.680,44225.00
2026-08-22T03:45:00Z,0xsample003459,sample-prediction-market-9,YES,0.690,44237.50
2026-08-22T04:00:00Z,0xsample003460,sample-prediction-market-10,YES,0.700,44250.00
2026-08-22T05:15:00Z,0xsample003461,sample-prediction-market-11,YES,0.710,44262.50
2026-08-22T06:30:00Z,0xsample003462,sample-prediction-market-12,YES,0.720,44275.00
2026-08-22T07:45:00Z,0xsample003463,sample-prediction-market-13,YES,0.730,44287.50
2026-08-22T08:00:00Z,0xsample003464,sample-prediction-market-14,YES,0.740,44300.00
2026-08-22T09:15:00Z,0xsample003465,sample-prediction-market-15,YES,0.750,44312.50
2026-08-22T10:30:00Z,0xsample003466,sample-prediction-market-16,YES,0.760,44325.00
2026-08-22T11:45:00Z,0xsample003467,sample-prediction-market-17,YES,0.770,44337.50
2026-08-22T12:00:00Z,0xsample003468,sample-prediction-market-18,YES,0.780,44350.00
2026-08-22T13:15:00Z,0xsample003469,sample-prediction-market-19,YES,0.790,44362.50
2026-08-22T14:30:00Z,0xsample003470,sample-prediction-market-20,YES,0.800,44375.00
2026-08-22T15:45:00Z,0xsample003471,sample-prediction-market-21,YES,0.810,44387.50
2026-08-22T16:00:00Z,0xsample003472,sample-prediction-market-22,YES,0.820,44400.00
2026-08-22T17:15:00Z,0xsample003473,sample-prediction-market-23,YES,0.830,44412.50
2026-08-22T18:30:00Z,0xsample003474,sample-prediction-market-24,YES,0.840,44425.00
2026-08-22T19:45:00Z,0xsample003475,sample-prediction-market-25,YES,0.850,44437.50
2026-08-22T20:00:00Z,0xsample003476,sample-prediction-market-26,YES,0.860,44450.00
2026-08-22T21:15:00Z,0xsample003477,sample-prediction-market-27,YES,0.870,44462.50
2026-08-22T22:30:00Z,0xsample003478,sample-prediction-market-28,YES,0.880,44475.00
2026-08-22T23:45:00Z,0xsample003479,sample-prediction-market-29,YES,0.890,44487.50
2026-08-22T00:00:00Z,0xsample003480,sample-prediction-market-30,YES,0.500,44500.00
2026-08-22T01:15:00Z,0xsample003481,sample-prediction-market-31,YES,0.510,44512.50
2026-08-22T02:30:00Z,0xsample003482,sample-prediction-market-32,YES,0.520,44525.00
2026-08-22T03:45:00Z,0xsample003483,sample-prediction-market-33,YES,0.530,44537.50
2026-08-22T04:00:00Z,0xsample003484,sample-prediction-market-34,YES,0.540,44550.00
2026-08-22T05:15:00Z,0xsample003485,sample-prediction-market-35,YES,0.550,44562.50
2026-08-22T06:30:00Z,0xsample003486,sample-prediction-market-36,YES,0.560,44575.00
2026-08-22T07:45:00Z,0xsample003487,sample-prediction-market-37,YES,0.570,44587.50
2026-08-22T08:00:00Z,0xsample003488,sample-prediction-market-38,YES,0.580,44600.00
2026-08-22T09:15:00Z,0xsample003489,sample-prediction-market-39,YES,0.590,44612.50
2026-08-22T10:30:00Z,0xsample003490,sample-prediction-market-40,YES,0.600,44625.00
2026-08-22T11:45:00Z,0xsample003491,sample-prediction-market-41,YES,0.610,44637.50
2026-08-22T12:00:00Z,0xsample003492,sample-prediction-market-42,YES,0.620,44650.00
2026-08-22T13:15:00Z,0xsample003493,sample-prediction-market-43,YES,0.630,44662.50
2026-08-22T14:30:00Z,0xsample003494,sample-prediction-market-44,YES,0.640,44675.00
2026-08-22T15:45:00Z,0xsample003495,sample-prediction-market-45,YES,0.650,44687.50
2026-08-22T16:00:00Z,0xsample003496,sample-prediction-market-46,YES,0.660,44700.00
2026-08-22T17:15:00Z,0xsample003497,sample-prediction-market-47,YES,0.670,44712.50
2026-08-22T18:30:00Z,0xsample003498,sample-prediction-market-48,YES,0.680,44725.00
2026-08-22T19:45:00Z,0xsample003499,sample-prediction-market-49,YES,0.690,44737.50
2026-08-22T20:00:00Z,0xsample003500,sample-prediction-market-0,YES,0.700,44750.00
2026-08-22T21:15:00Z,0xsample003501,sample-prediction-market-1,YES,0.710,44762.50
2026-08-22T22:30:00Z,0xsample003502,sample-prediction-market-2,YES,0.720,44775.00
2026-08-22T23:45:00Z,0xsample003503,sample-prediction-market-3,YES,0.730,44787.50
2026-08-22T00:00:00Z,0xsample003504,sample-prediction-market-4,YES,0.740,44800.00
2026-08-22T01:15:00Z,0xsample003505,sample-prediction-market-5,YES,0.750,44812.50
2026-08-22T02:30:00Z,0xsample003506,sample-prediction-market-6,YES,0.760,44825.00
2026-08-22T03:45:00Z,0xsample003507,sample-prediction-market-7,YES,0.770,44837.50
2026-08-22T04:00:00Z,0xsample003508,sample-prediction-market-8,YES,0.780,44850.00
2026-08-22T05:15:00Z,0xsample003509,sample-prediction-market-9,YES,0.790,44862.50
2026-08-22T06:30:00Z,0xsample003510,sample-prediction-market-10,YES,0.800,44875.00
2026-08-22T07:45:00Z,0xsample003511,sample-prediction-market-11,YES,0.810,44887.50
2026-08-22T08:00:00Z,0xsample003512,sample-prediction-market-12,YES,0.820,44900.00
2026-08-22T09:15:00Z,0xsample003513,sample-prediction-market-13,YES,0.830,44912.50
2026-08-22T10:30:00Z,0xsample003514,sample-prediction-market-14,YES,0.840,44925.00
2026-08-22T11:45:00Z,0xsample003515,sample-prediction-market-15,YES,0.850,44937.50
2026-08-22T12:00:00Z,0xsample003516,sample-prediction-market-16,YES,0.860,44950.00
2026-08-22T13:15:00Z,0xsample003517,sample-prediction-market-17,YES,0.870,44962.50
2026-08-22T14:30:00Z,0xsample003518,sample-prediction-market-18,YES,0.880,44975.00
2026-08-22T15:45:00Z,0xsample003519,sample-prediction-market-19,YES,0.890,44987.50
2026-08-22T16:00:00Z,0xsample003520,sample-prediction-market-20,YES,0.500,45000.00
2026-08-22T17:15:00Z,0xsample003521,sample-prediction-market-21,YES,0.510,45012.50
2026-08-22T18:30:00Z,0xsample003522,sample-prediction-market-22,YES,0.520,45025.00
2026-08-22T19:45:00Z,0xsample003523,sample-prediction-market-23,YES,0.530,45037.50
2026-08-22T20:00:00Z,0xsample003524,sample-prediction-market-24,YES,0.540,45050.00
2026-08-22T21:15:00Z,0xsample003525,sample-prediction-market-25,YES,0.550,45062.50
2026-08-22T22:30:00Z,0xsample003526,sample-prediction-market-26,YES,0.560,45075.00
2026-08-22T23:45:00Z,0xsample003527,sample-prediction-market-27,YES,0.570,45087.50
2026-08-22T00:00:00Z,0xsample003528,sample-prediction-market-28,YES,0.580,45100.00
2026-08-22T01:15:00Z,0xsample003529,sample-prediction-market-29,YES,0.590,45112.50
2026-08-22T02:30:00Z,0xsample003530,sample-prediction-market-30,YES,0.600,45125.00
2026-08-22T03:45:00Z,0xsample003531,sample-prediction-market-31,YES,0.610,45137.50
2026-08-22T04:00:00Z,0xsample003532,sample-prediction-market-32,YES,0.620,45150.00
2026-08-22T05:15:00Z,0xsample003533,sample-prediction-market-33,YES,0.630,45162.50
2026-08-22T06:30:00Z,0xsample003534,sample-prediction-market-34,YES,0.640,45175.00
2026-08-22T07:45:00Z,0xsample003535,sample-prediction-market-35,YES,0.650,45187.50
2026-08-22T08:00:00Z,0xsample003536,sample-prediction-market-36,YES,0.660,45200.00
2026-08-22T09:15:00Z,0xsample003537,sample-prediction-market-37,YES,0.670,45212.50
2026-08-22T10:30:00Z,0xsample003538,sample-prediction-market-38,YES,0.680,45225.00
2026-08-22T11:45:00Z,0xsample003539,sample-prediction-market-39,YES,0.690,45237.50
2026-08-22T12:00:00Z,0xsample003540,sample-prediction-market-40,YES,0.700,45250.00
2026-08-22T13:15:00Z,0xsample003541,sample-prediction-market-41,YES,0.710,45262.50
2026-08-22T14:30:00Z,0xsample003542,sample-prediction-market-42,YES,0.720,45275.00
2026-08-22T15:45:00Z,0xsample003543,sample-prediction-market-43,YES,0.730,45287.50
2026-08-22T16:00:00Z,0xsample003544,sample-prediction-market-44,YES,0.740,45300.00
2026-08-22T17:15:00Z,0xsample003545,sample-prediction-market-45,YES,0.750,45312.50
2026-08-22T18:30:00Z,0xsample003546,sample-prediction-market-46,YES,0.760,45325.00
2026-08-22T19:45:00Z,0xsample003547,sample-prediction-market-47,YES,0.770,45337.50
2026-08-22T20:00:00Z,0xsample003548,sample-prediction-market-48,YES,0.780,45350.00
2026-08-22T21:15:00Z,0xsample003549,sample-prediction-market-49,YES,0.790,45362.50
2026-08-22T22:30:00Z,0xsample003550,sample-prediction-market-0,YES,0.800,45375.00
2026-08-22T23:45:00Z,0xsample003551,sample-prediction-market-1,YES,0.810,45387.50
2026-08-22T00:00:00Z,0xsample003552,sample-prediction-market-2,YES,0.820,45400.00
2026-08-22T01:15:00Z,0xsample003553,sample-prediction-market-3,YES,0.830,45412.50
2026-08-22T02:30:00Z,0xsample003554,sample-prediction-market-4,YES,0.840,45425.00
2026-08-22T03:45:00Z,0xsample003555,sample-prediction-market-5,YES,0.850,45437.50
2026-08-22T04:00:00Z,0xsample003556,sample-prediction-market-6,YES,0.860,45450.00
2026-08-22T05:15:00Z,0xsample003557,sample-prediction-market-7,YES,0.870,45462.50
2026-08-22T06:30:00Z,0xsample003558,sample-prediction-market-8,YES,0.880,45475.00
2026-08-22T07:45:00Z,0xsample003559,sample-prediction-market-9,YES,0.890,45487.50
2026-08-22T08:00:00Z,0xsample003560,sample-prediction-market-10,YES,0.500,45500.00
2026-08-22T09:15:00Z,0xsample003561,sample-prediction-market-11,YES,0.510,45512.50
2026-08-22T10:30:00Z,0xsample003562,sample-prediction-market-12,YES,0.520,45525.00
2026-08-22T11:45:00Z,0xsample003563,sample-prediction-market-13,YES,0.530,45537.50
2026-08-22T12:00:00Z,0xsample003564,sample-prediction-market-14,YES,0.540,45550.00
2026-08-22T13:15:00Z,0xsample003565,sample-prediction-market-15,YES,0.550,45562.50
2026-08-22T14:30:00Z,0xsample003566,sample-prediction-market-16,YES,0.560,45575.00
2026-08-22T15:45:00Z,0xsample003567,sample-prediction-market-17,YES,0.570,45587.50
2026-08-22T16:00:00Z,0xsample003568,sample-prediction-market-18,YES,0.580,45600.00
2026-08-22T17:15:00Z,0xsample003569,sample-prediction-market-19,YES,0.590,45612.50
2026-08-22T18:30:00Z,0xsample003570,sample-prediction-market-20,YES,0.600,45625.00
2026-08-22T19:45:00Z,0xsample003571,sample-prediction-market-21,YES,0.610,45637.50
2026-08-22T20:00:00Z,0xsample003572,sample-prediction-market-22,YES,0.620,45650.00
2026-08-22T21:15:00Z,0xsample003573,sample-prediction-market-23,YES,0.630,45662.50
2026-08-22T22:30:00Z,0xsample003574,sample-prediction-market-24,YES,0.640,45675.00
2026-08-22T23:45:00Z,0xsample003575,sample-prediction-market-25,YES,0.650,45687.50
2026-08-22T00:00:00Z,0xsample003576,sample-prediction-market-26,YES,0.660,45700.00
2026-08-22T01:15:00Z,0xsample003577,sample-prediction-market-27,YES,0.670,45712.50
2026-08-22T02:30:00Z,0xsample003578,sample-prediction-market-28,YES,0.680,45725.00
2026-08-22T03:45:00Z,0xsample003579,sample-prediction-market-29,YES,0.690,45737.50
2026-08-22T04:00:00Z,0xsample003580,sample-prediction-market-30,YES,0.700,45750.00
2026-08-22T05:15:00Z,0xsample003581,sample-prediction-market-31,YES,0.710,45762.50
2026-08-22T06:30:00Z,0xsample003582,sample-prediction-market-32,YES,0.720,45775.00
2026-08-22T07:45:00Z,0xsample003583,sample-prediction-market-33,YES,0.730,45787.50
2026-08-22T08:00:00Z,0xsample003584,sample-prediction-market-34,YES,0.740,45800.00
2026-08-22T09:15:00Z,0xsample003585,sample-prediction-market-35,YES,0.750,45812.50
2026-08-22T10:30:00Z,0xsample003586,sample-prediction-market-36,YES,0.760,45825.00
2026-08-22T11:45:00Z,0xsample003587,sample-prediction-market-37,YES,0.770,45837.50
2026-08-22T12:00:00Z,0xsample003588,sample-prediction-market-38,YES,0.780,45850.00
2026-08-22T13:15:00Z,0xsample003589,sample-prediction-market-39,YES,0.790,45862.50
2026-08-22T14:30:00Z,0xsample003590,sample-prediction-market-40,YES,0.800,45875.00
2026-08-22T15:45:00Z,0xsample003591,sample-prediction-market-41,YES,0.810,45887.50
2026-08-22T16:00:00Z,0xsample003592,sample-prediction-market-42,YES,0.820,45900.00
2026-08-22T17:15:00Z,0xsample003593,sample-prediction-market-43,YES,0.830,45912.50
2026-08-22T18:30:00Z,0xsample003594,sample-prediction-market-44,YES,0.840,45925.00
2026-08-22T19:45:00Z,0xsample003595,sample-prediction-market-45,YES,0.850,45937.50
2026-08-22T20:00:00Z,0xsample003596,sample-prediction-market-46,YES,0.860,45950.00
2026-08-22T21:15:00Z,0xsample003597,sample-prediction-market-47,YES,0.870,45962.50
2026-08-22T22:30:00Z,0xsample003598,sample-prediction-market-48,YES,0.880,45975.00
2026-08-22T23:45:00Z,0xsample003599,sample-prediction-market-49,YES,0.890,45987.50
2026-08-22T00:00:00Z,0xsample003600,sample-prediction-market-0,YES,0.500,46000.00
2026-08-22T01:15:00Z,0xsample003601,sample-prediction-market-1,YES,0.510,46012.50
2026-08-22T02:30:00Z,0xsample003602,sample-prediction-market-2,YES,0.520,46025.00
2026-08-22T03:45:00Z,0xsample003603,sample-prediction-market-3,YES,0.530,46037.50
2026-08-22T04:00:00Z,0xsample003604,sample-prediction-market-4,YES,0.540,46050.00
2026-08-22T05:15:00Z,0xsample003605,sample-prediction-market-5,YES,0.550,46062.50
2026-08-22T06:30:00Z,0xsample003606,sample-prediction-market-6,YES,0.560,46075.00
2026-08-22T07:45:00Z,0xsample003607,sample-prediction-market-7,YES,0.570,46087.50
2026-08-22T08:00:00Z,0xsample003608,sample-prediction-market-8,YES,0.580,46100.00
2026-08-22T09:15:00Z,0xsample003609,sample-prediction-market-9,YES,0.590,46112.50
2026-08-22T10:30:00Z,0xsample003610,sample-prediction-market-10,YES,0.600,46125.00
2026-08-22T11:45:00Z,0xsample003611,sample-prediction-market-11,YES,0.610,46137.50
2026-08-22T12:00:00Z,0xsample003612,sample-prediction-market-12,YES,0.620,46150.00
2026-08-22T13:15:00Z,0xsample003613,sample-prediction-market-13,YES,0.630,46162.50
2026-08-22T14:30:00Z,0xsample003614,sample-prediction-market-14,YES,0.640,46175.00
2026-08-22T15:45:00Z,0xsample003615,sample-prediction-market-15,YES,0.650,46187.50
2026-08-22T16:00:00Z,0xsample003616,sample-prediction-market-16,YES,0.660,46200.00
2026-08-22T17:15:00Z,0xsample003617,sample-prediction-market-17,YES,0.670,46212.50
2026-08-22T18:30:00Z,0xsample003618,sample-prediction-market-18,YES,0.680,46225.00
2026-08-22T19:45:00Z,0xsample003619,sample-prediction-market-19,YES,0.690,46237.50
2026-08-22T20:00:00Z,0xsample003620,sample-prediction-market-20,YES,0.700,46250.00
2026-08-22T21:15:00Z,0xsample003621,sample-prediction-market-21,YES,0.710,46262.50
2026-08-22T22:30:00Z,0xsample003622,sample-prediction-market-22,YES,0.720,46275.00
2026-08-22T23:45:00Z,0xsample003623,sample-prediction-market-23,YES,0.730,46287.50
2026-08-22T00:00:00Z,0xsample003624,sample-prediction-market-24,YES,0.740,46300.00
2026-08-22T01:15:00Z,0xsample003625,sample-prediction-market-25,YES,0.750,46312.50
2026-08-22T02:30:00Z,0xsample003626,sample-prediction-market-26,YES,0.760,46325.00
2026-08-22T03:45:00Z,0xsample003627,sample-prediction-market-27,YES,0.770,46337.50
2026-08-22T04:00:00Z,0xsample003628,sample-prediction-market-28,YES,0.780,46350.00
2026-08-22T05:15:00Z,0xsample003629,sample-prediction-market-29,YES,0.790,46362.50
2026-08-22T06:30:00Z,0xsample003630,sample-prediction-market-30,YES,0.800,46375.00
2026-08-22T07:45:00Z,0xsample003631,sample-prediction-market-31,YES,0.810,46387.50
2026-08-22T08:00:00Z,0xsample003632,sample-prediction-market-32,YES,0.820,46400.00
2026-08-22T09:15:00Z,0xsample003633,sample-prediction-market-33,YES,0.830,46412.50
2026-08-22T10:30:00Z,0xsample003634,sample-prediction-market-34,YES,0.840,46425.00
2026-08-22T11:45:00Z,0xsample003635,sample-prediction-market-35,YES,0.850,46437.50
2026-08-22T12:00:00Z,0xsample003636,sample-prediction-market-36,YES,0.860,46450.00
2026-08-22T13:15:00Z,0xsample003637,sample-prediction-market-37,YES,0.870,46462.50
2026-08-22T14:30:00Z,0xsample003638,sample-prediction-market-38,YES,0.880,46475.00
2026-08-22T15:45:00Z,0xsample003639,sample-prediction-market-39,YES,0.890,46487.50
2026-08-22T16:00:00Z,0xsample003640,sample-prediction-market-40,YES,0.500,46500.00
2026-08-22T17:15:00Z,0xsample003641,sample-prediction-market-41,YES,0.510,46512.50
2026-08-22T18:30:00Z,0xsample003642,sample-prediction-market-42,YES,0.520,46525.00
2026-08-22T19:45:00Z,0xsample003643,sample-prediction-market-43,YES,0.530,46537.50
2026-08-22T20:00:00Z,0xsample003644,sample-prediction-market-44,YES,0.540,46550.00
2026-08-22T21:15:00Z,0xsample003645,sample-prediction-market-45,YES,0.550,46562.50
2026-08-22T22:30:00Z,0xsample003646,sample-prediction-market-46,YES,0.560,46575.00
2026-08-22T23:45:00Z,0xsample003647,sample-prediction-market-47,YES,0.570,46587.50
2026-08-22T00:00:00Z,0xsample003648,sample-prediction-market-48,YES,0.580,46600.00
2026-08-22T01:15:00Z,0xsample003649,sample-prediction-market-49,YES,0.590,46612.50
2026-08-22T02:30:00Z,0xsample003650,sample-prediction-market-0,YES,0.600,46625.00
2026-08-22T03:45:00Z,0xsample003651,sample-prediction-market-1,YES,0.610,46637.50
2026-08-22T04:00:00Z,0xsample003652,sample-prediction-market-2,YES,0.620,46650.00
2026-08-22T05:15:00Z,0xsample003653,sample-prediction-market-3,YES,0.630,46662.50
2026-08-22T06:30:00Z,0xsample003654,sample-prediction-market-4,YES,0.640,46675.00
2026-08-22T07:45:00Z,0xsample003655,sample-prediction-market-5,YES,0.650,46687.50
2026-08-22T08:00:00Z,0xsample003656,sample-prediction-market-6,YES,0.660,46700.00
2026-08-22T09:15:00Z,0xsample003657,sample-prediction-market-7,YES,0.670,46712.50
2026-08-22T10:30:00Z,0xsample003658,sample-prediction-market-8,YES,0.680,46725.00
2026-08-22T11:45:00Z,0xsample003659,sample-prediction-market-9,YES,0.690,46737.50
2026-08-22T12:00:00Z,0xsample003660,sample-prediction-market-10,YES,0.700,46750.00
2026-08-22T13:15:00Z,0xsample003661,sample-prediction-market-11,YES,0.710,46762.50
2026-08-22T14:30:00Z,0xsample003662,sample-prediction-market-12,YES,0.720,46775.00
2026-08-22T15:45:00Z,0xsample003663,sample-prediction-market-13,YES,0.730,46787.50
2026-08-22T16:00:00Z,0xsample003664,sample-prediction-market-14,YES,0.740,46800.00
2026-08-22T17:15:00Z,0xsample003665,sample-prediction-market-15,YES,0.750,46812.50
2026-08-22T18:30:00Z,0xsample003666,sample-prediction-market-16,YES,0.760,46825.00
2026-08-22T19:45:00Z,0xsample003667,sample-prediction-market-17,YES,0.770,46837.50
2026-08-22T20:00:00Z,0xsample003668,sample-prediction-market-18,YES,0.780,46850.00
2026-08-22T21:15:00Z,0xsample003669,sample-prediction-market-19,YES,0.790,46862.50
2026-08-22T22:30:00Z,0xsample003670,sample-prediction-market-20,YES,0.800,46875.00
2026-08-22T23:45:00Z,0xsample003671,sample-prediction-market-21,YES,0.810,46887.50
2026-08-22T00:00:00Z,0xsample003672,sample-prediction-market-22,YES,0.820,46900.00
2026-08-22T01:15:00Z,0xsample003673,sample-prediction-market-23,YES,0.830,46912.50
2026-08-22T02:30:00Z,0xsample003674,sample-prediction-market-24,YES,0.840,46925.00
2026-08-22T03:45:00Z,0xsample003675,sample-prediction-market-25,YES,0.850,46937.50
2026-08-22T04:00:00Z,0xsample003676,sample-prediction-market-26,YES,0.860,46950.00
2026-08-22T05:15:00Z,0xsample003677,sample-prediction-market-27,YES,0.870,46962.50
2026-08-22T06:30:00Z,0xsample003678,sample-prediction-market-28,YES,0.880,46975.00
2026-08-22T07:45:00Z,0xsample003679,sample-prediction-market-29,YES,0.890,46987.50
2026-08-22T08:00:00Z,0xsample003680,sample-prediction-market-30,YES,0.500,47000.00
2026-08-22T09:15:00Z,0xsample003681,sample-prediction-market-31,YES,0.510,47012.50
2026-08-22T10:30:00Z,0xsample003682,sample-prediction-market-32,YES,0.520,47025.00
2026-08-22T11:45:00Z,0xsample003683,sample-prediction-market-33,YES,0.530,47037.50
2026-08-22T12:00:00Z,0xsample003684,sample-prediction-market-34,YES,0.540,47050.00
2026-08-22T13:15:00Z,0xsample003685,sample-prediction-market-35,YES,0.550,47062.50
2026-08-22T14:30:00Z,0xsample003686,sample-prediction-market-36,YES,0.560,47075.00
2026-08-22T15:45:00Z,0xsample003687,sample-prediction-market-37,YES,0.570,47087.50
2026-08-22T16:00:00Z,0xsample003688,sample-prediction-market-38,YES,0.580,47100.00
2026-08-22T17:15:00Z,0xsample003689,sample-prediction-market-39,YES,0.590,47112.50
2026-08-22T18:30:00Z,0xsample003690,sample-prediction-market-40,YES,0.600,47125.00
2026-08-22T19:45:00Z,0xsample003691,sample-prediction-market-41,YES,0.610,47137.50
2026-08-22T20:00:00Z,0xsample003692,sample-prediction-market-42,YES,0.620,47150.00
2026-08-22T21:15:00Z,0xsample003693,sample-prediction-market-43,YES,0.630,47162.50
2026-08-22T22:30:00Z,0xsample003694,sample-prediction-market-44,YES,0.640,47175.00
2026-08-22T23:45:00Z,0xsample003695,sample-prediction-market-45,YES,0.650,47187.50
2026-08-22T00:00:00Z,0xsample003696,sample-prediction-market-46,YES,0.660,47200.00
2026-08-22T01:15:00Z,0xsample003697,sample-prediction-market-47,YES,0.670,47212.50
2026-08-22T02:30:00Z,0xsample003698,sample-prediction-market-48,YES,0.680,47225.00
2026-08-22T03:45:00Z,0xsample003699,sample-prediction-market-49,YES,0.690,47237.50
2026-08-22T04:00:00Z,0xsample003700,sample-prediction-market-0,YES,0.700,47250.00
2026-08-22T05:15:00Z,0xsample003701,sample-prediction-market-1,YES,0.710,47262.50
2026-08-22T06:30:00Z,0xsample003702,sample-prediction-market-2,YES,0.720,47275.00
2026-08-22T07:45:00Z,0xsample003703,sample-prediction-market-3,YES,0.730,47287.50
2026-08-22T08:00:00Z,0xsample003704,sample-prediction-market-4,YES,0.740,47300.00
2026-08-22T09:15:00Z,0xsample003705,sample-prediction-market-5,YES,0.750,47312.50
2026-08-22T10:30:00Z,0xsample003706,sample-prediction-market-6,YES,0.760,47325.00
2026-08-22T11:45:00Z,0xsample003707,sample-prediction-market-7,YES,0.770,47337.50
2026-08-22T12:00:00Z,0xsample003708,sample-prediction-market-8,YES,0.780,47350.00
2026-08-22T13:15:00Z,0xsample003709,sample-prediction-market-9,YES,0.790,47362.50
2026-08-22T14:30:00Z,0xsample003710,sample-prediction-market-10,YES,0.800,47375.00
2026-08-22T15:45:00Z,0xsample003711,sample-prediction-market-11,YES,0.810,47387.50
2026-08-22T16:00:00Z,0xsample003712,sample-prediction-market-12,YES,0.820,47400.00
2026-08-22T17:15:00Z,0xsample003713,sample-prediction-market-13,YES,0.830,47412.50
2026-08-22T18:30:00Z,0xsample003714,sample-prediction-market-14,YES,0.840,47425.00
2026-08-22T19:45:00Z,0xsample003715,sample-prediction-market-15,YES,0.850,47437.50
2026-08-22T20:00:00Z,0xsample003716,sample-prediction-market-16,YES,0.860,47450.00
2026-08-22T21:15:00Z,0xsample003717,sample-prediction-market-17,YES,0.870,47462.50
2026-08-22T22:30:00Z,0xsample003718,sample-prediction-market-18,YES,0.880,47475.00
2026-08-22T23:45:00Z,0xsample003719,sample-prediction-market-19,YES,0.890,47487.50
2026-08-22T00:00:00Z,0xsample003720,sample-prediction-market-20,YES,0.500,47500.00
2026-08-22T01:15:00Z,0xsample003721,sample-prediction-market-21,YES,0.510,47512.50
2026-08-22T02:30:00Z,0xsample003722,sample-prediction-market-22,YES,0.520,47525.00
2026-08-22T03:45:00Z,0xsample003723,sample-prediction-market-23,YES,0.530,47537.50
2026-08-22T04:00:00Z,0xsample003724,sample-prediction-market-24,YES,0.540,47550.00
2026-08-22T05:15:00Z,0xsample003725,sample-prediction-market-25,YES,0.550,47562.50
2026-08-22T06:30:00Z,0xsample003726,sample-prediction-market-26,YES,0.560,47575.00
2026-08-22T07:45:00Z,0xsample003727,sample-prediction-market-27,YES,0.570,47587.50
2026-08-22T08:00:00Z,0xsample003728,sample-prediction-market-28,YES,0.580,47600.00
2026-08-22T09:15:00Z,0xsample003729,sample-prediction-market-29,YES,0.590,47612.50
2026-08-22T10:30:00Z,0xsample003730,sample-prediction-market-30,YES,0.600,47625.00
2026-08-22T11:45:00Z,0xsample003731,sample-prediction-market-31,YES,0.610,47637.50
2026-08-22T12:00:00Z,0xsample003732,sample-prediction-market-32,YES,0.620,47650.00
2026-08-22T13:15:00Z,0xsample003733,sample-prediction-market-33,YES,0.630,47662.50
2026-08-22T14:30:00Z,0xsample003734,sample-prediction-market-34,YES,0.640,47675.00
2026-08-22T15:45:00Z,0xsample003735,sample-prediction-market-35,YES,0.650,47687.50
2026-08-22T16:00:00Z,0xsample003736,sample-prediction-market-36,YES,0.660,47700.00
2026-08-22T17:15:00Z,0xsample003737,sample-prediction-market-37,YES,0.670,47712.50
2026-08-22T18:30:00Z,0xsample003738,sample-prediction-market-38,YES,0.680,47725.00
2026-08-22T19:45:00Z,0xsample003739,sample-prediction-market-39,YES,0.690,47737.50
2026-08-22T20:00:00Z,0xsample003740,sample-prediction-market-40,YES,0.700,47750.00
2026-08-22T21:15:00Z,0xsample003741,sample-prediction-market-41,YES,0.710,47762.50
2026-08-22T22:30:00Z,0xsample003742,sample-prediction-market-42,YES,0.720,47775.00
2026-08-22T23:45:00Z,0xsample003743,sample-prediction-market-43,YES,0.730,47787.50
2026-08-22T00:00:00Z,0xsample003744,sample-prediction-market-44,YES,0.740,47800.00
2026-08-22T01:15:00Z,0xsample003745,sample-prediction-market-45,YES,0.750,47812.50
2026-08-22T02:30:00Z,0xsample003746,sample-prediction-market-46,YES,0.760,47825.00
2026-08-22T03:45:00Z,0xsample003747,sample-prediction-market-47,YES,0.770,47837.50
2026-08-22T04:00:00Z,0xsample003748,sample-prediction-market-48,YES,0.780,47850.00
2026-08-22T05:15:00Z,0xsample003749,sample-prediction-market-49,YES,0.790,47862.50
2026-08-22T06:30:00Z,0xsample003750,sample-prediction-market-0,YES,0.800,47875.00
2026-08-22T07:45:00Z,0xsample003751,sample-prediction-market-1,YES,0.810,47887.50
2026-08-22T08:00:00Z,0xsample003752,sample-prediction-market-2,YES,0.820,47900.00
2026-08-22T09:15:00Z,0xsample003753,sample-prediction-market-3,YES,0.830,47912.50
2026-08-22T10:30:00Z,0xsample003754,sample-prediction-market-4,YES,0.840,47925.00
2026-08-22T11:45:00Z,0xsample003755,sample-prediction-market-5,YES,0.850,47937.50
2026-08-22T12:00:00Z,0xsample003756,sample-prediction-market-6,YES,0.860,47950.00
2026-08-22T13:15:00Z,0xsample003757,sample-prediction-market-7,YES,0.870,47962.50
2026-08-22T14:30:00Z,0xsample003758,sample-prediction-market-8,YES,0.880,47975.00
2026-08-22T15:45:00Z,0xsample003759,sample-prediction-market-9,YES,0.890,47987.50
2026-08-22T16:00:00Z,0xsample003760,sample-prediction-market-10,YES,0.500,48000.00
2026-08-22T17:15:00Z,0xsample003761,sample-prediction-market-11,YES,0.510,48012.50
2026-08-22T18:30:00Z,0xsample003762,sample-prediction-market-12,YES,0.520,48025.00
2026-08-22T19:45:00Z,0xsample003763,sample-prediction-market-13,YES,0.530,48037.50
2026-08-22T20:00:00Z,0xsample003764,sample-prediction-market-14,YES,0.540,48050.00
2026-08-22T21:15:00Z,0xsample003765,sample-prediction-market-15,YES,0.550,48062.50
2026-08-22T22:30:00Z,0xsample003766,sample-prediction-market-16,YES,0.560,48075.00
2026-08-22T23:45:00Z,0xsample003767,sample-prediction-market-17,YES,0.570,48087.50
2026-08-22T00:00:00Z,0xsample003768,sample-prediction-market-18,YES,0.580,48100.00
2026-08-22T01:15:00Z,0xsample003769,sample-prediction-market-19,YES,0.590,48112.50
2026-08-22T02:30:00Z,0xsample003770,sample-prediction-market-20,YES,0.600,48125.00
2026-08-22T03:45:00Z,0xsample003771,sample-prediction-market-21,YES,0.610,48137.50
2026-08-22T04:00:00Z,0xsample003772,sample-prediction-market-22,YES,0.620,48150.00
2026-08-22T05:15:00Z,0xsample003773,sample-prediction-market-23,YES,0.630,48162.50
2026-08-22T06:30:00Z,0xsample003774,sample-prediction-market-24,YES,0.640,48175.00
2026-08-22T07:45:00Z,0xsample003775,sample-prediction-market-25,YES,0.650,48187.50
2026-08-22T08:00:00Z,0xsample003776,sample-prediction-market-26,YES,0.660,48200.00
2026-08-22T09:15:00Z,0xsample003777,sample-prediction-market-27,YES,0.670,48212.50
2026-08-22T10:30:00Z,0xsample003778,sample-prediction-market-28,YES,0.680,48225.00
2026-08-22T11:45:00Z,0xsample003779,sample-prediction-market-29,YES,0.690,48237.50
2026-08-22T12:00:00Z,0xsample003780,sample-prediction-market-30,YES,0.700,48250.00
2026-08-22T13:15:00Z,0xsample003781,sample-prediction-market-31,YES,0.710,48262.50
2026-08-22T14:30:00Z,0xsample003782,sample-prediction-market-32,YES,0.720,48275.00
2026-08-22T15:45:00Z,0xsample003783,sample-prediction-market-33,YES,0.730,48287.50
2026-08-22T16:00:00Z,0xsample003784,sample-prediction-market-34,YES,0.740,48300.00
2026-08-22T17:15:00Z,0xsample003785,sample-prediction-market-35,YES,0.750,48312.50
2026-08-22T18:30:00Z,0xsample003786,sample-prediction-market-36,YES,0.760,48325.00
2026-08-22T19:45:00Z,0xsample003787,sample-prediction-market-37,YES,0.770,48337.50
2026-08-22T20:00:00Z,0xsample003788,sample-prediction-market-38,YES,0.780,48350.00
2026-08-22T21:15:00Z,0xsample003789,sample-prediction-market-39,YES,0.790,48362.50
2026-08-22T22:30:00Z,0xsample003790,sample-prediction-market-40,YES,0.800,48375.00
2026-08-22T23:45:00Z,0xsample003791,sample-prediction-market-41,YES,0.810,48387.50
2026-08-22T00:00:00Z,0xsample003792,sample-prediction-market-42,YES,0.820,48400.00
2026-08-22T01:15:00Z,0xsample003793,sample-prediction-market-43,YES,0.830,48412.50
2026-08-22T02:30:00Z,0xsample003794,sample-prediction-market-44,YES,0.840,48425.00
2026-08-22T03:45:00Z,0xsample003795,sample-prediction-market-45,YES,0.850,48437.50
2026-08-22T04:00:00Z,0xsample003796,sample-prediction-market-46,YES,0.860,48450.00
2026-08-22T05:15:00Z,0xsample003797,sample-prediction-market-47,YES,0.870,48462.50
2026-08-22T06:30:00Z,0xsample003798,sample-prediction-market-48,YES,0.880,48475.00
2026-08-22T07:45:00Z,0xsample003799,sample-prediction-market-49,YES,0.890,48487.50
2026-08-22T08:00:00Z,0xsample003800,sample-prediction-market-0,YES,0.500,48500.00
2026-08-22T09:15:00Z,0xsample003801,sample-prediction-market-1,YES,0.510,48512.50
2026-08-22T10:30:00Z,0xsample003802,sample-prediction-market-2,YES,0.520,48525.00
2026-08-22T11:45:00Z,0xsample003803,sample-prediction-market-3,YES,0.530,48537.50
2026-08-22T12:00:00Z,0xsample003804,sample-prediction-market-4,YES,0.540,48550.00
2026-08-22T13:15:00Z,0xsample003805,sample-prediction-market-5,YES,0.550,48562.50
2026-08-22T14:30:00Z,0xsample003806,sample-prediction-market-6,YES,0.560,48575.00
2026-08-22T15:45:00Z,0xsample003807,sample-prediction-market-7,YES,0.570,48587.50
2026-08-22T16:00:00Z,0xsample003808,sample-prediction-market-8,YES,0.580,48600.00
2026-08-22T17:15:00Z,0xsample003809,sample-prediction-market-9,YES,0.590,48612.50
2026-08-22T18:30:00Z,0xsample003810,sample-prediction-market-10,YES,0.600,48625.00
2026-08-22T19:45:00Z,0xsample003811,sample-prediction-market-11,YES,0.610,48637.50
2026-08-22T20:00:00Z,0xsample003812,sample-prediction-market-12,YES,0.620,48650.00
2026-08-22T21:15:00Z,0xsample003813,sample-prediction-market-13,YES,0.630,48662.50
2026-08-22T22:30:00Z,0xsample003814,sample-prediction-market-14,YES,0.640,48675.00
2026-08-22T23:45:00Z,0xsample003815,sample-prediction-market-15,YES,0.650,48687.50
2026-08-22T00:00:00Z,0xsample003816,sample-prediction-market-16,YES,0.660,48700.00
2026-08-22T01:15:00Z,0xsample003817,sample-prediction-market-17,YES,0.670,48712.50
2026-08-22T02:30:00Z,0xsample003818,sample-prediction-market-18,YES,0.680,48725.00
2026-08-22T03:45:00Z,0xsample003819,sample-prediction-market-19,YES,0.690,48737.50
2026-08-22T04:00:00Z,0xsample003820,sample-prediction-market-20,YES,0.700,48750.00
2026-08-22T05:15:00Z,0xsample003821,sample-prediction-market-21,YES,0.710,48762.50
2026-08-22T06:30:00Z,0xsample003822,sample-prediction-market-22,YES,0.720,48775.00
2026-08-22T07:45:00Z,0xsample003823,sample-prediction-market-23,YES,0.730,48787.50
2026-08-22T08:00:00Z,0xsample003824,sample-prediction-market-24,YES,0.740,48800.00
2026-08-22T09:15:00Z,0xsample003825,sample-prediction-market-25,YES,0.750,48812.50
2026-08-22T10:30:00Z,0xsample003826,sample-prediction-market-26,YES,0.760,48825.00
2026-08-22T11:45:00Z,0xsample003827,sample-prediction-market-27,YES,0.770,48837.50
2026-08-22T12:00:00Z,0xsample003828,sample-prediction-market-28,YES,0.780,48850.00
2026-08-22T13:15:00Z,0xsample003829,sample-prediction-market-29,YES,0.790,48862.50
2026-08-22T14:30:00Z,0xsample003830,sample-prediction-market-30,YES,0.800,48875.00
2026-08-22T15:45:00Z,0xsample003831,sample-prediction-market-31,YES,0.810,48887.50
2026-08-22T16:00:00Z,0xsample003832,sample-prediction-market-32,YES,0.820,48900.00
2026-08-22T17:15:00Z,0xsample003833,sample-prediction-market-33,YES,0.830,48912.50
2026-08-22T18:30:00Z,0xsample003834,sample-prediction-market-34,YES,0.840,48925.00
2026-08-22T19:45:00Z,0xsample003835,sample-prediction-market-35,YES,0.850,48937.50
2026-08-22T20:00:00Z,0xsample003836,sample-prediction-market-36,YES,0.860,48950.00
2026-08-22T21:15:00Z,0xsample003837,sample-prediction-market-37,YES,0.870,48962.50
2026-08-22T22:30:00Z,0xsample003838,sample-prediction-market-38,YES,0.880,48975.00
2026-08-22T23:45:00Z,0xsample003839,sample-prediction-market-39,YES,0.890,48987.50
2026-08-22T00:00:00Z,0xsample003840,sample-prediction-market-40,YES,0.500,49000.00
2026-08-22T01:15:00Z,0xsample003841,sample-prediction-market-41,YES,0.510,49012.50
2026-08-22T02:30:00Z,0xsample003842,sample-prediction-market-42,YES,0.520,49025.00
2026-08-22T03:45:00Z,0xsample003843,sample-prediction-market-43,YES,0.530,49037.50
2026-08-22T04:00:00Z,0xsample003844,sample-prediction-market-44,YES,0.540,49050.00
2026-08-22T05:15:00Z,0xsample003845,sample-prediction-market-45,YES,0.550,49062.50
2026-08-22T06:30:00Z,0xsample003846,sample-prediction-market-46,YES,0.560,49075.00
2026-08-22T07:45:00Z,0xsample003847,sample-prediction-market-47,YES,0.570,49087.50
2026-08-22T08:00:00Z,0xsample003848,sample-prediction-market-48,YES,0.580,49100.00
2026-08-22T09:15:00Z,0xsample003849,sample-prediction-market-49,YES,0.590,49112.50
2026-08-22T10:30:00Z,0xsample003850,sample-prediction-market-0,YES,0.600,49125.00
2026-08-22T11:45:00Z,0xsample003851,sample-prediction-market-1,YES,0.610,49137.50
2026-08-22T12:00:00Z,0xsample003852,sample-prediction-market-2,YES,0.620,49150.00
2026-08-22T13:15:00Z,0xsample003853,sample-prediction-market-3,YES,0.630,49162.50
2026-08-22T14:30:00Z,0xsample003854,sample-prediction-market-4,YES,0.640,49175.00
2026-08-22T15:45:00Z,0xsample003855,sample-prediction-market-5,YES,0.650,49187.50
2026-08-22T16:00:00Z,0xsample003856,sample-prediction-market-6,YES,0.660,49200.00
2026-08-22T17:15:00Z,0xsample003857,sample-prediction-market-7,YES,0.670,49212.50
2026-08-22T18:30:00Z,0xsample003858,sample-prediction-market-8,YES,0.680,49225.00
2026-08-22T19:45:00Z,0xsample003859,sample-prediction-market-9,YES,0.690,49237.50
2026-08-22T20:00:00Z,0xsample003860,sample-prediction-market-10,YES,0.700,49250.00
2026-08-22T21:15:00Z,0xsample003861,sample-prediction-market-11,YES,0.710,49262.50
2026-08-22T22:30:00Z,0xsample003862,sample-prediction-market-12,YES,0.720,49275.00
2026-08-22T23:45:00Z,0xsample003863,sample-prediction-market-13,YES,0.730,49287.50
2026-08-22T00:00:00Z,0xsample003864,sample-prediction-market-14,YES,0.740,49300.00
2026-08-22T01:15:00Z,0xsample003865,sample-prediction-market-15,YES,0.750,49312.50
2026-08-22T02:30:00Z,0xsample003866,sample-prediction-market-16,YES,0.760,49325.00
2026-08-22T03:45:00Z,0xsample003867,sample-prediction-market-17,YES,0.770,49337.50
2026-08-22T04:00:00Z,0xsample003868,sample-prediction-market-18,YES,0.780,49350.00
2026-08-22T05:15:00Z,0xsample003869,sample-prediction-market-19,YES,0.790,49362.50
2026-08-22T06:30:00Z,0xsample003870,sample-prediction-market-20,YES,0.800,49375.00
2026-08-22T07:45:00Z,0xsample003871,sample-prediction-market-21,YES,0.810,49387.50
2026-08-22T08:00:00Z,0xsample003872,sample-prediction-market-22,YES,0.820,49400.00
2026-08-22T09:15:00Z,0xsample003873,sample-prediction-market-23,YES,0.830,49412.50
2026-08-22T10:30:00Z,0xsample003874,sample-prediction-market-24,YES,0.840,49425.00
2026-08-22T11:45:00Z,0xsample003875,sample-prediction-market-25,YES,0.850,49437.50
2026-08-22T12:00:00Z,0xsample003876,sample-prediction-market-26,YES,0.860,49450.00
2026-08-22T13:15:00Z,0xsample003877,sample-prediction-market-27,YES,0.870,49462.50
2026-08-22T14:30:00Z,0xsample003878,sample-prediction-market-28,YES,0.880,49475.00
2026-08-22T15:45:00Z,0xsample003879,sample-prediction-market-29,YES,0.890,49487.50
2026-08-22T16:00:00Z,0xsample003880,sample-prediction-market-30,YES,0.500,49500.00
2026-08-22T17:15:00Z,0xsample003881,sample-prediction-market-31,YES,0.510,49512.50
2026-08-22T18:30:00Z,0xsample003882,sample-prediction-market-32,YES,0.520,49525.00
2026-08-22T19:45:00Z,0xsample003883,sample-prediction-market-33,YES,0.530,49537.50
2026-08-22T20:00:00Z,0xsample003884,sample-prediction-market-34,YES,0.540,49550.00
2026-08-22T21:15:00Z,0xsample003885,sample-prediction-market-35,YES,0.550,49562.50
2026-08-22T22:30:00Z,0xsample003886,sample-prediction-market-36,YES,0.560,49575.00
2026-08-22T23:45:00Z,0xsample003887,sample-prediction-market-37,YES,0.570,49587.50
2026-08-22T00:00:00Z,0xsample003888,sample-prediction-market-38,YES,0.580,49600.00
2026-08-22T01:15:00Z,0xsample003889,sample-prediction-market-39,YES,0.590,49612.50
2026-08-22T02:30:00Z,0xsample003890,sample-prediction-market-40,YES,0.600,49625.00
2026-08-22T03:45:00Z,0xsample003891,sample-prediction-market-41,YES,0.610,49637.50
2026-08-22T04:00:00Z,0xsample003892,sample-prediction-market-42,YES,0.620,49650.00
2026-08-22T05:15:00Z,0xsample003893,sample-prediction-market-43,YES,0.630,49662.50
2026-08-22T06:30:00Z,0xsample003894,sample-prediction-market-44,YES,0.640,49675.00
2026-08-22T07:45:00Z,0xsample003895,sample-prediction-market-45,YES,0.650,49687.50
2026-08-22T08:00:00Z,0xsample003896,sample-prediction-market-46,YES,0.660,49700.00
2026-08-22T09:15:00Z,0xsample003897,sample-prediction-market-47,YES,0.670,49712.50
2026-08-22T10:30:00Z,0xsample003898,sample-prediction-market-48,YES,0.680,49725.00
2026-08-22T11:45:00Z,0xsample003899,sample-prediction-market-49,YES,0.690,49737.50
2026-08-22T12:00:00Z,0xsample003900,sample-prediction-market-0,YES,0.700,49750.00
2026-08-22T13:15:00Z,0xsample003901,sample-prediction-market-1,YES,0.710,49762.50
2026-08-22T14:30:00Z,0xsample003902,sample-prediction-market-2,YES,0.720,49775.00
2026-08-22T15:45:00Z,0xsample003903,sample-prediction-market-3,YES,0.730,49787.50
2026-08-22T16:00:00Z,0xsample003904,sample-prediction-market-4,YES,0.740,49800.00
2026-08-22T17:15:00Z,0xsample003905,sample-prediction-market-5,YES,0.750,49812.50
2026-08-22T18:30:00Z,0xsample003906,sample-prediction-market-6,YES,0.760,49825.00
2026-08-22T19:45:00Z,0xsample003907,sample-prediction-market-7,YES,0.770,49837.50
2026-08-22T20:00:00Z,0xsample003908,sample-prediction-market-8,YES,0.780,49850.00
2026-08-22T21:15:00Z,0xsample003909,sample-prediction-market-9,YES,0.790,49862.50
2026-08-22T22:30:00Z,0xsample003910,sample-prediction-market-10,YES,0.800,49875.00
2026-08-22T23:45:00Z,0xsample003911,sample-prediction-market-11,YES,0.810,49887.50
2026-08-22T00:00:00Z,0xsample003912,sample-prediction-market-12,YES,0.820,49900.00
2026-08-22T01:15:00Z,0xsample003913,sample-prediction-market-13,YES,0.830,49912.50
2026-08-22T02:30:00Z,0xsample003914,sample-prediction-market-14,YES,0.840,49925.00
2026-08-22T03:45:00Z,0xsample003915,sample-prediction-market-15,YES,0.850,49937.50
2026-08-22T04:00:00Z,0xsample003916,sample-prediction-market-16,YES,0.860,49950.00
2026-08-22T05:15:00Z,0xsample003917,sample-prediction-market-17,YES,0.870,49962.50
2026-08-22T06:30:00Z,0xsample003918,sample-prediction-market-18,YES,0.880,49975.00
2026-08-22T07:45:00Z,0xsample003919,sample-prediction-market-19,YES,0.890,49987.50
2026-08-22T08:00:00Z,0xsample003920,sample-prediction-market-20,YES,0.500,50000.00
2026-08-22T09:15:00Z,0xsample003921,sample-prediction-market-21,YES,0.510,50012.50
2026-08-22T10:30:00Z,0xsample003922,sample-prediction-market-22,YES,0.520,50025.00
2026-08-22T11:45:00Z,0xsample003923,sample-prediction-market-23,YES,0.530,50037.50
2026-08-22T12:00:00Z,0xsample003924,sample-prediction-market-24,YES,0.540,50050.00
2026-08-22T13:15:00Z,0xsample003925,sample-prediction-market-25,YES,0.550,50062.50
2026-08-22T14:30:00Z,0xsample003926,sample-prediction-market-26,YES,0.560,50075.00
2026-08-22T15:45:00Z,0xsample003927,sample-prediction-market-27,YES,0.570,50087.50
2026-08-22T16:00:00Z,0xsample003928,sample-prediction-market-28,YES,0.580,50100.00
2026-08-22T17:15:00Z,0xsample003929,sample-prediction-market-29,YES,0.590,50112.50
2026-08-22T18:30:00Z,0xsample003930,sample-prediction-market-30,YES,0.600,50125.00
2026-08-22T19:45:00Z,0xsample003931,sample-prediction-market-31,YES,0.610,50137.50
2026-08-22T20:00:00Z,0xsample003932,sample-prediction-market-32,YES,0.620,50150.00
2026-08-22T21:15:00Z,0xsample003933,sample-prediction-market-33,YES,0.630,50162.50
2026-08-22T22:30:00Z,0xsample003934,sample-prediction-market-34,YES,0.640,50175.00
2026-08-22T23:45:00Z,0xsample003935,sample-prediction-market-35,YES,0.650,50187.50
2026-08-22T00:00:00Z,0xsample003936,sample-prediction-market-36,YES,0.660,50200.00
2026-08-22T01:15:00Z,0xsample003937,sample-prediction-market-37,YES,0.670,50212.50
2026-08-22T02:30:00Z,0xsample003938,sample-prediction-market-38,YES,0.680,50225.00
2026-08-22T03:45:00Z,0xsample003939,sample-prediction-market-39,YES,0.690,50237.50
2026-08-22T04:00:00Z,0xsample003940,sample-prediction-market-40,YES,0.700,50250.00
2026-08-22T05:15:00Z,0xsample003941,sample-prediction-market-41,YES,0.710,50262.50
2026-08-22T06:30:00Z,0xsample003942,sample-prediction-market-42,YES,0.720,50275.00
2026-08-22T07:45:00Z,0xsample003943,sample-prediction-market-43,YES,0.730,50287.50
2026-08-22T08:00:00Z,0xsample003944,sample-prediction-market-44,YES,0.740,50300.00
2026-08-22T09:15:00Z,0xsample003945,sample-prediction-market-45,YES,0.750,50312.50
2026-08-22T10:30:00Z,0xsample003946,sample-prediction-market-46,YES,0.760,50325.00
2026-08-22T11:45:00Z,0xsample003947,sample-prediction-market-47,YES,0.770,50337.50
2026-08-22T12:00:00Z,0xsample003948,sample-prediction-market-48,YES,0.780,50350.00
2026-08-22T13:15:00Z,0xsample003949,sample-prediction-market-49,YES,0.790,50362.50
2026-08-22T14:30:00Z,0xsample003950,sample-prediction-market-0,YES,0.800,50375.00
2026-08-22T15:45:00Z,0xsample003951,sample-prediction-market-1,YES,0.810,50387.50
2026-08-22T16:00:00Z,0xsample003952,sample-prediction-market-2,YES,0.820,50400.00
2026-08-22T17:15:00Z,0xsample003953,sample-prediction-market-3,YES,0.830,50412.50
2026-08-22T18:30:00Z,0xsample003954,sample-prediction-market-4,YES,0.840,50425.00
2026-08-22T19:45:00Z,0xsample003955,sample-prediction-market-5,YES,0.850,50437.50
2026-08-22T20:00:00Z,0xsample003956,sample-prediction-market-6,YES,0.860,50450.00
2026-08-22T21:15:00Z,0xsample003957,sample-prediction-market-7,YES,0.870,50462.50
2026-08-22T22:30:00Z,0xsample003958,sample-prediction-market-8,YES,0.880,50475.00
2026-08-22T23:45:00Z,0xsample003959,sample-prediction-market-9,YES,0.890,50487.50
2026-08-22T00:00:00Z,0xsample003960,sample-prediction-market-10,YES,0.500,50500.00
2026-08-22T01:15:00Z,0xsample003961,sample-prediction-market-11,YES,0.510,50512.50
2026-08-22T02:30:00Z,0xsample003962,sample-prediction-market-12,YES,0.520,50525.00
2026-08-22T03:45:00Z,0xsample003963,sample-prediction-market-13,YES,0.530,50537.50
2026-08-22T04:00:00Z,0xsample003964,sample-prediction-market-14,YES,0.540,50550.00
2026-08-22T05:15:00Z,0xsample003965,sample-prediction-market-15,YES,0.550,50562.50
2026-08-22T06:30:00Z,0xsample003966,sample-prediction-market-16,YES,0.560,50575.00
2026-08-22T07:45:00Z,0xsample003967,sample-prediction-market-17,YES,0.570,50587.50
2026-08-22T08:00:00Z,0xsample003968,sample-prediction-market-18,YES,0.580,50600.00
2026-08-22T09:15:00Z,0xsample003969,sample-prediction-market-19,YES,0.590,50612.50
2026-08-22T10:30:00Z,0xsample003970,sample-prediction-market-20,YES,0.600,50625.00
2026-08-22T11:45:00Z,0xsample003971,sample-prediction-market-21,YES,0.610,50637.50
2026-08-22T12:00:00Z,0xsample003972,sample-prediction-market-22,YES,0.620,50650.00
2026-08-22T13:15:00Z,0xsample003973,sample-prediction-market-23,YES,0.630,50662.50
2026-08-22T14:30:00Z,0xsample003974,sample-prediction-market-24,YES,0.640,50675.00
2026-08-22T15:45:00Z,0xsample003975,sample-prediction-market-25,YES,0.650,50687.50
2026-08-22T16:00:00Z,0xsample003976,sample-prediction-market-26,YES,0.660,50700.00
2026-08-22T17:15:00Z,0xsample003977,sample-prediction-market-27,YES,0.670,50712.50
2026-08-22T18:30:00Z,0xsample003978,sample-prediction-market-28,YES,0.680,50725.00
2026-08-22T19:45:00Z,0xsample003979,sample-prediction-market-29,YES,0.690,50737.50
2026-08-22T20:00:00Z,0xsample003980,sample-prediction-market-30,YES,0.700,50750.00
2026-08-22T21:15:00Z,0xsample003981,sample-prediction-market-31,YES,0.710,50762.50
2026-08-22T22:30:00Z,0xsample003982,sample-prediction-market-32,YES,0.720,50775.00
2026-08-22T23:45:00Z,0xsample003983,sample-prediction-market-33,YES,0.730,50787.50
2026-08-22T00:00:00Z,0xsample003984,sample-prediction-market-34,YES,0.740,50800.00
2026-08-22T01:15:00Z,0xsample003985,sample-prediction-market-35,YES,0.750,50812.50
2026-08-22T02:30:00Z,0xsample003986,sample-prediction-market-36,YES,0.760,50825.00
2026-08-22T03:45:00Z,0xsample003987,sample-prediction-market-37,YES,0.770,50837.50
2026-08-22T04:00:00Z,0xsample003988,sample-prediction-market-38,YES,0.780,50850.00
2026-08-22T05:15:00Z,0xsample003989,sample-prediction-market-39,YES,0.790,50862.50
2026-08-22T06:30:00Z,0xsample003990,sample-prediction-market-40,YES,0.800,50875.00
2026-08-22T07:45:00Z,0xsample003991,sample-prediction-market-41,YES,0.810,50887.50
2026-08-22T08:00:00Z,0xsample003992,sample-prediction-market-42,YES,0.820,50900.00
2026-08-22T09:15:00Z,0xsample003993,sample-prediction-market-43,YES,0.830,50912.50
2026-08-22T10:30:00Z,0xsample003994,sample-prediction-market-44,YES,0.840,50925.00
2026-08-22T11:45:00Z,0xsample003995,sample-prediction-market-45,YES,0.850,50937.50
2026-08-22T12:00:00Z,0xsample003996,sample-prediction-market-46,YES,0.860,50950.00
2026-08-22T13:15:00Z,0xsample003997,sample-prediction-market-47,YES,0.870,50962.50
2026-08-22T14:30:00Z,0xsample003998,sample-prediction-market-48,YES,0.880,50975.00
2026-08-22T15:45:00Z,0xsample003999,sample-prediction-market-49,YES,0.890,50987.50
2026-08-22T16:00:00Z,0xsample004000,sample-prediction-market-0,YES,0.500,51000.00
2026-08-22T17:15:00Z,0xsample004001,sample-prediction-market-1,YES,0.510,51012.50
2026-08-22T18:30:00Z,0xsample004002,sample-prediction-market-2,YES,0.520,51025.00
2026-08-22T19:45:00Z,0xsample004003,sample-prediction-market-3,YES,0.530,51037.50
2026-08-22T20:00:00Z,0xsample004004,sample-prediction-market-4,YES,0.540,51050.00
2026-08-22T21:15:00Z,0xsample004005,sample-prediction-market-5,YES,0.550,51062.50
2026-08-22T22:30:00Z,0xsample004006,sample-prediction-market-6,YES,0.560,51075.00
2026-08-22T23:45:00Z,0xsample004007,sample-prediction-market-7,YES,0.570,51087.50
2026-08-22T00:00:00Z,0xsample004008,sample-prediction-market-8,YES,0.580,51100.00
2026-08-22T01:15:00Z,0xsample004009,sample-prediction-market-9,YES,0.590,51112.50
2026-08-22T02:30:00Z,0xsample004010,sample-prediction-market-10,YES,0.600,51125.00
2026-08-22T03:45:00Z,0xsample004011,sample-prediction-market-11,YES,0.610,51137.50
2026-08-22T04:00:00Z,0xsample004012,sample-prediction-market-12,YES,0.620,51150.00
2026-08-22T05:15:00Z,0xsample004013,sample-prediction-market-13,YES,0.630,51162.50
2026-08-22T06:30:00Z,0xsample004014,sample-prediction-market-14,YES,0.640,51175.00
2026-08-22T07:45:00Z,0xsample004015,sample-prediction-market-15,YES,0.650,51187.50
2026-08-22T08:00:00Z,0xsample004016,sample-prediction-market-16,YES,0.660,51200.00
2026-08-22T09:15:00Z,0xsample004017,sample-prediction-market-17,YES,0.670,51212.50
2026-08-22T10:30:00Z,0xsample004018,sample-prediction-market-18,YES,0.680,51225.00
2026-08-22T11:45:00Z,0xsample004019,sample-prediction-market-19,YES,0.690,51237.50
2026-08-22T12:00:00Z,0xsample004020,sample-prediction-market-20,YES,0.700,51250.00
2026-08-22T13:15:00Z,0xsample004021,sample-prediction-market-21,YES,0.710,51262.50
2026-08-22T14:30:00Z,0xsample004022,sample-prediction-market-22,YES,0.720,51275.00
2026-08-22T15:45:00Z,0xsample004023,sample-prediction-market-23,YES,0.730,51287.50
2026-08-22T16:00:00Z,0xsample004024,sample-prediction-market-24,YES,0.740,51300.00
2026-08-22T17:15:00Z,0xsample004025,sample-prediction-market-25,YES,0.750,51312.50
2026-08-22T18:30:00Z,0xsample004026,sample-prediction-market-26,YES,0.760,51325.00
2026-08-22T19:45:00Z,0xsample004027,sample-prediction-market-27,YES,0.770,51337.50
2026-08-22T20:00:00Z,0xsample004028,sample-prediction-market-28,YES,0.780,51350.00
2026-08-22T21:15:00Z,0xsample004029,sample-prediction-market-29,YES,0.790,51362.50
2026-08-22T22:30:00Z,0xsample004030,sample-prediction-market-30,YES,0.800,51375.00
2026-08-22T23:45:00Z,0xsample004031,sample-prediction-market-31,YES,0.810,51387.50
2026-08-22T00:00:00Z,0xsample004032,sample-prediction-market-32,YES,0.820,51400.00
2026-08-22T01:15:00Z,0xsample004033,sample-prediction-market-33,YES,0.830,51412.50
2026-08-22T02:30:00Z,0xsample004034,sample-prediction-market-34,YES,0.840,51425.00
2026-08-22T03:45:00Z,0xsample004035,sample-prediction-market-35,YES,0.850,51437.50
2026-08-22T04:00:00Z,0xsample004036,sample-prediction-market-36,YES,0.860,51450.00
2026-08-22T05:15:00Z,0xsample004037,sample-prediction-market-37,YES,0.870,51462.50
2026-08-22T06:30:00Z,0xsample004038,sample-prediction-market-38,YES,0.880,51475.00
2026-08-22T07:45:00Z,0xsample004039,sample-prediction-market-39,YES,0.890,51487.50
2026-08-22T08:00:00Z,0xsample004040,sample-prediction-market-40,YES,0.500,51500.00
2026-08-22T09:15:00Z,0xsample004041,sample-prediction-market-41,YES,0.510,51512.50
2026-08-22T10:30:00Z,0xsample004042,sample-prediction-market-42,YES,0.520,51525.00
2026-08-22T11:45:00Z,0xsample004043,sample-prediction-market-43,YES,0.530,51537.50
2026-08-22T12:00:00Z,0xsample004044,sample-prediction-market-44,YES,0.540,51550.00
2026-08-22T13:15:00Z,0xsample004045,sample-prediction-market-45,YES,0.550,51562.50
2026-08-22T14:30:00Z,0xsample004046,sample-prediction-market-46,YES,0.560,51575.00
2026-08-22T15:45:00Z,0xsample004047,sample-prediction-market-47,YES,0.570,51587.50
2026-08-22T16:00:00Z,0xsample004048,sample-prediction-market-48,YES,0.580,51600.00
2026-08-22T17:15:00Z,0xsample004049,sample-prediction-market-49,YES,0.590,51612.50
2026-08-22T18:30:00Z,0xsample004050,sample-prediction-market-0,YES,0.600,51625.00
2026-08-22T19:45:00Z,0xsample004051,sample-prediction-market-1,YES,0.610,51637.50
2026-08-22T20:00:00Z,0xsample004052,sample-prediction-market-2,YES,0.620,51650.00
2026-08-22T21:15:00Z,0xsample004053,sample-prediction-market-3,YES,0.630,51662.50
2026-08-22T22:30:00Z,0xsample004054,sample-prediction-market-4,YES,0.640,51675.00
2026-08-22T23:45:00Z,0xsample004055,sample-prediction-market-5,YES,0.650,51687.50
2026-08-22T00:00:00Z,0xsample004056,sample-prediction-market-6,YES,0.660,51700.00
2026-08-22T01:15:00Z,0xsample004057,sample-prediction-market-7,YES,0.670,51712.50
2026-08-22T02:30:00Z,0xsample004058,sample-prediction-market-8,YES,0.680,51725.00
2026-08-22T03:45:00Z,0xsample004059,sample-prediction-market-9,YES,0.690,51737.50
2026-08-22T04:00:00Z,0xsample004060,sample-prediction-market-10,YES,0.700,51750.00
2026-08-22T05:15:00Z,0xsample004061,sample-prediction-market-11,YES,0.710,51762.50
2026-08-22T06:30:00Z,0xsample004062,sample-prediction-market-12,YES,0.720,51775.00
2026-08-22T07:45:00Z,0xsample004063,sample-prediction-market-13,YES,0.730,51787.50
2026-08-22T08:00:00Z,0xsample004064,sample-prediction-market-14,YES,0.740,51800.00
2026-08-22T09:15:00Z,0xsample004065,sample-prediction-market-15,YES,0.750,51812.50
2026-08-22T10:30:00Z,0xsample004066,sample-prediction-market-16,YES,0.760,51825.00
2026-08-22T11:45:00Z,0xsample004067,sample-prediction-market-17,YES,0.770,51837.50
2026-08-22T12:00:00Z,0xsample004068,sample-prediction-market-18,YES,0.780,51850.00
2026-08-22T13:15:00Z,0xsample004069,sample-prediction-market-19,YES,0.790,51862.50
2026-08-22T14:30:00Z,0xsample004070,sample-prediction-market-20,YES,0.800,51875.00
2026-08-22T15:45:00Z,0xsample004071,sample-prediction-market-21,YES,0.810,51887.50
2026-08-22T16:00:00Z,0xsample004072,sample-prediction-market-22,YES,0.820,51900.00
2026-08-22T17:15:00Z,0xsample004073,sample-prediction-market-23,YES,0.830,51912.50
2026-08-22T18:30:00Z,0xsample004074,sample-prediction-market-24,YES,0.840,51925.00
2026-08-22T19:45:00Z,0xsample004075,sample-prediction-market-25,YES,0.850,51937.50
2026-08-22T20:00:00Z,0xsample004076,sample-prediction-market-26,YES,0.860,51950.00
2026-08-22T21:15:00Z,0xsample004077,sample-prediction-market-27,YES,0.870,51962.50
2026-08-22T22:30:00Z,0xsample004078,sample-prediction-market-28,YES,0.880,51975.00
2026-08-22T23:45:00Z,0xsample004079,sample-prediction-market-29,YES,0.890,51987.50
2026-08-22T00:00:00Z,0xsample004080,sample-prediction-market-30,YES,0.500,52000.00
2026-08-22T01:15:00Z,0xsample004081,sample-prediction-market-31,YES,0.510,52012.50
2026-08-22T02:30:00Z,0xsample004082,sample-prediction-market-32,YES,0.520,52025.00
2026-08-22T03:45:00Z,0xsample004083,sample-prediction-market-33,YES,0.530,52037.50
2026-08-22T04:00:00Z,0xsample004084,sample-prediction-market-34,YES,0.540,52050.00
2026-08-22T05:15:00Z,0xsample004085,sample-prediction-market-35,YES,0.550,52062.50
2026-08-22T06:30:00Z,0xsample004086,sample-prediction-market-36,YES,0.560,52075.00
2026-08-22T07:45:00Z,0xsample004087,sample-prediction-market-37,YES,0.570,52087.50
2026-08-22T08:00:00Z,0xsample004088,sample-prediction-market-38,YES,0.580,52100.00
2026-08-22T09:15:00Z,0xsample004089,sample-prediction-market-39,YES,0.590,52112.50
2026-08-22T10:30:00Z,0xsample004090,sample-prediction-market-40,YES,0.600,52125.00
2026-08-22T11:45:00Z,0xsample004091,sample-prediction-market-41,YES,0.610,52137.50
2026-08-22T12:00:00Z,0xsample004092,sample-prediction-market-42,YES,0.620,52150.00
2026-08-22T13:15:00Z,0xsample004093,sample-prediction-market-43,YES,0.630,52162.50
2026-08-22T14:30:00Z,0xsample004094,sample-prediction-market-44,YES,0.640,52175.00
2026-08-22T15:45:00Z,0xsample004095,sample-prediction-market-45,YES,0.650,52187.50
2026-08-22T16:00:00Z,0xsample004096,sample-prediction-market-46,YES,0.660,52200.00
2026-08-22T17:15:00Z,0xsample004097,sample-prediction-market-47,YES,0.670,52212.50
2026-08-22T18:30:00Z,0xsample004098,sample-prediction-market-48,YES,0.680,52225.00
2026-08-22T19:45:00Z,0xsample004099,sample-prediction-market-49,YES,0.690,52237.50
2026-08-22T20:00:00Z,0xsample004100,sample-prediction-market-0,YES,0.700,52250.00
2026-08-22T21:15:00Z,0xsample004101,sample-prediction-market-1,YES,0.710,52262.50
2026-08-22T22:30:00Z,0xsample004102,sample-prediction-market-2,YES,0.720,52275.00
2026-08-22T23:45:00Z,0xsample004103,sample-prediction-market-3,YES,0.730,52287.50
2026-08-22T00:00:00Z,0xsample004104,sample-prediction-market-4,YES,0.740,52300.00
2026-08-22T01:15:00Z,0xsample004105,sample-prediction-market-5,YES,0.750,52312.50
2026-08-22T02:30:00Z,0xsample004106,sample-prediction-market-6,YES,0.760,52325.00
2026-08-22T03:45:00Z,0xsample004107,sample-prediction-market-7,YES,0.770,52337.50
2026-08-22T04:00:00Z,0xsample004108,sample-prediction-market-8,YES,0.780,52350.00
2026-08-22T05:15:00Z,0xsample004109,sample-prediction-market-9,YES,0.790,52362.50
2026-08-22T06:30:00Z,0xsample004110,sample-prediction-market-10,YES,0.800,52375.00
2026-08-22T07:45:00Z,0xsample004111,sample-prediction-market-11,YES,0.810,52387.50
2026-08-22T08:00:00Z,0xsample004112,sample-prediction-market-12,YES,0.820,52400.00
2026-08-22T09:15:00Z,0xsample004113,sample-prediction-market-13,YES,0.830,52412.50
2026-08-22T10:30:00Z,0xsample004114,sample-prediction-market-14,YES,0.840,52425.00
2026-08-22T11:45:00Z,0xsample004115,sample-prediction-market-15,YES,0.850,52437.50
2026-08-22T12:00:00Z,0xsample004116,sample-prediction-market-16,YES,0.860,52450.00
2026-08-22T13:15:00Z,0xsample004117,sample-prediction-market-17,YES,0.870,52462.50
2026-08-22T14:30:00Z,0xsample004118,sample-prediction-market-18,YES,0.880,52475.00
2026-08-22T15:45:00Z,0xsample004119,sample-prediction-market-19,YES,0.890,52487.50
2026-08-22T16:00:00Z,0xsample004120,sample-prediction-market-20,YES,0.500,52500.00
2026-08-22T17:15:00Z,0xsample004121,sample-prediction-market-21,YES,0.510,52512.50
2026-08-22T18:30:00Z,0xsample004122,sample-prediction-market-22,YES,0.520,52525.00
2026-08-22T19:45:00Z,0xsample004123,sample-prediction-market-23,YES,0.530,52537.50
2026-08-22T20:00:00Z,0xsample004124,sample-prediction-market-24,YES,0.540,52550.00
2026-08-22T21:15:00Z,0xsample004125,sample-prediction-market-25,YES,0.550,52562.50
2026-08-22T22:30:00Z,0xsample004126,sample-prediction-market-26,YES,0.560,52575.00
2026-08-22T23:45:00Z,0xsample004127,sample-prediction-market-27,YES,0.570,52587.50
2026-08-22T00:00:00Z,0xsample004128,sample-prediction-market-28,YES,0.580,52600.00
2026-08-22T01:15:00Z,0xsample004129,sample-prediction-market-29,YES,0.590,52612.50
2026-08-22T02:30:00Z,0xsample004130,sample-prediction-market-30,YES,0.600,52625.00
2026-08-22T03:45:00Z,0xsample004131,sample-prediction-market-31,YES,0.610,52637.50
2026-08-22T04:00:00Z,0xsample004132,sample-prediction-market-32,YES,0.620,52650.00
2026-08-22T05:15:00Z,0xsample004133,sample-prediction-market-33,YES,0.630,52662.50
2026-08-22T06:30:00Z,0xsample004134,sample-prediction-market-34,YES,0.640,52675.00
2026-08-22T07:45:00Z,0xsample004135,sample-prediction-market-35,YES,0.650,52687.50
2026-08-22T08:00:00Z,0xsample004136,sample-prediction-market-36,YES,0.660,52700.00
2026-08-22T09:15:00Z,0xsample004137,sample-prediction-market-37,YES,0.670,52712.50
2026-08-22T10:30:00Z,0xsample004138,sample-prediction-market-38,YES,0.680,52725.00
2026-08-22T11:45:00Z,0xsample004139,sample-prediction-market-39,YES,0.690,52737.50
2026-08-22T12:00:00Z,0xsample004140,sample-prediction-market-40,YES,0.700,52750.00
2026-08-22T13:15:00Z,0xsample004141,sample-prediction-market-41,YES,0.710,52762.50
2026-08-22T14:30:00Z,0xsample004142,sample-prediction-market-42,YES,0.720,52775.00
2026-08-22T15:45:00Z,0xsample004143,sample-prediction-market-43,YES,0.730,52787.50
2026-08-22T16:00:00Z,0xsample004144,sample-prediction-market-44,YES,0.740,52800.00
2026-08-22T17:15:00Z,0xsample004145,sample-prediction-market-45,YES,0.750,52812.50
2026-08-22T18:30:00Z,0xsample004146,sample-prediction-market-46,YES,0.760,52825.00
2026-08-22T19:45:00Z,0xsample004147,sample-prediction-market-47,YES,0.770,52837.50
2026-08-22T20:00:00Z,0xsample004148,sample-prediction-market-48,YES,0.780,52850.00
2026-08-22T21:15:00Z,0xsample004149,sample-prediction-market-49,YES,0.790,52862.50
2026-08-22T22:30:00Z,0xsample004150,sample-prediction-market-0,YES,0.800,52875.00
2026-08-22T23:45:00Z,0xsample004151,sample-prediction-market-1,YES,0.810,52887.50
2026-08-22T00:00:00Z,0xsample004152,sample-prediction-market-2,YES,0.820,52900.00
2026-08-22T01:15:00Z,0xsample004153,sample-prediction-market-3,YES,0.830,52912.50
2026-08-22T02:30:00Z,0xsample004154,sample-prediction-market-4,YES,0.840,52925.00
2026-08-22T03:45:00Z,0xsample004155,sample-prediction-market-5,YES,0.850,52937.50
2026-08-22T04:00:00Z,0xsample004156,sample-prediction-market-6,YES,0.860,52950.00
2026-08-22T05:15:00Z,0xsample004157,sample-prediction-market-7,YES,0.870,52962.50
2026-08-22T06:30:00Z,0xsample004158,sample-prediction-market-8,YES,0.880,52975.00
2026-08-22T07:45:00Z,0xsample004159,sample-prediction-market-9,YES,0.890,52987.50
2026-08-22T08:00:00Z,0xsample004160,sample-prediction-market-10,YES,0.500,53000.00
2026-08-22T09:15:00Z,0xsample004161,sample-prediction-market-11,YES,0.510,53012.50
2026-08-22T10:30:00Z,0xsample004162,sample-prediction-market-12,YES,0.520,53025.00
2026-08-22T11:45:00Z,0xsample004163,sample-prediction-market-13,YES,0.530,53037.50
2026-08-22T12:00:00Z,0xsample004164,sample-prediction-market-14,YES,0.540,53050.00
2026-08-22T13:15:00Z,0xsample004165,sample-prediction-market-15,YES,0.550,53062.50
2026-08-22T14:30:00Z,0xsample004166,sample-prediction-market-16,YES,0.560,53075.00
2026-08-22T15:45:00Z,0xsample004167,sample-prediction-market-17,YES,0.570,53087.50
2026-08-22T16:00:00Z,0xsample004168,sample-prediction-market-18,YES,0.580,53100.00
2026-08-22T17:15:00Z,0xsample004169,sample-prediction-market-19,YES,0.590,53112.50
2026-08-22T18:30:00Z,0xsample004170,sample-prediction-market-20,YES,0.600,53125.00
2026-08-22T19:45:00Z,0xsample004171,sample-prediction-market-21,YES,0.610,53137.50
2026-08-22T20:00:00Z,0xsample004172,sample-prediction-market-22,YES,0.620,53150.00
2026-08-22T21:15:00Z,0xsample004173,sample-prediction-market-23,YES,0.630,53162.50
2026-08-22T22:30:00Z,0xsample004174,sample-prediction-market-24,YES,0.640,53175.00
2026-08-22T23:45:00Z,0xsample004175,sample-prediction-market-25,YES,0.650,53187.50
2026-08-22T00:00:00Z,0xsample004176,sample-prediction-market-26,YES,0.660,53200.00
2026-08-22T01:15:00Z,0xsample004177,sample-prediction-market-27,YES,0.670,53212.50
2026-08-22T02:30:00Z,0xsample004178,sample-prediction-market-28,YES,0.680,53225.00
2026-08-22T03:45:00Z,0xsample004179,sample-prediction-market-29,YES,0.690,53237.50
2026-08-22T04:00:00Z,0xsample004180,sample-prediction-market-30,YES,0.700,53250.00
2026-08-22T05:15:00Z,0xsample004181,sample-prediction-market-31,YES,0.710,53262.50
2026-08-22T06:30:00Z,0xsample004182,sample-prediction-market-32,YES,0.720,53275.00
2026-08-22T07:45:00Z,0xsample004183,sample-prediction-market-33,YES,0.730,53287.50
2026-08-22T08:00:00Z,0xsample004184,sample-prediction-market-34,YES,0.740,53300.00
2026-08-22T09:15:00Z,0xsample004185,sample-prediction-market-35,YES,0.750,53312.50
2026-08-22T10:30:00Z,0xsample004186,sample-prediction-market-36,YES,0.760,53325.00
2026-08-22T11:45:00Z,0xsample004187,sample-prediction-market-37,YES,0.770,53337.50
2026-08-22T12:00:00Z,0xsample004188,sample-prediction-market-38,YES,0.780,53350.00
2026-08-22T13:15:00Z,0xsample004189,sample-prediction-market-39,YES,0.790,53362.50
2026-08-22T14:30:00Z,0xsample004190,sample-prediction-market-40,YES,0.800,53375.00
2026-08-22T15:45:00Z,0xsample004191,sample-prediction-market-41,YES,0.810,53387.50
2026-08-22T16:00:00Z,0xsample004192,sample-prediction-market-42,YES,0.820,53400.00
2026-08-22T17:15:00Z,0xsample004193,sample-prediction-market-43,YES,0.830,53412.50
2026-08-22T18:30:00Z,0xsample004194,sample-prediction-market-44,YES,0.840,53425.00
2026-08-22T19:45:00Z,0xsample004195,sample-prediction-market-45,YES,0.850,53437.50
2026-08-22T20:00:00Z,0xsample004196,sample-prediction-market-46,YES,0.860,53450.00
2026-08-22T21:15:00Z,0xsample004197,sample-prediction-market-47,YES,0.870,53462.50
2026-08-22T22:30:00Z,0xsample004198,sample-prediction-market-48,YES,0.880,53475.00
2026-08-22T23:45:00Z,0xsample004199,sample-prediction-market-49,YES,0.890,53487.50
2026-08-22T00:00:00Z,0xsample004200,sample-prediction-market-0,YES,0.500,53500.00
2026-08-22T01:15:00Z,0xsample004201,sample-prediction-market-1,YES,0.510,53512.50
2026-08-22T02:30:00Z,0xsample004202,sample-prediction-market-2,YES,0.520,53525.00
2026-08-22T03:45:00Z,0xsample004203,sample-prediction-market-3,YES,0.530,53537.50
2026-08-22T04:00:00Z,0xsample004204,sample-prediction-market-4,YES,0.540,53550.00
2026-08-22T05:15:00Z,0xsample004205,sample-prediction-market-5,YES,0.550,53562.50
2026-08-22T06:30:00Z,0xsample004206,sample-prediction-market-6,YES,0.560,53575.00
2026-08-22T07:45:00Z,0xsample004207,sample-prediction-market-7,YES,0.570,53587.50
2026-08-22T08:00:00Z,0xsample004208,sample-prediction-market-8,YES,0.580,53600.00
2026-08-22T09:15:00Z,0xsample004209,sample-prediction-market-9,YES,0.590,53612.50
2026-08-22T10:30:00Z,0xsample004210,sample-prediction-market-10,YES,0.600,53625.00
2026-08-22T11:45:00Z,0xsample004211,sample-prediction-market-11,YES,0.610,53637.50
2026-08-22T12:00:00Z,0xsample004212,sample-prediction-market-12,YES,0.620,53650.00
2026-08-22T13:15:00Z,0xsample004213,sample-prediction-market-13,YES,0.630,53662.50
2026-08-22T14:30:00Z,0xsample004214,sample-prediction-market-14,YES,0.640,53675.00
2026-08-22T15:45:00Z,0xsample004215,sample-prediction-market-15,YES,0.650,53687.50
2026-08-22T16:00:00Z,0xsample004216,sample-prediction-market-16,YES,0.660,53700.00
2026-08-22T17:15:00Z,0xsample004217,sample-prediction-market-17,YES,0.670,53712.50
2026-08-22T18:30:00Z,0xsample004218,sample-prediction-market-18,YES,0.680,53725.00
2026-08-22T19:45:00Z,0xsample004219,sample-prediction-market-19,YES,0.690,53737.50
2026-08-22T20:00:00Z,0xsample004220,sample-prediction-market-20,YES,0.700,53750.00
2026-08-22T21:15:00Z,0xsample004221,sample-prediction-market-21,YES,0.710,53762.50
2026-08-22T22:30:00Z,0xsample004222,sample-prediction-market-22,YES,0.720,53775.00
2026-08-22T23:45:00Z,0xsample004223,sample-prediction-market-23,YES,0.730,53787.50
2026-08-22T00:00:00Z,0xsample004224,sample-prediction-market-24,YES,0.740,53800.00
2026-08-22T01:15:00Z,0xsample004225,sample-prediction-market-25,YES,0.750,53812.50
2026-08-22T02:30:00Z,0xsample004226,sample-prediction-market-26,YES,0.760,53825.00
2026-08-22T03:45:00Z,0xsample004227,sample-prediction-market-27,YES,0.770,53837.50
2026-08-22T04:00:00Z,0xsample004228,sample-prediction-market-28,YES,0.780,53850.00
2026-08-22T05:15:00Z,0xsample004229,sample-prediction-market-29,YES,0.790,53862.50
2026-08-22T06:30:00Z,0xsample004230,sample-prediction-market-30,YES,0.800,53875.00
2026-08-22T07:45:00Z,0xsample004231,sample-prediction-market-31,YES,0.810,53887.50
2026-08-22T08:00:00Z,0xsample004232,sample-prediction-market-32,YES,0.820,53900.00
2026-08-22T09:15:00Z,0xsample004233,sample-prediction-market-33,YES,0.830,53912.50
2026-08-22T10:30:00Z,0xsample004234,sample-prediction-market-34,YES,0.840,53925.00
2026-08-22T11:45:00Z,0xsample004235,sample-prediction-market-35,YES,0.850,53937.50
2026-08-22T12:00:00Z,0xsample004236,sample-prediction-market-36,YES,0.860,53950.00
2026-08-22T13:15:00Z,0xsample004237,sample-prediction-market-37,YES,0.870,53962.50
2026-08-22T14:30:00Z,0xsample004238,sample-prediction-market-38,YES,0.880,53975.00
2026-08-22T15:45:00Z,0xsample004239,sample-prediction-market-39,YES,0.890,53987.50
2026-08-22T16:00:00Z,0xsample004240,sample-prediction-market-40,YES,0.500,54000.00
2026-08-22T17:15:00Z,0xsample004241,sample-prediction-market-41,YES,0.510,54012.50
2026-08-22T18:30:00Z,0xsample004242,sample-prediction-market-42,YES,0.520,54025.00
2026-08-22T19:45:00Z,0xsample004243,sample-prediction-market-43,YES,0.530,54037.50
2026-08-22T20:00:00Z,0xsample004244,sample-prediction-market-44,YES,0.540,54050.00
2026-08-22T21:15:00Z,0xsample004245,sample-prediction-market-45,YES,0.550,54062.50
2026-08-22T22:30:00Z,0xsample004246,sample-prediction-market-46,YES,0.560,54075.00
2026-08-22T23:45:00Z,0xsample004247,sample-prediction-market-47,YES,0.570,54087.50
2026-08-22T00:00:00Z,0xsample004248,sample-prediction-market-48,YES,0.580,54100.00
2026-08-22T01:15:00Z,0xsample004249,sample-prediction-market-49,YES,0.590,54112.50
2026-08-22T02:30:00Z,0xsample004250,sample-prediction-market-0,YES,0.600,54125.00
2026-08-22T03:45:00Z,0xsample004251,sample-prediction-market-1,YES,0.610,54137.50
2026-08-22T04:00:00Z,0xsample004252,sample-prediction-market-2,YES,0.620,54150.00
2026-08-22T05:15:00Z,0xsample004253,sample-prediction-market-3,YES,0.630,54162.50
2026-08-22T06:30:00Z,0xsample004254,sample-prediction-market-4,YES,0.640,54175.00
2026-08-22T07:45:00Z,0xsample004255,sample-prediction-market-5,YES,0.650,54187.50
2026-08-22T08:00:00Z,0xsample004256,sample-prediction-market-6,YES,0.660,54200.00
2026-08-22T09:15:00Z,0xsample004257,sample-prediction-market-7,YES,0.670,54212.50
2026-08-22T10:30:00Z,0xsample004258,sample-prediction-market-8,YES,0.680,54225.00
2026-08-22T11:45:00Z,0xsample004259,sample-prediction-market-9,YES,0.690,54237.50
2026-08-22T12:00:00Z,0xsample004260,sample-prediction-market-10,YES,0.700,54250.00
2026-08-22T13:15:00Z,0xsample004261,sample-prediction-market-11,YES,0.710,54262.50
2026-08-22T14:30:00Z,0xsample004262,sample-prediction-market-12,YES,0.720,54275.00
2026-08-22T15:45:00Z,0xsample004263,sample-prediction-market-13,YES,0.730,54287.50
2026-08-22T16:00:00Z,0xsample004264,sample-prediction-market-14,YES,0.740,54300.00
2026-08-22T17:15:00Z,0xsample004265,sample-prediction-market-15,YES,0.750,54312.50
2026-08-22T18:30:00Z,0xsample004266,sample-prediction-market-16,YES,0.760,54325.00
2026-08-22T19:45:00Z,0xsample004267,sample-prediction-market-17,YES,0.770,54337.50
2026-08-22T20:00:00Z,0xsample004268,sample-prediction-market-18,YES,0.780,54350.00
2026-08-22T21:15:00Z,0xsample004269,sample-prediction-market-19,YES,0.790,54362.50
2026-08-22T22:30:00Z,0xsample004270,sample-prediction-market-20,YES,0.800,54375.00
2026-08-22T23:45:00Z,0xsample004271,sample-prediction-market-21,YES,0.810,54387.50
2026-08-22T00:00:00Z,0xsample004272,sample-prediction-market-22,YES,0.820,54400.00
2026-08-22T01:15:00Z,0xsample004273,sample-prediction-market-23,YES,0.830,54412.50
2026-08-22T02:30:00Z,0xsample004274,sample-prediction-market-24,YES,0.840,54425.00
2026-08-22T03:45:00Z,0xsample004275,sample-prediction-market-25,YES,0.850,54437.50
2026-08-22T04:00:00Z,0xsample004276,sample-prediction-market-26,YES,0.860,54450.00
2026-08-22T05:15:00Z,0xsample004277,sample-prediction-market-27,YES,0.870,54462.50
2026-08-22T06:30:00Z,0xsample004278,sample-prediction-market-28,YES,0.880,54475.00
2026-08-22T07:45:00Z,0xsample004279,sample-prediction-market-29,YES,0.890,54487.50
2026-08-22T08:00:00Z,0xsample004280,sample-prediction-market-30,YES,0.500,54500.00
2026-08-22T09:15:00Z,0xsample004281,sample-prediction-market-31,YES,0.510,54512.50
2026-08-22T10:30:00Z,0xsample004282,sample-prediction-market-32,YES,0.520,54525.00
2026-08-22T11:45:00Z,0xsample004283,sample-prediction-market-33,YES,0.530,54537.50
2026-08-22T12:00:00Z,0xsample004284,sample-prediction-market-34,YES,0.540,54550.00
2026-08-22T13:15:00Z,0xsample004285,sample-prediction-market-35,YES,0.550,54562.50
2026-08-22T14:30:00Z,0xsample004286,sample-prediction-market-36,YES,0.560,54575.00
2026-08-22T15:45:00Z,0xsample004287,sample-prediction-market-37,YES,0.570,54587.50
2026-08-22T16:00:00Z,0xsample004288,sample-prediction-market-38,YES,0.580,54600.00
2026-08-22T17:15:00Z,0xsample004289,sample-prediction-market-39,YES,0.590,54612.50
2026-08-22T18:30:00Z,0xsample004290,sample-prediction-market-40,YES,0.600,54625.00
2026-08-22T19:45:00Z,0xsample004291,sample-prediction-market-41,YES,0.610,54637.50
2026-08-22T20:00:00Z,0xsample004292,sample-prediction-market-42,YES,0.620,54650.00
2026-08-22T21:15:00Z,0xsample004293,sample-prediction-market-43,YES,0.630,54662.50
2026-08-22T22:30:00Z,0xsample004294,sample-prediction-market-44,YES,0.640,54675.00
2026-08-22T23:45:00Z,0xsample004295,sample-prediction-market-45,YES,0.650,54687.50
2026-08-22T00:00:00Z,0xsample004296,sample-prediction-market-46,YES,0.660,54700.00
2026-08-22T01:15:00Z,0xsample004297,sample-prediction-market-47,YES,0.670,54712.50
2026-08-22T02:30:00Z,0xsample004298,sample-prediction-market-48,YES,0.680,54725.00
2026-08-22T03:45:00Z,0xsample004299,sample-prediction-market-49,YES,0.690,54737.50
2026-08-22T04:00:00Z,0xsample004300,sample-prediction-market-0,YES,0.700,54750.00
2026-08-22T05:15:00Z,0xsample004301,sample-prediction-market-1,YES,0.710,54762.50
2026-08-22T06:30:00Z,0xsample004302,sample-prediction-market-2,YES,0.720,54775.00
2026-08-22T07:45:00Z,0xsample004303,sample-prediction-market-3,YES,0.730,54787.50
2026-08-22T08:00:00Z,0xsample004304,sample-prediction-market-4,YES,0.740,54800.00
2026-08-22T09:15:00Z,0xsample004305,sample-prediction-market-5,YES,0.750,54812.50
2026-08-22T10:30:00Z,0xsample004306,sample-prediction-market-6,YES,0.760,54825.00
2026-08-22T11:45:00Z,0xsample004307,sample-prediction-market-7,YES,0.770,54837.50
2026-08-22T12:00:00Z,0xsample004308,sample-prediction-market-8,YES,0.780,54850.00
2026-08-22T13:15:00Z,0xsample004309,sample-prediction-market-9,YES,0.790,54862.50
2026-08-22T14:30:00Z,0xsample004310,sample-prediction-market-10,YES,0.800,54875.00
2026-08-22T15:45:00Z,0xsample004311,sample-prediction-market-11,YES,0.810,54887.50
2026-08-22T16:00:00Z,0xsample004312,sample-prediction-market-12,YES,0.820,54900.00
2026-08-22T17:15:00Z,0xsample004313,sample-prediction-market-13,YES,0.830,54912.50
2026-08-22T18:30:00Z,0xsample004314,sample-prediction-market-14,YES,0.840,54925.00
2026-08-22T19:45:00Z,0xsample004315,sample-prediction-market-15,YES,0.850,54937.50
2026-08-22T20:00:00Z,0xsample004316,sample-prediction-market-16,YES,0.860,54950.00
2026-08-22T21:15:00Z,0xsample004317,sample-prediction-market-17,YES,0.870,54962.50
2026-08-22T22:30:00Z,0xsample004318,sample-prediction-market-18,YES,0.880,54975.00
2026-08-22T23:45:00Z,0xsample004319,sample-prediction-market-19,YES,0.890,54987.50
2026-08-22T00:00:00Z,0xsample004320,sample-prediction-market-20,YES,0.500,55000.00
2026-08-22T01:15:00Z,0xsample004321,sample-prediction-market-21,YES,0.510,55012.50
2026-08-22T02:30:00Z,0xsample004322,sample-prediction-market-22,YES,0.520,55025.00
2026-08-22T03:45:00Z,0xsample004323,sample-prediction-market-23,YES,0.530,55037.50
2026-08-22T04:00:00Z,0xsample004324,sample-prediction-market-24,YES,0.540,55050.00
2026-08-22T05:15:00Z,0xsample004325,sample-prediction-market-25,YES,0.550,55062.50
2026-08-22T06:30:00Z,0xsample004326,sample-prediction-market-26,YES,0.560,55075.00
2026-08-22T07:45:00Z,0xsample004327,sample-prediction-market-27,YES,0.570,55087.50
2026-08-22T08:00:00Z,0xsample004328,sample-prediction-market-28,YES,0.580,55100.00
2026-08-22T09:15:00Z,0xsample004329,sample-prediction-market-29,YES,0.590,55112.50
2026-08-22T10:30:00Z,0xsample004330,sample-prediction-market-30,YES,0.600,55125.00
2026-08-22T11:45:00Z,0xsample004331,sample-prediction-market-31,YES,0.610,55137.50
2026-08-22T12:00:00Z,0xsample004332,sample-prediction-market-32,YES,0.620,55150.00
2026-08-22T13:15:00Z,0xsample004333,sample-prediction-market-33,YES,0.630,55162.50
2026-08-22T14:30:00Z,0xsample004334,sample-prediction-market-34,YES,0.640,55175.00
2026-08-22T15:45:00Z,0xsample004335,sample-prediction-market-35,YES,0.650,55187.50
2026-08-22T16:00:00Z,0xsample004336,sample-prediction-market-36,YES,0.660,55200.00
2026-08-22T17:15:00Z,0xsample004337,sample-prediction-market-37,YES,0.670,55212.50
2026-08-22T18:30:00Z,0xsample004338,sample-prediction-market-38,YES,0.680,55225.00
2026-08-22T19:45:00Z,0xsample004339,sample-prediction-market-39,YES,0.690,55237.50
2026-08-22T20:00:00Z,0xsample004340,sample-prediction-market-40,YES,0.700,55250.00
2026-08-22T21:15:00Z,0xsample004341,sample-prediction-market-41,YES,0.710,55262.50
2026-08-22T22:30:00Z,0xsample004342,sample-prediction-market-42,YES,0.720,55275.00
2026-08-22T23:45:00Z,0xsample004343,sample-prediction-market-43,YES,0.730,55287.50
2026-08-22T00:00:00Z,0xsample004344,sample-prediction-market-44,YES,0.740,55300.00
2026-08-22T01:15:00Z,0xsample004345,sample-prediction-market-45,YES,0.750,55312.50
2026-08-22T02:30:00Z,0xsample004346,sample-prediction-market-46,YES,0.760,55325.00
2026-08-22T03:45:00Z,0xsample004347,sample-prediction-market-47,YES,0.770,55337.50
2026-08-22T04:00:00Z,0xsample004348,sample-prediction-market-48,YES,0.780,55350.00
2026-08-22T05:15:00Z,0xsample004349,sample-prediction-market-49,YES,0.790,55362.50
2026-08-22T06:30:00Z,0xsample004350,sample-prediction-market-0,YES,0.800,55375.00
2026-08-22T07:45:00Z,0xsample004351,sample-prediction-market-1,YES,0.810,55387.50
2026-08-22T08:00:00Z,0xsample004352,sample-prediction-market-2,YES,0.820,55400.00
2026-08-22T09:15:00Z,0xsample004353,sample-prediction-market-3,YES,0.830,55412.50
2026-08-22T10:30:00Z,0xsample004354,sample-prediction-market-4,YES,0.840,55425.00
2026-08-22T11:45:00Z,0xsample004355,sample-prediction-market-5,YES,0.850,55437.50
2026-08-22T12:00:00Z,0xsample004356,sample-prediction-market-6,YES,0.860,55450.00
2026-08-22T13:15:00Z,0xsample004357,sample-prediction-market-7,YES,0.870,55462.50
2026-08-22T14:30:00Z,0xsample004358,sample-prediction-market-8,YES,0.880,55475.00
2026-08-22T15:45:00Z,0xsample004359,sample-prediction-market-9,YES,0.890,55487.50
2026-08-22T16:00:00Z,0xsample004360,sample-prediction-market-10,YES,0.500,55500.00
2026-08-22T17:15:00Z,0xsample004361,sample-prediction-market-11,YES,0.510,55512.50
2026-08-22T18:30:00Z,0xsample004362,sample-prediction-market-12,YES,0.520,55525.00
2026-08-22T19:45:00Z,0xsample004363,sample-prediction-market-13,YES,0.530,55537.50
2026-08-22T20:00:00Z,0xsample004364,sample-prediction-market-14,YES,0.540,55550.00
2026-08-22T21:15:00Z,0xsample004365,sample-prediction-market-15,YES,0.550,55562.50
2026-08-22T22:30:00Z,0xsample004366,sample-prediction-market-16,YES,0.560,55575.00
2026-08-22T23:45:00Z,0xsample004367,sample-prediction-market-17,YES,0.570,55587.50
2026-08-22T00:00:00Z,0xsample004368,sample-prediction-market-18,YES,0.580,55600.00
2026-08-22T01:15:00Z,0xsample004369,sample-prediction-market-19,YES,0.590,55612.50
2026-08-22T02:30:00Z,0xsample004370,sample-prediction-market-20,YES,0.600,55625.00
2026-08-22T03:45:00Z,0xsample004371,sample-prediction-market-21,YES,0.610,55637.50
2026-08-22T04:00:00Z,0xsample004372,sample-prediction-market-22,YES,0.620,55650.00
2026-08-22T05:15:00Z,0xsample004373,sample-prediction-market-23,YES,0.630,55662.50
2026-08-22T06:30:00Z,0xsample004374,sample-prediction-market-24,YES,0.640,55675.00
2026-08-22T07:45:00Z,0xsample004375,sample-prediction-market-25,YES,0.650,55687.50
2026-08-22T08:00:00Z,0xsample004376,sample-prediction-market-26,YES,0.660,55700.00
2026-08-22T09:15:00Z,0xsample004377,sample-prediction-market-27,YES,0.670,55712.50
2026-08-22T10:30:00Z,0xsample004378,sample-prediction-market-28,YES,0.680,55725.00
2026-08-22T11:45:00Z,0xsample004379,sample-prediction-market-29,YES,0.690,55737.50
2026-08-22T12:00:00Z,0xsample004380,sample-prediction-market-30,YES,0.700,55750.00
2026-08-22T13:15:00Z,0xsample004381,sample-prediction-market-31,YES,0.710,55762.50
2026-08-22T14:30:00Z,0xsample004382,sample-prediction-market-32,YES,0.720,55775.00
2026-08-22T15:45:00Z,0xsample004383,sample-prediction-market-33,YES,0.730,55787.50
2026-08-22T16:00:00Z,0xsample004384,sample-prediction-market-34,YES,0.740,55800.00
2026-08-22T17:15:00Z,0xsample004385,sample-prediction-market-35,YES,0.750,55812.50
2026-08-22T18:30:00Z,0xsample004386,sample-prediction-market-36,YES,0.760,55825.00
2026-08-22T19:45:00Z,0xsample004387,sample-prediction-market-37,YES,0.770,55837.50
2026-08-22T20:00:00Z,0xsample004388,sample-prediction-market-38,YES,0.780,55850.00
2026-08-22T21:15:00Z,0xsample004389,sample-prediction-market-39,YES,0.790,55862.50
2026-08-22T22:30:00Z,0xsample004390,sample-prediction-market-40,YES,0.800,55875.00
2026-08-22T23:45:00Z,0xsample004391,sample-prediction-market-41,YES,0.810,55887.50
2026-08-22T00:00:00Z,0xsample004392,sample-prediction-market-42,YES,0.820,55900.00
2026-08-22T01:15:00Z,0xsample004393,sample-prediction-market-43,YES,0.830,55912.50
2026-08-22T02:30:00Z,0xsample004394,sample-prediction-market-44,YES,0.840,55925.00
2026-08-22T03:45:00Z,0xsample004395,sample-prediction-market-45,YES,0.850,55937.50
2026-08-22T04:00:00Z,0xsample004396,sample-prediction-market-46,YES,0.860,55950.00
2026-08-22T05:15:00Z,0xsample004397,sample-prediction-market-47,YES,0.870,55962.50
2026-08-22T06:30:00Z,0xsample004398,sample-prediction-market-48,YES,0.880,55975.00
2026-08-22T07:45:00Z,0xsample004399,sample-prediction-market-49,YES,0.890,55987.50
2026-08-22T08:00:00Z,0xsample004400,sample-prediction-market-0,YES,0.500,56000.00
2026-08-22T09:15:00Z,0xsample004401,sample-prediction-market-1,YES,0.510,56012.50
2026-08-22T10:30:00Z,0xsample004402,sample-prediction-market-2,YES,0.520,56025.00
2026-08-22T11:45:00Z,0xsample004403,sample-prediction-market-3,YES,0.530,56037.50
2026-08-22T12:00:00Z,0xsample004404,sample-prediction-market-4,YES,0.540,56050.00
2026-08-22T13:15:00Z,0xsample004405,sample-prediction-market-5,YES,0.550,56062.50
2026-08-22T14:30:00Z,0xsample004406,sample-prediction-market-6,YES,0.560,56075.00
2026-08-22T15:45:00Z,0xsample004407,sample-prediction-market-7,YES,0.570,56087.50
2026-08-22T16:00:00Z,0xsample004408,sample-prediction-market-8,YES,0.580,56100.00
2026-08-22T17:15:00Z,0xsample004409,sample-prediction-market-9,YES,0.590,56112.50
2026-08-22T18:30:00Z,0xsample004410,sample-prediction-market-10,YES,0.600,56125.00
2026-08-22T19:45:00Z,0xsample004411,sample-prediction-market-11,YES,0.610,56137.50
2026-08-22T20:00:00Z,0xsample004412,sample-prediction-market-12,YES,0.620,56150.00
2026-08-22T21:15:00Z,0xsample004413,sample-prediction-market-13,YES,0.630,56162.50
2026-08-22T22:30:00Z,0xsample004414,sample-prediction-market-14,YES,0.640,56175.00
2026-08-22T23:45:00Z,0xsample004415,sample-prediction-market-15,YES,0.650,56187.50
2026-08-22T00:00:00Z,0xsample004416,sample-prediction-market-16,YES,0.660,56200.00
2026-08-22T01:15:00Z,0xsample004417,sample-prediction-market-17,YES,0.670,56212.50
2026-08-22T02:30:00Z,0xsample004418,sample-prediction-market-18,YES,0.680,56225.00
2026-08-22T03:45:00Z,0xsample004419,sample-prediction-market-19,YES,0.690,56237.50
2026-08-22T04:00:00Z,0xsample004420,sample-prediction-market-20,YES,0.700,56250.00
2026-08-22T05:15:00Z,0xsample004421,sample-prediction-market-21,YES,0.710,56262.50
2026-08-22T06:30:00Z,0xsample004422,sample-prediction-market-22,YES,0.720,56275.00
2026-08-22T07:45:00Z,0xsample004423,sample-prediction-market-23,YES,0.730,56287.50
2026-08-22T08:00:00Z,0xsample004424,sample-prediction-market-24,YES,0.740,56300.00
2026-08-22T09:15:00Z,0xsample004425,sample-prediction-market-25,YES,0.750,56312.50
2026-08-22T10:30:00Z,0xsample004426,sample-prediction-market-26,YES,0.760,56325.00
2026-08-22T11:45:00Z,0xsample004427,sample-prediction-market-27,YES,0.770,56337.50
2026-08-22T12:00:00Z,0xsample004428,sample-prediction-market-28,YES,0.780,56350.00
2026-08-22T13:15:00Z,0xsample004429,sample-prediction-market-29,YES,0.790,56362.50
2026-08-22T14:30:00Z,0xsample004430,sample-prediction-market-30,YES,0.800,56375.00
2026-08-22T15:45:00Z,0xsample004431,sample-prediction-market-31,YES,0.810,56387.50
2026-08-22T16:00:00Z,0xsample004432,sample-prediction-market-32,YES,0.820,56400.00
2026-08-22T17:15:00Z,0xsample004433,sample-prediction-market-33,YES,0.830,56412.50
2026-08-22T18:30:00Z,0xsample004434,sample-prediction-market-34,YES,0.840,56425.00
2026-08-22T19:45:00Z,0xsample004435,sample-prediction-market-35,YES,0.850,56437.50
2026-08-22T20:00:00Z,0xsample004436,sample-prediction-market-36,YES,0.860,56450.00
2026-08-22T21:15:00Z,0xsample004437,sample-prediction-market-37,YES,0.870,56462.50
2026-08-22T22:30:00Z,0xsample004438,sample-prediction-market-38,YES,0.880,56475.00
2026-08-22T23:45:00Z,0xsample004439,sample-prediction-market-39,YES,0.890,56487.50
2026-08-22T00:00:00Z,0xsample004440,sample-prediction-market-40,YES,0.500,56500.00
2026-08-22T01:15:00Z,0xsample004441,sample-prediction-market-41,YES,0.510,56512.50
2026-08-22T02:30:00Z,0xsample004442,sample-prediction-market-42,YES,0.520,56525.00
2026-08-22T03:45:00Z,0xsample004443,sample-prediction-market-43,YES,0.530,56537.50
2026-08-22T04:00:00Z,0xsample004444,sample-prediction-market-44,YES,0.540,56550.00
2026-08-22T05:15:00Z,0xsample004445,sample-prediction-market-45,YES,0.550,56562.50
2026-08-22T06:30:00Z,0xsample004446,sample-prediction-market-46,YES,0.560,56575.00
2026-08-22T07:45:00Z,0xsample004447,sample-prediction-market-47,YES,0.570,56587.50
2026-08-22T08:00:00Z,0xsample004448,sample-prediction-market-48,YES,0.580,56600.00
2026-08-22T09:15:00Z,0xsample004449,sample-prediction-market-49,YES,0.590,56612.50
2026-08-22T10:30:00Z,0xsample004450,sample-prediction-market-0,YES,0.600,56625.00
2026-08-22T11:45:00Z,0xsample004451,sample-prediction-market-1,YES,0.610,56637.50
2026-08-22T12:00:00Z,0xsample004452,sample-prediction-market-2,YES,0.620,56650.00
2026-08-22T13:15:00Z,0xsample004453,sample-prediction-market-3,YES,0.630,56662.50
2026-08-22T14:30:00Z,0xsample004454,sample-prediction-market-4,YES,0.640,56675.00
2026-08-22T15:45:00Z,0xsample004455,sample-prediction-market-5,YES,0.650,56687.50
2026-08-22T16:00:00Z,0xsample004456,sample-prediction-market-6,YES,0.660,56700.00
2026-08-22T17:15:00Z,0xsample004457,sample-prediction-market-7,YES,0.670,56712.50
2026-08-22T18:30:00Z,0xsample004458,sample-prediction-market-8,YES,0.680,56725.00
2026-08-22T19:45:00Z,0xsample004459,sample-prediction-market-9,YES,0.690,56737.50
2026-08-22T20:00:00Z,0xsample004460,sample-prediction-market-10,YES,0.700,56750.00
2026-08-22T21:15:00Z,0xsample004461,sample-prediction-market-11,YES,0.710,56762.50
2026-08-22T22:30:00Z,0xsample004462,sample-prediction-market-12,YES,0.720,56775.00
2026-08-22T23:45:00Z,0xsample004463,sample-prediction-market-13,YES,0.730,56787.50
2026-08-22T00:00:00Z,0xsample004464,sample-prediction-market-14,YES,0.740,56800.00
2026-08-22T01:15:00Z,0xsample004465,sample-prediction-market-15,YES,0.750,56812.50
2026-08-22T02:30:00Z,0xsample004466,sample-prediction-market-16,YES,0.760,56825.00
2026-08-22T03:45:00Z,0xsample004467,sample-prediction-market-17,YES,0.770,56837.50
2026-08-22T04:00:00Z,0xsample004468,sample-prediction-market-18,YES,0.780,56850.00
2026-08-22T05:15:00Z,0xsample004469,sample-prediction-market-19,YES,0.790,56862.50
2026-08-22T06:30:00Z,0xsample004470,sample-prediction-market-20,YES,0.800,56875.00
2026-08-22T07:45:00Z,0xsample004471,sample-prediction-market-21,YES,0.810,56887.50
2026-08-22T08:00:00Z,0xsample004472,sample-prediction-market-22,YES,0.820,56900.00
2026-08-22T09:15:00Z,0xsample004473,sample-prediction-market-23,YES,0.830,56912.50
2026-08-22T10:30:00Z,0xsample004474,sample-prediction-market-24,YES,0.840,56925.00
2026-08-22T11:45:00Z,0xsample004475,sample-prediction-market-25,YES,0.850,56937.50
2026-08-22T12:00:00Z,0xsample004476,sample-prediction-market-26,YES,0.860,56950.00
2026-08-22T13:15:00Z,0xsample004477,sample-prediction-market-27,YES,0.870,56962.50
2026-08-22T14:30:00Z,0xsample004478,sample-prediction-market-28,YES,0.880,56975.00
2026-08-22T15:45:00Z,0xsample004479,sample-prediction-market-29,YES,0.890,56987.50
2026-08-22T16:00:00Z,0xsample004480,sample-prediction-market-30,YES,0.500,57000.00
2026-08-22T17:15:00Z,0xsample004481,sample-prediction-market-31,YES,0.510,57012.50
2026-08-22T18:30:00Z,0xsample004482,sample-prediction-market-32,YES,0.520,57025.00
2026-08-22T19:45:00Z,0xsample004483,sample-prediction-market-33,YES,0.530,57037.50
2026-08-22T20:00:00Z,0xsample004484,sample-prediction-market-34,YES,0.540,57050.00
2026-08-22T21:15:00Z,0xsample004485,sample-prediction-market-35,YES,0.550,57062.50
2026-08-22T22:30:00Z,0xsample004486,sample-prediction-market-36,YES,0.560,57075.00
2026-08-22T23:45:00Z,0xsample004487,sample-prediction-market-37,YES,0.570,57087.50
2026-08-22T00:00:00Z,0xsample004488,sample-prediction-market-38,YES,0.580,57100.00
2026-08-22T01:15:00Z,0xsample004489,sample-prediction-market-39,YES,0.590,57112.50
2026-08-22T02:30:00Z,0xsample004490,sample-prediction-market-40,YES,0.600,57125.00
2026-08-22T03:45:00Z,0xsample004491,sample-prediction-market-41,YES,0.610,57137.50
2026-08-22T04:00:00Z,0xsample004492,sample-prediction-market-42,YES,0.620,57150.00
2026-08-22T05:15:00Z,0xsample004493,sample-prediction-market-43,YES,0.630,57162.50
2026-08-22T06:30:00Z,0xsample004494,sample-prediction-market-44,YES,0.640,57175.00
2026-08-22T07:45:00Z,0xsample004495,sample-prediction-market-45,YES,0.650,57187.50
2026-08-22T08:00:00Z,0xsample004496,sample-prediction-market-46,YES,0.660,57200.00
2026-08-22T09:15:00Z,0xsample004497,sample-prediction-market-47,YES,0.670,57212.50
2026-08-22T10:30:00Z,0xsample004498,sample-prediction-market-48,YES,0.680,57225.00
2026-08-22T11:45:00Z,0xsample004499,sample-prediction-market-49,YES,0.690,57237.50
2026-08-22T12:00:00Z,0xsample004500,sample-prediction-market-0,YES,0.700,57250.00
2026-08-22T13:15:00Z,0xsample004501,sample-prediction-market-1,YES,0.710,57262.50
2026-08-22T14:30:00Z,0xsample004502,sample-prediction-market-2,YES,0.720,57275.00
2026-08-22T15:45:00Z,0xsample004503,sample-prediction-market-3,YES,0.730,57287.50
2026-08-22T16:00:00Z,0xsample004504,sample-prediction-market-4,YES,0.740,57300.00
2026-08-22T17:15:00Z,0xsample004505,sample-prediction-market-5,YES,0.750,57312.50
2026-08-22T18:30:00Z,0xsample004506,sample-prediction-market-6,YES,0.760,57325.00
2026-08-22T19:45:00Z,0xsample004507,sample-prediction-market-7,YES,0.770,57337.50
2026-08-22T20:00:00Z,0xsample004508,sample-prediction-market-8,YES,0.780,57350.00
2026-08-22T21:15:00Z,0xsample004509,sample-prediction-market-9,YES,0.790,57362.50
2026-08-22T22:30:00Z,0xsample004510,sample-prediction-market-10,YES,0.800,57375.00
2026-08-22T23:45:00Z,0xsample004511,sample-prediction-market-11,YES,0.810,57387.50
2026-08-22T00:00:00Z,0xsample004512,sample-prediction-market-12,YES,0.820,57400.00
2026-08-22T01:15:00Z,0xsample004513,sample-prediction-market-13,YES,0.830,57412.50
2026-08-22T02:30:00Z,0xsample004514,sample-prediction-market-14,YES,0.840,57425.00
2026-08-22T03:45:00Z,0xsample004515,sample-prediction-market-15,YES,0.850,57437.50
2026-08-22T04:00:00Z,0xsample004516,sample-prediction-market-16,YES,0.860,57450.00
2026-08-22T05:15:00Z,0xsample004517,sample-prediction-market-17,YES,0.870,57462.50
2026-08-22T06:30:00Z,0xsample004518,sample-prediction-market-18,YES,0.880,57475.00
2026-08-22T07:45:00Z,0xsample004519,sample-prediction-market-19,YES,0.890,57487.50
2026-08-22T08:00:00Z,0xsample004520,sample-prediction-market-20,YES,0.500,57500.00
2026-08-22T09:15:00Z,0xsample004521,sample-prediction-market-21,YES,0.510,57512.50
2026-08-22T10:30:00Z,0xsample004522,sample-prediction-market-22,YES,0.520,57525.00
2026-08-22T11:45:00Z,0xsample004523,sample-prediction-market-23,YES,0.530,57537.50
2026-08-22T12:00:00Z,0xsample004524,sample-prediction-market-24,YES,0.540,57550.00
2026-08-22T13:15:00Z,0xsample004525,sample-prediction-market-25,YES,0.550,57562.50
2026-08-22T14:30:00Z,0xsample004526,sample-prediction-market-26,YES,0.560,57575.00
2026-08-22T15:45:00Z,0xsample004527,sample-prediction-market-27,YES,0.570,57587.50
2026-08-22T16:00:00Z,0xsample004528,sample-prediction-market-28,YES,0.580,57600.00
2026-08-22T17:15:00Z,0xsample004529,sample-prediction-market-29,YES,0.590,57612.50
2026-08-22T18:30:00Z,0xsample004530,sample-prediction-market-30,YES,0.600,57625.00
2026-08-22T19:45:00Z,0xsample004531,sample-prediction-market-31,YES,0.610,57637.50
2026-08-22T20:00:00Z,0xsample004532,sample-prediction-market-32,YES,0.620,57650.00
2026-08-22T21:15:00Z,0xsample004533,sample-prediction-market-33,YES,0.630,57662.50
2026-08-22T22:30:00Z,0xsample004534,sample-prediction-market-34,YES,0.640,57675.00
2026-08-22T23:45:00Z,0xsample004535,sample-prediction-market-35,YES,0.650,57687.50
2026-08-22T00:00:00Z,0xsample004536,sample-prediction-market-36,YES,0.660,57700.00
2026-08-22T01:15:00Z,0xsample004537,sample-prediction-market-37,YES,0.670,57712.50
2026-08-22T02:30:00Z,0xsample004538,sample-prediction-market-38,YES,0.680,57725.00
2026-08-22T03:45:00Z,0xsample004539,sample-prediction-market-39,YES,0.690,57737.50
2026-08-22T04:00:00Z,0xsample004540,sample-prediction-market-40,YES,0.700,57750.00
2026-08-22T05:15:00Z,0xsample004541,sample-prediction-market-41,YES,0.710,57762.50
2026-08-22T06:30:00Z,0xsample004542,sample-prediction-market-42,YES,0.720,57775.00
2026-08-22T07:45:00Z,0xsample004543,sample-prediction-market-43,YES,0.730,57787.50
2026-08-22T08:00:00Z,0xsample004544,sample-prediction-market-44,YES,0.740,57800.00
2026-08-22T09:15:00Z,0xsample004545,sample-prediction-market-45,YES,0.750,57812.50
2026-08-22T10:30:00Z,0xsample004546,sample-prediction-market-46,YES,0.760,57825.00
2026-08-22T11:45:00Z,0xsample004547,sample-prediction-market-47,YES,0.770,57837.50
2026-08-22T12:00:00Z,0xsample004548,sample-prediction-market-48,YES,0.780,57850.00
2026-08-22T13:15:00Z,0xsample004549,sample-prediction-market-49,YES,0.790,57862.50
2026-08-22T14:30:00Z,0xsample004550,sample-prediction-market-0,YES,0.800,57875.00
2026-08-22T15:45:00Z,0xsample004551,sample-prediction-market-1,YES,0.810,57887.50
2026-08-22T16:00:00Z,0xsample004552,sample-prediction-market-2,YES,0.820,57900.00
2026-08-22T17:15:00Z,0xsample004553,sample-prediction-market-3,YES,0.830,57912.50
2026-08-22T18:30:00Z,0xsample004554,sample-prediction-market-4,YES,0.840,57925.00
2026-08-22T19:45:00Z,0xsample004555,sample-prediction-market-5,YES,0.850,57937.50
2026-08-22T20:00:00Z,0xsample004556,sample-prediction-market-6,YES,0.860,57950.00
2026-08-22T21:15:00Z,0xsample004557,sample-prediction-market-7,YES,0.870,57962.50
2026-08-22T22:30:00Z,0xsample004558,sample-prediction-market-8,YES,0.880,57975.00
2026-08-22T23:45:00Z,0xsample004559,sample-prediction-market-9,YES,0.890,57987.50
2026-08-22T00:00:00Z,0xsample004560,sample-prediction-market-10,YES,0.500,58000.00
2026-08-22T01:15:00Z,0xsample004561,sample-prediction-market-11,YES,0.510,58012.50
2026-08-22T02:30:00Z,0xsample004562,sample-prediction-market-12,YES,0.520,58025.00
2026-08-22T03:45:00Z,0xsample004563,sample-prediction-market-13,YES,0.530,58037.50
2026-08-22T04:00:00Z,0xsample004564,sample-prediction-market-14,YES,0.540,58050.00
2026-08-22T05:15:00Z,0xsample004565,sample-prediction-market-15,YES,0.550,58062.50
2026-08-22T06:30:00Z,0xsample004566,sample-prediction-market-16,YES,0.560,58075.00
2026-08-22T07:45:00Z,0xsample004567,sample-prediction-market-17,YES,0.570,58087.50
2026-08-22T08:00:00Z,0xsample004568,sample-prediction-market-18,YES,0.580,58100.00
2026-08-22T09:15:00Z,0xsample004569,sample-prediction-market-19,YES,0.590,58112.50
2026-08-22T10:30:00Z,0xsample004570,sample-prediction-market-20,YES,0.600,58125.00
2026-08-22T11:45:00Z,0xsample004571,sample-prediction-market-21,YES,0.610,58137.50
2026-08-22T12:00:00Z,0xsample004572,sample-prediction-market-22,YES,0.620,58150.00
2026-08-22T13:15:00Z,0xsample004573,sample-prediction-market-23,YES,0.630,58162.50
2026-08-22T14:30:00Z,0xsample004574,sample-prediction-market-24,YES,0.640,58175.00
2026-08-22T15:45:00Z,0xsample004575,sample-prediction-market-25,YES,0.650,58187.50
2026-08-22T16:00:00Z,0xsample004576,sample-prediction-market-26,YES,0.660,58200.00
2026-08-22T17:15:00Z,0xsample004577,sample-prediction-market-27,YES,0.670,58212.50
2026-08-22T18:30:00Z,0xsample004578,sample-prediction-market-28,YES,0.680,58225.00
2026-08-22T19:45:00Z,0xsample004579,sample-prediction-market-29,YES,0.690,58237.50
2026-08-22T20:00:00Z,0xsample004580,sample-prediction-market-30,YES,0.700,58250.00
2026-08-22T21:15:00Z,0xsample004581,sample-prediction-market-31,YES,0.710,58262.50
2026-08-22T22:30:00Z,0xsample004582,sample-prediction-market-32,YES,0.720,58275.00
2026-08-22T23:45:00Z,0xsample004583,sample-prediction-market-33,YES,0.730,58287.50
2026-08-22T00:00:00Z,0xsample004584,sample-prediction-market-34,YES,0.740,58300.00
2026-08-22T01:15:00Z,0xsample004585,sample-prediction-market-35,YES,0.750,58312.50
2026-08-22T02:30:00Z,0xsample004586,sample-prediction-market-36,YES,0.760,58325.00
2026-08-22T03:45:00Z,0xsample004587,sample-prediction-market-37,YES,0.770,58337.50
2026-08-22T04:00:00Z,0xsample004588,sample-prediction-market-38,YES,0.780,58350.00
2026-08-22T05:15:00Z,0xsample004589,sample-prediction-market-39,YES,0.790,58362.50
2026-08-22T06:30:00Z,0xsample004590,sample-prediction-market-40,YES,0.800,58375.00
2026-08-22T07:45:00Z,0xsample004591,sample-prediction-market-41,YES,0.810,58387.50
2026-08-22T08:00:00Z,0xsample004592,sample-prediction-market-42,YES,0.820,58400.00
2026-08-22T09:15:00Z,0xsample004593,sample-prediction-market-43,YES,0.830,58412.50
2026-08-22T10:30:00Z,0xsample004594,sample-prediction-market-44,YES,0.840,58425.00
2026-08-22T11:45:00Z,0xsample004595,sample-prediction-market-45,YES,0.850,58437.50
2026-08-22T12:00:00Z,0xsample004596,sample-prediction-market-46,YES,0.860,58450.00
2026-08-22T13:15:00Z,0xsample004597,sample-prediction-market-47,YES,0.870,58462.50
2026-08-22T14:30:00Z,0xsample004598,sample-prediction-market-48,YES,0.880,58475.00
2026-08-22T15:45:00Z,0xsample004599,sample-prediction-market-49,YES,0.890,58487.50
2026-08-22T16:00:00Z,0xsample004600,sample-prediction-market-0,YES,0.500,58500.00
2026-08-22T17:15:00Z,0xsample004601,sample-prediction-market-1,YES,0.510,58512.50
2026-08-22T18:30:00Z,0xsample004602,sample-prediction-market-2,YES,0.520,58525.00
2026-08-22T19:45:00Z,0xsample004603,sample-prediction-market-3,YES,0.530,58537.50
2026-08-22T20:00:00Z,0xsample004604,sample-prediction-market-4,YES,0.540,58550.00
2026-08-22T21:15:00Z,0xsample004605,sample-prediction-market-5,YES,0.550,58562.50
2026-08-22T22:30:00Z,0xsample004606,sample-prediction-market-6,YES,0.560,58575.00
2026-08-22T23:45:00Z,0xsample004607,sample-prediction-market-7,YES,0.570,58587.50
2026-08-22T00:00:00Z,0xsample004608,sample-prediction-market-8,YES,0.580,58600.00
2026-08-22T01:15:00Z,0xsample004609,sample-prediction-market-9,YES,0.590,58612.50
2026-08-22T02:30:00Z,0xsample004610,sample-prediction-market-10,YES,0.600,58625.00
2026-08-22T03:45:00Z,0xsample004611,sample-prediction-market-11,YES,0.610,58637.50
2026-08-22T04:00:00Z,0xsample004612,sample-prediction-market-12,YES,0.620,58650.00
2026-08-22T05:15:00Z,0xsample004613,sample-prediction-market-13,YES,0.630,58662.50
2026-08-22T06:30:00Z,0xsample004614,sample-prediction-market-14,YES,0.640,58675.00
2026-08-22T07:45:00Z,0xsample004615,sample-prediction-market-15,YES,0.650,58687.50
2026-08-22T08:00:00Z,0xsample004616,sample-prediction-market-16,YES,0.660,58700.00
2026-08-22T09:15:00Z,0xsample004617,sample-prediction-market-17,YES,0.670,58712.50
2026-08-22T10:30:00Z,0xsample004618,sample-prediction-market-18,YES,0.680,58725.00
2026-08-22T11:45:00Z,0xsample004619,sample-prediction-market-19,YES,0.690,58737.50
2026-08-22T12:00:00Z,0xsample004620,sample-prediction-market-20,YES,0.700,58750.00
2026-08-22T13:15:00Z,0xsample004621,sample-prediction-market-21,YES,0.710,58762.50
2026-08-22T14:30:00Z,0xsample004622,sample-prediction-market-22,YES,0.720,58775.00
2026-08-22T15:45:00Z,0xsample004623,sample-prediction-market-23,YES,0.730,58787.50
2026-08-22T16:00:00Z,0xsample004624,sample-prediction-market-24,YES,0.740,58800.00
2026-08-22T17:15:00Z,0xsample004625,sample-prediction-market-25,YES,0.750,58812.50
2026-08-22T18:30:00Z,0xsample004626,sample-prediction-market-26,YES,0.760,58825.00
2026-08-22T19:45:00Z,0xsample004627,sample-prediction-market-27,YES,0.770,58837.50
2026-08-22T20:00:00Z,0xsample004628,sample-prediction-market-28,YES,0.780,58850.00
2026-08-22T21:15:00Z,0xsample004629,sample-prediction-market-29,YES,0.790,58862.50
2026-08-22T22:30:00Z,0xsample004630,sample-prediction-market-30,YES,0.800,58875.00
2026-08-22T23:45:00Z,0xsample004631,sample-prediction-market-31,YES,0.810,58887.50
2026-08-22T00:00:00Z,0xsample004632,sample-prediction-market-32,YES,0.820,58900.00
2026-08-22T01:15:00Z,0xsample004633,sample-prediction-market-33,YES,0.830,58912.50
2026-08-22T02:30:00Z,0xsample004634,sample-prediction-market-34,YES,0.840,58925.00
2026-08-22T03:45:00Z,0xsample004635,sample-prediction-market-35,YES,0.850,58937.50
2026-08-22T04:00:00Z,0xsample004636,sample-prediction-market-36,YES,0.860,58950.00
2026-08-22T05:15:00Z,0xsample004637,sample-prediction-market-37,YES,0.870,58962.50
2026-08-22T06:30:00Z,0xsample004638,sample-prediction-market-38,YES,0.880,58975.00
2026-08-22T07:45:00Z,0xsample004639,sample-prediction-market-39,YES,0.890,58987.50
2026-08-22T08:00:00Z,0xsample004640,sample-prediction-market-40,YES,0.500,59000.00
2026-08-22T09:15:00Z,0xsample004641,sample-prediction-market-41,YES,0.510,59012.50
2026-08-22T10:30:00Z,0xsample004642,sample-prediction-market-42,YES,0.520,59025.00
2026-08-22T11:45:00Z,0xsample004643,sample-prediction-market-43,YES,0.530,59037.50
2026-08-22T12:00:00Z,0xsample004644,sample-prediction-market-44,YES,0.540,59050.00
2026-08-22T13:15:00Z,0xsample004645,sample-prediction-market-45,YES,0.550,59062.50
2026-08-22T14:30:00Z,0xsample004646,sample-prediction-market-46,YES,0.560,59075.00
2026-08-22T15:45:00Z,0xsample004647,sample-prediction-market-47,YES,0.570,59087.50
2026-08-22T16:00:00Z,0xsample004648,sample-prediction-market-48,YES,0.580,59100.00
2026-08-22T17:15:00Z,0xsample004649,sample-prediction-market-49,YES,0.590,59112.50
2026-08-22T18:30:00Z,0xsample004650,sample-prediction-market-0,YES,0.600,59125.00
2026-08-22T19:45:00Z,0xsample004651,sample-prediction-market-1,YES,0.610,59137.50
2026-08-22T20:00:00Z,0xsample004652,sample-prediction-market-2,YES,0.620,59150.00
2026-08-22T21:15:00Z,0xsample004653,sample-prediction-market-3,YES,0.630,59162.50
2026-08-22T22:30:00Z,0xsample004654,sample-prediction-market-4,YES,0.640,59175.00
2026-08-22T23:45:00Z,0xsample004655,sample-prediction-market-5,YES,0.650,59187.50
2026-08-22T00:00:00Z,0xsample004656,sample-prediction-market-6,YES,0.660,59200.00
2026-08-22T01:15:00Z,0xsample004657,sample-prediction-market-7,YES,0.670,59212.50
2026-08-22T02:30:00Z,0xsample004658,sample-prediction-market-8,YES,0.680,59225.00
2026-08-22T03:45:00Z,0xsample004659,sample-prediction-market-9,YES,0.690,59237.50
2026-08-22T04:00:00Z,0xsample004660,sample-prediction-market-10,YES,0.700,59250.00
2026-08-22T05:15:00Z,0xsample004661,sample-prediction-market-11,YES,0.710,59262.50
2026-08-22T06:30:00Z,0xsample004662,sample-prediction-market-12,YES,0.720,59275.00
2026-08-22T07:45:00Z,0xsample004663,sample-prediction-market-13,YES,0.730,59287.50
2026-08-22T08:00:00Z,0xsample004664,sample-prediction-market-14,YES,0.740,59300.00
2026-08-22T09:15:00Z,0xsample004665,sample-prediction-market-15,YES,0.750,59312.50
2026-08-22T10:30:00Z,0xsample004666,sample-prediction-market-16,YES,0.760,59325.00
2026-08-22T11:45:00Z,0xsample004667,sample-prediction-market-17,YES,0.770,59337.50
2026-08-22T12:00:00Z,0xsample004668,sample-prediction-market-18,YES,0.780,59350.00
2026-08-22T13:15:00Z,0xsample004669,sample-prediction-market-19,YES,0.790,59362.50
2026-08-22T14:30:00Z,0xsample004670,sample-prediction-market-20,YES,0.800,59375.00
2026-08-22T15:45:00Z,0xsample004671,sample-prediction-market-21,YES,0.810,59387.50
2026-08-22T16:00:00Z,0xsample004672,sample-prediction-market-22,YES,0.820,59400.00
2026-08-22T17:15:00Z,0xsample004673,sample-prediction-market-23,YES,0.830,59412.50
2026-08-22T18:30:00Z,0xsample004674,sample-prediction-market-24,YES,0.840,59425.00
2026-08-22T19:45:00Z,0xsample004675,sample-prediction-market-25,YES,0.850,59437.50
2026-08-22T20:00:00Z,0xsample004676,sample-prediction-market-26,YES,0.860,59450.00
2026-08-22T21:15:00Z,0xsample004677,sample-prediction-market-27,YES,0.870,59462.50
2026-08-22T22:30:00Z,0xsample004678,sample-prediction-market-28,YES,0.880,59475.00
2026-08-22T23:45:00Z,0xsample004679,sample-prediction-market-29,YES,0.890,59487.50
2026-08-22T00:00:00Z,0xsample004680,sample-prediction-market-30,YES,0.500,59500.00
2026-08-22T01:15:00Z,0xsample004681,sample-prediction-market-31,YES,0.510,59512.50
2026-08-22T02:30:00Z,0xsample004682,sample-prediction-market-32,YES,0.520,59525.00
2026-08-22T03:45:00Z,0xsample004683,sample-prediction-market-33,YES,0.530,59537.50
2026-08-22T04:00:00Z,0xsample004684,sample-prediction-market-34,YES,0.540,59550.00
2026-08-22T05:15:00Z,0xsample004685,sample-prediction-market-35,YES,0.550,59562.50
2026-08-22T06:30:00Z,0xsample004686,sample-prediction-market-36,YES,0.560,59575.00
2026-08-22T07:45:00Z,0xsample004687,sample-prediction-market-37,YES,0.570,59587.50
2026-08-22T08:00:00Z,0xsample004688,sample-prediction-market-38,YES,0.580,59600.00
2026-08-22T09:15:00Z,0xsample004689,sample-prediction-market-39,YES,0.590,59612.50
2026-08-22T10:30:00Z,0xsample004690,sample-prediction-market-40,YES,0.600,59625.00
2026-08-22T11:45:00Z,0xsample004691,sample-prediction-market-41,YES,0.610,59637.50
2026-08-22T12:00:00Z,0xsample004692,sample-prediction-market-42,YES,0.620,59650.00
2026-08-22T13:15:00Z,0xsample004693,sample-prediction-market-43,YES,0.630,59662.50
2026-08-22T14:30:00Z,0xsample004694,sample-prediction-market-44,YES,0.640,59675.00
2026-08-22T15:45:00Z,0xsample004695,sample-prediction-market-45,YES,0.650,59687.50
2026-08-22T16:00:00Z,0xsample004696,sample-prediction-market-46,YES,0.660,59700.00
2026-08-22T17:15:00Z,0xsample004697,sample-prediction-market-47,YES,0.670,59712.50
2026-08-22T18:30:00Z,0xsample004698,sample-prediction-market-48,YES,0.680,59725.00
2026-08-22T19:45:00Z,0xsample004699,sample-prediction-market-49,YES,0.690,59737.50
2026-08-22T20:00:00Z,0xsample004700,sample-prediction-market-0,YES,0.700,59750.00
2026-08-22T21:15:00Z,0xsample004701,sample-prediction-market-1,YES,0.710,59762.50
2026-08-22T22:30:00Z,0xsample004702,sample-prediction-market-2,YES,0.720,59775.00
2026-08-22T23:45:00Z,0xsample004703,sample-prediction-market-3,YES,0.730,59787.50
2026-08-22T00:00:00Z,0xsample004704,sample-prediction-market-4,YES,0.740,59800.00
2026-08-22T01:15:00Z,0xsample004705,sample-prediction-market-5,YES,0.750,59812.50
2026-08-22T02:30:00Z,0xsample004706,sample-prediction-market-6,YES,0.760,59825.00
2026-08-22T03:45:00Z,0xsample004707,sample-prediction-market-7,YES,0.770,59837.50
2026-08-22T04:00:00Z,0xsample004708,sample-prediction-market-8,YES,0.780,59850.00
2026-08-22T05:15:00Z,0xsample004709,sample-prediction-market-9,YES,0.790,59862.50
2026-08-22T06:30:00Z,0xsample004710,sample-prediction-market-10,YES,0.800,59875.00
2026-08-22T07:45:00Z,0xsample004711,sample-prediction-market-11,YES,0.810,59887.50
2026-08-22T08:00:00Z,0xsample004712,sample-prediction-market-12,YES,0.820,59900.00
2026-08-22T09:15:00Z,0xsample004713,sample-prediction-market-13,YES,0.830,59912.50
2026-08-22T10:30:00Z,0xsample004714,sample-prediction-market-14,YES,0.840,59925.00
2026-08-22T11:45:00Z,0xsample004715,sample-prediction-market-15,YES,0.850,59937.50
2026-08-22T12:00:00Z,0xsample004716,sample-prediction-market-16,YES,0.860,59950.00
2026-08-22T13:15:00Z,0xsample004717,sample-prediction-market-17,YES,0.870,59962.50
2026-08-22T14:30:00Z,0xsample004718,sample-prediction-market-18,YES,0.880,59975.00
2026-08-22T15:45:00Z,0xsample004719,sample-prediction-market-19,YES,0.890,59987.50
2026-08-22T16:00:00Z,0xsample004720,sample-prediction-market-20,YES,0.500,60000.00
2026-08-22T17:15:00Z,0xsample004721,sample-prediction-market-21,YES,0.510,60012.50
2026-08-22T18:30:00Z,0xsample004722,sample-prediction-market-22,YES,0.520,60025.00
2026-08-22T19:45:00Z,0xsample004723,sample-prediction-market-23,YES,0.530,60037.50
2026-08-22T20:00:00Z,0xsample004724,sample-prediction-market-24,YES,0.540,60050.00
2026-08-22T21:15:00Z,0xsample004725,sample-prediction-market-25,YES,0.550,60062.50
2026-08-22T22:30:00Z,0xsample004726,sample-prediction-market-26,YES,0.560,60075.00
2026-08-22T23:45:00Z,0xsample004727,sample-prediction-market-27,YES,0.570,60087.50
2026-08-22T00:00:00Z,0xsample004728,sample-prediction-market-28,YES,0.580,60100.00
2026-08-22T01:15:00Z,0xsample004729,sample-prediction-market-29,YES,0.590,60112.50
2026-08-22T02:30:00Z,0xsample004730,sample-prediction-market-30,YES,0.600,60125.00
2026-08-22T03:45:00Z,0xsample004731,sample-prediction-market-31,YES,0.610,60137.50
2026-08-22T04:00:00Z,0xsample004732,sample-prediction-market-32,YES,0.620,60150.00
2026-08-22T05:15:00Z,0xsample004733,sample-prediction-market-33,YES,0.630,60162.50
2026-08-22T06:30:00Z,0xsample004734,sample-prediction-market-34,YES,0.640,60175.00
2026-08-22T07:45:00Z,0xsample004735,sample-prediction-market-35,YES,0.650,60187.50
2026-08-22T08:00:00Z,0xsample004736,sample-prediction-market-36,YES,0.660,60200.00
2026-08-22T09:15:00Z,0xsample004737,sample-prediction-market-37,YES,0.670,60212.50
2026-08-22T10:30:00Z,0xsample004738,sample-prediction-market-38,YES,0.680,60225.00
2026-08-22T11:45:00Z,0xsample004739,sample-prediction-market-39,YES,0.690,60237.50
2026-08-22T12:00:00Z,0xsample004740,sample-prediction-market-40,YES,0.700,60250.00
2026-08-22T13:15:00Z,0xsample004741,sample-prediction-market-41,YES,0.710,60262.50
2026-08-22T14:30:00Z,0xsample004742,sample-prediction-market-42,YES,0.720,60275.00
2026-08-22T15:45:00Z,0xsample004743,sample-prediction-market-43,YES,0.730,60287.50
2026-08-22T16:00:00Z,0xsample004744,sample-prediction-market-44,YES,0.740,60300.00
2026-08-22T17:15:00Z,0xsample004745,sample-prediction-market-45,YES,0.750,60312.50
2026-08-22T18:30:00Z,0xsample004746,sample-prediction-market-46,YES,0.760,60325.00
2026-08-22T19:45:00Z,0xsample004747,sample-prediction-market-47,YES,0.770,60337.50
2026-08-22T20:00:00Z,0xsample004748,sample-prediction-market-48,YES,0.780,60350.00
2026-08-22T21:15:00Z,0xsample004749,sample-prediction-market-49,YES,0.790,60362.50
2026-08-22T22:30:00Z,0xsample004750,sample-prediction-market-0,YES,0.800,60375.00
2026-08-22T23:45:00Z,0xsample004751,sample-prediction-market-1,YES,0.810,60387.50
2026-08-22T00:00:00Z,0xsample004752,sample-prediction-market-2,YES,0.820,60400.00
2026-08-22T01:15:00Z,0xsample004753,sample-prediction-market-3,YES,0.830,60412.50
2026-08-22T02:30:00Z,0xsample004754,sample-prediction-market-4,YES,0.840,60425.00
2026-08-22T03:45:00Z,0xsample004755,sample-prediction-market-5,YES,0.850,60437.50
2026-08-22T04:00:00Z,0xsample004756,sample-prediction-market-6,YES,0.860,60450.00
2026-08-22T05:15:00Z,0xsample004757,sample-prediction-market-7,YES,0.870,60462.50
2026-08-22T06:30:00Z,0xsample004758,sample-prediction-market-8,YES,0.880,60475.00
2026-08-22T07:45:00Z,0xsample004759,sample-prediction-market-9,YES,0.890,60487.50
2026-08-22T08:00:00Z,0xsample004760,sample-prediction-market-10,YES,0.500,60500.00
2026-08-22T09:15:00Z,0xsample004761,sample-prediction-market-11,YES,0.510,60512.50
2026-08-22T10:30:00Z,0xsample004762,sample-prediction-market-12,YES,0.520,60525.00
2026-08-22T11:45:00Z,0xsample004763,sample-prediction-market-13,YES,0.530,60537.50
2026-08-22T12:00:00Z,0xsample004764,sample-prediction-market-14,YES,0.540,60550.00
2026-08-22T13:15:00Z,0xsample004765,sample-prediction-market-15,YES,0.550,60562.50
2026-08-22T14:30:00Z,0xsample004766,sample-prediction-market-16,YES,0.560,60575.00
2026-08-22T15:45:00Z,0xsample004767,sample-prediction-market-17,YES,0.570,60587.50
2026-08-22T16:00:00Z,0xsample004768,sample-prediction-market-18,YES,0.580,60600.00
2026-08-22T17:15:00Z,0xsample004769,sample-prediction-market-19,YES,0.590,60612.50
2026-08-22T18:30:00Z,0xsample004770,sample-prediction-market-20,YES,0.600,60625.00
2026-08-22T19:45:00Z,0xsample004771,sample-prediction-market-21,YES,0.610,60637.50
2026-08-22T20:00:00Z,0xsample004772,sample-prediction-market-22,YES,0.620,60650.00
2026-08-22T21:15:00Z,0xsample004773,sample-prediction-market-23,YES,0.630,60662.50
2026-08-22T22:30:00Z,0xsample004774,sample-prediction-market-24,YES,0.640,60675.00
2026-08-22T23:45:00Z,0xsample004775,sample-prediction-market-25,YES,0.650,60687.50
2026-08-22T00:00:00Z,0xsample004776,sample-prediction-market-26,YES,0.660,60700.00
2026-08-22T01:15:00Z,0xsample004777,sample-prediction-market-27,YES,0.670,60712.50
2026-08-22T02:30:00Z,0xsample004778,sample-prediction-market-28,YES,0.680,60725.00
2026-08-22T03:45:00Z,0xsample004779,sample-prediction-market-29,YES,0.690,60737.50
2026-08-22T04:00:00Z,0xsample004780,sample-prediction-market-30,YES,0.700,60750.00
2026-08-22T05:15:00Z,0xsample004781,sample-prediction-market-31,YES,0.710,60762.50
2026-08-22T06:30:00Z,0xsample004782,sample-prediction-market-32,YES,0.720,60775.00
2026-08-22T07:45:00Z,0xsample004783,sample-prediction-market-33,YES,0.730,60787.50
2026-08-22T08:00:00Z,0xsample004784,sample-prediction-market-34,YES,0.740,60800.00
2026-08-22T09:15:00Z,0xsample004785,sample-prediction-market-35,YES,0.750,60812.50
2026-08-22T10:30:00Z,0xsample004786,sample-prediction-market-36,YES,0.760,60825.00
2026-08-22T11:45:00Z,0xsample004787,sample-prediction-market-37,YES,0.770,60837.50
2026-08-22T12:00:00Z,0xsample004788,sample-prediction-market-38,YES,0.780,60850.00
2026-08-22T13:15:00Z,0xsample004789,sample-prediction-market-39,YES,0.790,60862.50
2026-08-22T14:30:00Z,0xsample004790,sample-prediction-market-40,YES,0.800,60875.00
2026-08-22T15:45:00Z,0xsample004791,sample-prediction-market-41,YES,0.810,60887.50
2026-08-22T16:00:00Z,0xsample004792,sample-prediction-market-42,YES,0.820,60900.00
2026-08-22T17:15:00Z,0xsample004793,sample-prediction-market-43,YES,0.830,60912.50
2026-08-22T18:30:00Z,0xsample004794,sample-prediction-market-44,YES,0.840,60925.00
2026-08-22T19:45:00Z,0xsample004795,sample-prediction-market-45,YES,0.850,60937.50
2026-08-22T20:00:00Z,0xsample004796,sample-prediction-market-46,YES,0.860,60950.00
2026-08-22T21:15:00Z,0xsample004797,sample-prediction-market-47,YES,0.870,60962.50
2026-08-22T22:30:00Z,0xsample004798,sample-prediction-market-48,YES,0.880,60975.00
2026-08-22T23:45:00Z,0xsample004799,sample-prediction-market-49,YES,0.890,60987.50
2026-08-22T00:00:00Z,0xsample004800,sample-prediction-market-0,YES,0.500,61000.00
2026-08-22T01:15:00Z,0xsample004801,sample-prediction-market-1,YES,0.510,61012.50
2026-08-22T02:30:00Z,0xsample004802,sample-prediction-market-2,YES,0.520,61025.00
2026-08-22T03:45:00Z,0xsample004803,sample-prediction-market-3,YES,0.530,61037.50
2026-08-22T04:00:00Z,0xsample004804,sample-prediction-market-4,YES,0.540,61050.00
2026-08-22T05:15:00Z,0xsample004805,sample-prediction-market-5,YES,0.550,61062.50
2026-08-22T06:30:00Z,0xsample004806,sample-prediction-market-6,YES,0.560,61075.00
2026-08-22T07:45:00Z,0xsample004807,sample-prediction-market-7,YES,0.570,61087.50
2026-08-22T08:00:00Z,0xsample004808,sample-prediction-market-8,YES,0.580,61100.00
2026-08-22T09:15:00Z,0xsample004809,sample-prediction-market-9,YES,0.590,61112.50
2026-08-22T10:30:00Z,0xsample004810,sample-prediction-market-10,YES,0.600,61125.00
2026-08-22T11:45:00Z,0xsample004811,sample-prediction-market-11,YES,0.610,61137.50
2026-08-22T12:00:00Z,0xsample004812,sample-prediction-market-12,YES,0.620,61150.00
2026-08-22T13:15:00Z,0xsample004813,sample-prediction-market-13,YES,0.630,61162.50
2026-08-22T14:30:00Z,0xsample004814,sample-prediction-market-14,YES,0.640,61175.00
2026-08-22T15:45:00Z,0xsample004815,sample-prediction-market-15,YES,0.650,61187.50
2026-08-22T16:00:00Z,0xsample004816,sample-prediction-market-16,YES,0.660,61200.00
2026-08-22T17:15:00Z,0xsample004817,sample-prediction-market-17,YES,0.670,61212.50
2026-08-22T18:30:00Z,0xsample004818,sample-prediction-market-18,YES,0.680,61225.00
2026-08-22T19:45:00Z,0xsample004819,sample-prediction-market-19,YES,0.690,61237.50
2026-08-22T20:00:00Z,0xsample004820,sample-prediction-market-20,YES,0.700,61250.00
2026-08-22T21:15:00Z,0xsample004821,sample-prediction-market-21,YES,0.710,61262.50
2026-08-22T22:30:00Z,0xsample004822,sample-prediction-market-22,YES,0.720,61275.00
2026-08-22T23:45:00Z,0xsample004823,sample-prediction-market-23,YES,0.730,61287.50
2026-08-22T00:00:00Z,0xsample004824,sample-prediction-market-24,YES,0.740,61300.00
2026-08-22T01:15:00Z,0xsample004825,sample-prediction-market-25,YES,0.750,61312.50
2026-08-22T02:30:00Z,0xsample004826,sample-prediction-market-26,YES,0.760,61325.00
2026-08-22T03:45:00Z,0xsample004827,sample-prediction-market-27,YES,0.770,61337.50
2026-08-22T04:00:00Z,0xsample004828,sample-prediction-market-28,YES,0.780,61350.00
2026-08-22T05:15:00Z,0xsample004829,sample-prediction-market-29,YES,0.790,61362.50
2026-08-22T06:30:00Z,0xsample004830,sample-prediction-market-30,YES,0.800,61375.00
2026-08-22T07:45:00Z,0xsample004831,sample-prediction-market-31,YES,0.810,61387.50
2026-08-22T08:00:00Z,0xsample004832,sample-prediction-market-32,YES,0.820,61400.00
2026-08-22T09:15:00Z,0xsample004833,sample-prediction-market-33,YES,0.830,61412.50
2026-08-22T10:30:00Z,0xsample004834,sample-prediction-market-34,YES,0.840,61425.00
2026-08-22T11:45:00Z,0xsample004835,sample-prediction-market-35,YES,0.850,61437.50
2026-08-22T12:00:00Z,0xsample004836,sample-prediction-market-36,YES,0.860,61450.00
2026-08-22T13:15:00Z,0xsample004837,sample-prediction-market-37,YES,0.870,61462.50
2026-08-22T14:30:00Z,0xsample004838,sample-prediction-market-38,YES,0.880,61475.00
2026-08-22T15:45:00Z,0xsample004839,sample-prediction-market-39,YES,0.890,61487.50
2026-08-22T16:00:00Z,0xsample004840,sample-prediction-market-40,YES,0.500,61500.00
2026-08-22T17:15:00Z,0xsample004841,sample-prediction-market-41,YES,0.510,61512.50
2026-08-22T18:30:00Z,0xsample004842,sample-prediction-market-42,YES,0.520,61525.00
2026-08-22T19:45:00Z,0xsample004843,sample-prediction-market-43,YES,0.530,61537.50
2026-08-22T20:00:00Z,0xsample004844,sample-prediction-market-44,YES,0.540,61550.00
2026-08-22T21:15:00Z,0xsample004845,sample-prediction-market-45,YES,0.550,61562.50
2026-08-22T22:30:00Z,0xsample004846,sample-prediction-market-46,YES,0.560,61575.00
2026-08-22T23:45:00Z,0xsample004847,sample-prediction-market-47,YES,0.570,61587.50
2026-08-22T00:00:00Z,0xsample004848,sample-prediction-market-48,YES,0.580,61600.00
2026-08-22T01:15:00Z,0xsample004849,sample-prediction-market-49,YES,0.590,61612.50
2026-08-22T02:30:00Z,0xsample004850,sample-prediction-market-0,YES,0.600,61625.00
2026-08-22T03:45:00Z,0xsample004851,sample-prediction-market-1,YES,0.610,61637.50
2026-08-22T04:00:00Z,0xsample004852,sample-prediction-market-2,YES,0.620,61650.00
2026-08-22T05:15:00Z,0xsample004853,sample-prediction-market-3,YES,0.630,61662.50
2026-08-22T06:30:00Z,0xsample004854,sample-prediction-market-4,YES,0.640,61675.00
2026-08-22T07:45:00Z,0xsample004855,sample-prediction-market-5,YES,0.650,61687.50
2026-08-22T08:00:00Z,0xsample004856,sample-prediction-market-6,YES,0.660,61700.00
2026-08-22T09:15:00Z,0xsample004857,sample-prediction-market-7,YES,0.670,61712.50
2026-08-22T10:30:00Z,0xsample004858,sample-prediction-market-8,YES,0.680,61725.00
2026-08-22T11:45:00Z,0xsample004859,sample-prediction-market-9,YES,0.690,61737.50
2026-08-22T12:00:00Z,0xsample004860,sample-prediction-market-10,YES,0.700,61750.00
2026-08-22T13:15:00Z,0xsample004861,sample-prediction-market-11,YES,0.710,61762.50
2026-08-22T14:30:00Z,0xsample004862,sample-prediction-market-12,YES,0.720,61775.00
2026-08-22T15:45:00Z,0xsample004863,sample-prediction-market-13,YES,0.730,61787.50
2026-08-22T16:00:00Z,0xsample004864,sample-prediction-market-14,YES,0.740,61800.00
2026-08-22T17:15:00Z,0xsample004865,sample-prediction-market-15,YES,0.750,61812.50
2026-08-22T18:30:00Z,0xsample004866,sample-prediction-market-16,YES,0.760,61825.00
2026-08-22T19:45:00Z,0xsample004867,sample-prediction-market-17,YES,0.770,61837.50
2026-08-22T20:00:00Z,0xsample004868,sample-prediction-market-18,YES,0.780,61850.00
2026-08-22T21:15:00Z,0xsample004869,sample-prediction-market-19,YES,0.790,61862.50
2026-08-22T22:30:00Z,0xsample004870,sample-prediction-market-20,YES,0.800,61875.00
2026-08-22T23:45:00Z,0xsample004871,sample-prediction-market-21,YES,0.810,61887.50
2026-08-22T00:00:00Z,0xsample004872,sample-prediction-market-22,YES,0.820,61900.00
2026-08-22T01:15:00Z,0xsample004873,sample-prediction-market-23,YES,0.830,61912.50
2026-08-22T02:30:00Z,0xsample004874,sample-prediction-market-24,YES,0.840,61925.00
2026-08-22T03:45:00Z,0xsample004875,sample-prediction-market-25,YES,0.850,61937.50
2026-08-22T04:00:00Z,0xsample004876,sample-prediction-market-26,YES,0.860,61950.00
2026-08-22T05:15:00Z,0xsample004877,sample-prediction-market-27,YES,0.870,61962.50
2026-08-22T06:30:00Z,0xsample004878,sample-prediction-market-28,YES,0.880,61975.00
2026-08-22T07:45:00Z,0xsample004879,sample-prediction-market-29,YES,0.890,61987.50
2026-08-22T08:00:00Z,0xsample004880,sample-prediction-market-30,YES,0.500,62000.00
2026-08-22T09:15:00Z,0xsample004881,sample-prediction-market-31,YES,0.510,62012.50
2026-08-22T10:30:00Z,0xsample004882,sample-prediction-market-32,YES,0.520,62025.00
2026-08-22T11:45:00Z,0xsample004883,sample-prediction-market-33,YES,0.530,62037.50
2026-08-22T12:00:00Z,0xsample004884,sample-prediction-market-34,YES,0.540,62050.00
2026-08-22T13:15:00Z,0xsample004885,sample-prediction-market-35,YES,0.550,62062.50
2026-08-22T14:30:00Z,0xsample004886,sample-prediction-market-36,YES,0.560,62075.00
2026-08-22T15:45:00Z,0xsample004887,sample-prediction-market-37,YES,0.570,62087.50
2026-08-22T16:00:00Z,0xsample004888,sample-prediction-market-38,YES,0.580,62100.00
2026-08-22T17:15:00Z,0xsample004889,sample-prediction-market-39,YES,0.590,62112.50
2026-08-22T18:30:00Z,0xsample004890,sample-prediction-market-40,YES,0.600,62125.00
2026-08-22T19:45:00Z,0xsample004891,sample-prediction-market-41,YES,0.610,62137.50
2026-08-22T20:00:00Z,0xsample004892,sample-prediction-market-42,YES,0.620,62150.00
2026-08-22T21:15:00Z,0xsample004893,sample-prediction-market-43,YES,0.630,62162.50
2026-08-22T22:30:00Z,0xsample004894,sample-prediction-market-44,YES,0.640,62175.00
2026-08-22T23:45:00Z,0xsample004895,sample-prediction-market-45,YES,0.650,62187.50
2026-08-22T00:00:00Z,0xsample004896,sample-prediction-market-46,YES,0.660,62200.00
2026-08-22T01:15:00Z,0xsample004897,sample-prediction-market-47,YES,0.670,62212.50
2026-08-22T02:30:00Z,0xsample004898,sample-prediction-market-48,YES,0.680,62225.00
2026-08-22T03:45:00Z,0xsample004899,sample-prediction-market-49,YES,0.690,62237.50
2026-08-22T04:00:00Z,0xsample004900,sample-prediction-market-0,YES,0.700,62250.00
2026-08-22T05:15:00Z,0xsample004901,sample-prediction-market-1,YES,0.710,62262.50
2026-08-22T06:30:00Z,0xsample004902,sample-prediction-market-2,YES,0.720,62275.00
2026-08-22T07:45:00Z,0xsample004903,sample-prediction-market-3,YES,0.730,62287.50
2026-08-22T08:00:00Z,0xsample004904,sample-prediction-market-4,YES,0.740,62300.00
2026-08-22T09:15:00Z,0xsample004905,sample-prediction-market-5,YES,0.750,62312.50
2026-08-22T10:30:00Z,0xsample004906,sample-prediction-market-6,YES,0.760,62325.00
2026-08-22T11:45:00Z,0xsample004907,sample-prediction-market-7,YES,0.770,62337.50
2026-08-22T12:00:00Z,0xsample004908,sample-prediction-market-8,YES,0.780,62350.00
2026-08-22T13:15:00Z,0xsample004909,sample-prediction-market-9,YES,0.790,62362.50
2026-08-22T14:30:00Z,0xsample004910,sample-prediction-market-10,YES,0.800,62375.00
2026-08-22T15:45:00Z,0xsample004911,sample-prediction-market-11,YES,0.810,62387.50
2026-08-22T16:00:00Z,0xsample004912,sample-prediction-market-12,YES,0.820,62400.00
2026-08-22T17:15:00Z,0xsample004913,sample-prediction-market-13,YES,0.830,62412.50
2026-08-22T18:30:00Z,0xsample004914,sample-prediction-market-14,YES,0.840,62425.00
2026-08-22T19:45:00Z,0xsample004915,sample-prediction-market-15,YES,0.850,62437.50
2026-08-22T20:00:00Z,0xsample004916,sample-prediction-market-16,YES,0.860,62450.00
2026-08-22T21:15:00Z,0xsample004917,sample-prediction-market-17,YES,0.870,62462.50
2026-08-22T22:30:00Z,0xsample004918,sample-prediction-market-18,YES,0.880,62475.00
2026-08-22T23:45:00Z,0xsample004919,sample-prediction-market-19,YES,0.890,62487.50
2026-08-22T00:00:00Z,0xsample004920,sample-prediction-market-20,YES,0.500,62500.00
2026-08-22T01:15:00Z,0xsample004921,sample-prediction-market-21,YES,0.510,62512.50
2026-08-22T02:30:00Z,0xsample004922,sample-prediction-market-22,YES,0.520,62525.00
2026-08-22T03:45:00Z,0xsample004923,sample-prediction-market-23,YES,0.530,62537.50
2026-08-22T04:00:00Z,0xsample004924,sample-prediction-market-24,YES,0.540,62550.00
2026-08-22T05:15:00Z,0xsample004925,sample-prediction-market-25,YES,0.550,62562.50
2026-08-22T06:30:00Z,0xsample004926,sample-prediction-market-26,YES,0.560,62575.00
2026-08-22T07:45:00Z,0xsample004927,sample-prediction-market-27,YES,0.570,62587.50
2026-08-22T08:00:00Z,0xsample004928,sample-prediction-market-28,YES,0.580,62600.00
2026-08-22T09:15:00Z,0xsample004929,sample-prediction-market-29,YES,0.590,62612.50
2026-08-22T10:30:00Z,0xsample004930,sample-prediction-market-30,YES,0.600,62625.00
2026-08-22T11:45:00Z,0xsample004931,sample-prediction-market-31,YES,0.610,62637.50
2026-08-22T12:00:00Z,0xsample004932,sample-prediction-market-32,YES,0.620,62650.00
2026-08-22T13:15:00Z,0xsample004933,sample-prediction-market-33,YES,0.630,62662.50
2026-08-22T14:30:00Z,0xsample004934,sample-prediction-market-34,YES,0.640,62675.00
2026-08-22T15:45:00Z,0xsample004935,sample-prediction-market-35,YES,0.650,62687.50
2026-08-22T16:00:00Z,0xsample004936,sample-prediction-market-36,YES,0.660,62700.00
2026-08-22T17:15:00Z,0xsample004937,sample-prediction-market-37,YES,0.670,62712.50
2026-08-22T18:30:00Z,0xsample004938,sample-prediction-market-38,YES,0.680,62725.00
2026-08-22T19:45:00Z,0xsample004939,sample-prediction-market-39,YES,0.690,62737.50
2026-08-22T20:00:00Z,0xsample004940,sample-prediction-market-40,YES,0.700,62750.00
2026-08-22T21:15:00Z,0xsample004941,sample-prediction-market-41,YES,0.710,62762.50
2026-08-22T22:30:00Z,0xsample004942,sample-prediction-market-42,YES,0.720,62775.00
2026-08-22T23:45:00Z,0xsample004943,sample-prediction-market-43,YES,0.730,62787.50
2026-08-22T00:00:00Z,0xsample004944,sample-prediction-market-44,YES,0.740,62800.00
2026-08-22T01:15:00Z,0xsample004945,sample-prediction-market-45,YES,0.750,62812.50
2026-08-22T02:30:00Z,0xsample004946,sample-prediction-market-46,YES,0.760,62825.00
2026-08-22T03:45:00Z,0xsample004947,sample-prediction-market-47,YES,0.770,62837.50
2026-08-22T04:00:00Z,0xsample004948,sample-prediction-market-48,YES,0.780,62850.00
2026-08-22T05:15:00Z,0xsample004949,sample-prediction-market-49,YES,0.790,62862.50
2026-08-22T06:30:00Z,0xsample004950,sample-prediction-market-0,YES,0.800,62875.00
2026-08-22T07:45:00Z,0xsample004951,sample-prediction-market-1,YES,0.810,62887.50
2026-08-22T08:00:00Z,0xsample004952,sample-prediction-market-2,YES,0.820,62900.00
2026-08-22T09:15:00Z,0xsample004953,sample-prediction-market-3,YES,0.830,62912.50
2026-08-22T10:30:00Z,0xsample004954,sample-prediction-market-4,YES,0.840,62925.00
2026-08-22T11:45:00Z,0xsample004955,sample-prediction-market-5,YES,0.850,62937.50
2026-08-22T12:00:00Z,0xsample004956,sample-prediction-market-6,YES,0.860,62950.00
2026-08-22T13:15:00Z,0xsample004957,sample-prediction-market-7,YES,0.870,62962.50
2026-08-22T14:30:00Z,0xsample004958,sample-prediction-market-8,YES,0.880,62975.00
2026-08-22T15:45:00Z,0xsample004959,sample-prediction-market-9,YES,0.890,62987.50
2026-08-22T16:00:00Z,0xsample004960,sample-prediction-market-10,YES,0.500,63000.00
2026-08-22T17:15:00Z,0xsample004961,sample-prediction-market-11,YES,0.510,63012.50
2026-08-22T18:30:00Z,0xsample004962,sample-prediction-market-12,YES,0.520,63025.00
2026-08-22T19:45:00Z,0xsample004963,sample-prediction-market-13,YES,0.530,63037.50
2026-08-22T20:00:00Z,0xsample004964,sample-prediction-market-14,YES,0.540,63050.00
2026-08-22T21:15:00Z,0xsample004965,sample-prediction-market-15,YES,0.550,63062.50
2026-08-22T22:30:00Z,0xsample004966,sample-prediction-market-16,YES,0.560,63075.00
2026-08-22T23:45:00Z,0xsample004967,sample-prediction-market-17,YES,0.570,63087.50
2026-08-22T00:00:00Z,0xsample004968,sample-prediction-market-18,YES,0.580,63100.00
2026-08-22T01:15:00Z,0xsample004969,sample-prediction-market-19,YES,0.590,63112.50
2026-08-22T02:30:00Z,0xsample004970,sample-prediction-market-20,YES,0.600,63125.00
2026-08-22T03:45:00Z,0xsample004971,sample-prediction-market-21,YES,0.610,63137.50
2026-08-22T04:00:00Z,0xsample004972,sample-prediction-market-22,YES,0.620,63150.00
2026-08-22T05:15:00Z,0xsample004973,sample-prediction-market-23,YES,0.630,63162.50
2026-08-22T06:30:00Z,0xsample004974,sample-prediction-market-24,YES,0.640,63175.00
2026-08-22T07:45:00Z,0xsample004975,sample-prediction-market-25,YES,0.650,63187.50
2026-08-22T08:00:00Z,0xsample004976,sample-prediction-market-26,YES,0.660,63200.00
2026-08-22T09:15:00Z,0xsample004977,sample-prediction-market-27,YES,0.670,63212.50
2026-08-22T10:30:00Z,0xsample004978,sample-prediction-market-28,YES,0.680,63225.00
2026-08-22T11:45:00Z,0xsample004979,sample-prediction-market-29,YES,0.690,63237.50
2026-08-22T12:00:00Z,0xsample004980,sample-prediction-market-30,YES,0.700,63250.00
2026-08-22T13:15:00Z,0xsample004981,sample-prediction-market-31,YES,0.710,63262.50
2026-08-22T14:30:00Z,0xsample004982,sample-prediction-market-32,YES,0.720,63275.00
2026-08-22T15:45:00Z,0xsample004983,sample-prediction-market-33,YES,0.730,63287.50
2026-08-22T16:00:00Z,0xsample004984,sample-prediction-market-34,YES,0.740,63300.00
2026-08-22T17:15:00Z,0xsample004985,sample-prediction-market-35,YES,0.750,63312.50
2026-08-22T18:30:00Z,0xsample004986,sample-prediction-market-36,YES,0.760,63325.00
2026-08-22T19:45:00Z,0xsample004987,sample-prediction-market-37,YES,0.770,63337.50
2026-08-22T20:00:00Z,0xsample004988,sample-prediction-market-38,YES,0.780,63350.00
2026-08-22T21:15:00Z,0xsample004989,sample-prediction-market-39,YES,0.790,63362.50
2026-08-22T22:30:00Z,0xsample004990,sample-prediction-market-40,YES,0.800,63375.00
2026-08-22T23:45:00Z,0xsample004991,sample-prediction-market-41,YES,0.810,63387.50
2026-08-22T00:00:00Z,0xsample004992,sample-prediction-market-42,YES,0.820,63400.00
2026-08-22T01:15:00Z,0xsample004993,sample-prediction-market-43,YES,0.830,63412.50
2026-08-22T02:30:00Z,0xsample004994,sample-prediction-market-44,YES,0.840,63425.00
2026-08-22T03:45:00Z,0xsample004995,sample-prediction-market-45,YES,0.850,63437.50
2026-08-22T04:00:00Z,0xsample004996,sample-prediction-market-46,YES,0.860,63450.00
2026-08-22T05:15:00Z,0xsample004997,sample-prediction-market-47,YES,0.870,63462.50
2026-08-22T06:30:00Z,0xsample004998,sample-prediction-market-48,YES,0.880,63475.00
2026-08-22T07:45:00Z,0xsample004999,sample-prediction-market-49,YES,0.890,63487.50
